time,ltp,gammaFlip,imbalance,microprice,spread,flow,dS,IV,callSkew,putSkew,netGEX,callGEX,putGEX,I1,I2,I3
1777529215897,23852.9,23800,0.333333333333333,23912.5338541667,3.80078125,0.067034199473,0.565314574033236,17.6327082320399,0.135457400578289,-0.0215803174599918,19445.41885,34404.85555,-14959.4367,0.0290624372953984,0.0226812715946588,-0.0190084901135289
1777529231139,23850.15,23800,0.6,23916.7,1.5,0.0835401070892836,0.810227195166634,17.6327082320399,0.135457400578289,-0.0215803174599918,19445.41885,34404.85555,-14959.4367,0.217459824335465,0.00339948791261549,0.00885996418942894
1777529246808,23849.05,23800,-0.666666666666667,23909,6,0.0476402435775388,0.422767574589514,17.6327082320399,0.135457400578289,-0.0215803174599918,19445.41885,34404.85555,-14959.4367,-0.135935848891525,-0.00406062382999944,0.00462393947549987
1777529262385,23848.85,23800,-0.5,23908.75,3,0.0425037520478826,0.407831942417228,17.1146772862682,0.0910881574219376,-0.0832782196560929,19445.41885,34404.85555,-14959.4367,-0.19114501692465,0.000238822653057473,0.000382613270368662
1777529279247,23850.1,23800,-0.2,23908.259765625,0.400390625,0.040129467557765,0.37265181122736,17.1146772862682,0.0910881574219376,-0.0832782196560929,19445.41885,34404.85555,-14959.4367,-0.0616508041072483,0.0133349960658908,-0.0020554963171628
1777529296133,23841.45,23800,-0.333333333333333,23908.1666666667,0.5,0.024409175590794,0.346932109697476,17.1146772862682,0.0910881574219376,-0.0832782196560929,19445.41885,34404.85555,-14959.4367,-0.0494340586182556,0.00875207790821845,0.00152857211862273
1777529312330,23841.3,23800,-0.333333333333333,23905.1673177083,7.099609375,0.0440890380239188,0.441253279560328,17.1146772862682,0.0910881574219376,-0.0832782196560929,19445.41885,34404.85555,-14959.4367,-0.0910582544403455,0.0111579440213875,0.00613208456434371
1777529328980,23837.1,23800,-0.333333333333333,23902.8997395833,2.69921875,0.0226874631534783,0.280373930941918,16.5966463404966,0.0910616119649719,-0.0875401797383195,19445.41885,34404.85555,-14959.4367,0.025082988445057,0.0139316172215101,-0.00095227490458135
1777529344471,23833.95,23800,0,23900.849609375,11.69921875,-0.00412271025010342,0.207751477917956,16.5966463404966,0.0910616119649719,-0.0875401797383195,19445.41885,34404.85555,-14959.4367,0.112883283192733,0.00962304725830949,-0.00109499545429821
1777529359858,23836.85,23800,0.333333333333333,23901.6002604167,9.900390625,-0.00928550370552778,0.235718561638197,16.5966463404966,0.0910616119649719,-0.0875401797383195,19445.41885,34404.85555,-14959.4367,0.0735973124574703,0.0042741780274185,-0.00295416668242178
1777529376736,23843.1,23800,0.75,23905.2629394531,5.099609375,0.00283620336468629,0.486807627525113,16.6189918806464,0.0906752085725729,-0.0849139250936632,17166.6729,32562.6964,-15396.0235,0.142040515159989,0.0120708455223438,-0.00246219444576161
1777529392796,23846.2,23800,-0.333333333333333,23907.1328125,4.30078125,0.0147182060042971,0.295119808745097,16.6189918806464,0.0906752085725729,-0.0849139250936632,17166.6729,32562.6964,-15396.0235,0.0256945924669333,0.00362009723760875,-0.00301717681833187
1777529408481,23845.7,23800,0.428571428571429,23906.3995535714,6.298828125,-0.00851873529308735,0.316140413309886,16.6189918806464,0.0906752085725729,-0.0849139250936632,17166.6729,32562.6964,-15396.0235,0.0979283907795425,0.012687369938897,-0.00330184650339066
1777529424102,23844.8,23800,-0.5,23905.125,4.5,-0.017700114289511,0.365352238002449,16.6189918806464,0.0906752085725729,-0.0849139250936632,17166.6729,32562.6964,-15396.0235,0.154251903432701,0.0122276932455827,-0.00399445550022106
1777529439904,23836.2,23800,-0.714285714285714,23895.9997209821,6.30078125,-0.024913408708288,0.261991781784546,16.6544926012061,0.0966099311017119,-0.0788648377591869,18161.3094,33381.3168,-15220.0074,0.0681055089475976,-0.000421149642102665,-0.00233683396350349
1777529455625,23836.1,23800,0.75,23900.6003417969,10.400390625,-0.0271734841445447,0.201217245423702,16.6544926012061,0.0966099311017119,-0.0788648377591869,18161.3094,33381.3168,-15220.0074,0.133265900990522,0.00527189869608709,-0.000985056111223614
1777529471276,23839.8,23800,-0.333333333333333,23897.099609375,7.201171875,-0.0287203729197944,0.279225365986842,16.6544926012061,0.0966099311017119,-0.0788648377591869,18161.3094,33381.3168,-15220.0074,0.18830724961961,0.0078654863948298,0.00287090004878595
1777529486809,23840.15,23800,0.333333333333333,23899.5,7.201171875,-0.0280300276912857,0.204057072163899,16.6544926012061,0.0966099311017119,-0.0788648377591869,18161.3094,33381.3168,-15220.0074,0.186844201552245,0.00419693911088192,-0.00168126182590592
1777529502430,23839.45,23800,-0.333333333333333,23897.6334635417,7.900390625,-0.0293580260278555,0.288839077359981,16.6963427090497,0.0933604457629332,-0.0795923429655697,16732.82585,32273.6518,-15540.82595,0.0447806890782762,-0.00593152899085261,0.000641118216303349
1777529518394,23842.55,23800,0,23902.9501953125,5.900390625,-0.0132523537785781,0.473299905503118,16.6963427090497,0.0933604457629332,-0.0795923429655697,16732.82585,32273.6518,-15540.82595,-0.0939473618149128,-0.00108044890632663,0.00165069149102416
1777529533985,23837.9,23800,0,23898.849609375,5.69921875,-0.0258936538614541,0.304428175596024,16.6963427090497,0.0933604457629332,-0.0795923429655697,16732.82585,32273.6518,-15540.82595,0.0258585087796257,0.00846693092144956,0.00365244883764645
1777529550855,23834.55,23800,0,23898.400390625,6.80078125,-0.0778850216335621,0.0986234218273337,16.6963427090497,0.0933604457629332,-0.0795923429655697,16732.82585,32273.6518,-15540.82595,0.0227396752706201,0.000708261053273099,0.00340216713115673
1777529567893,23838.35,23800,0.538461538461538,23900.9379507212,9.798828125,-0.0967829900645405,0.381120794165864,16.7207538416143,0.0927348087412646,-0.08155682328119,16594.3219,32159.8355,-15565.5136,0.0359563674386644,-0.00411902225067868,0.00424132565022149
1777529583423,23843.95,23800,-0.5,23906.3500976563,3.798828125,-0.0898010359060542,0.772279598179756,16.7207538416143,0.0927348087412646,-0.08155682328119,16594.3219,32159.8355,-15565.5136,0.0752262981915385,0.000755711645185706,0.000776411472423582
1777529599210,23845.65,23800,0,23907.2001953125,3.599609375,-0.0945025716979536,0.667247461457411,16.7207538416143,0.0927348087412646,-0.08155682328119,16594.3219,32159.8355,-15565.5136,0.104251586331458,0.00548537250111196,0.00338336353441011
1777529614885,23848.6,23800,-0.5,23903.25,9,-0.0320779054305283,0.684716464108668,16.7207538416143,0.0927348087412646,-0.08155682328119,16594.3219,32159.8355,-15565.5136,0.189581198977273,0.00350316979832675,0.00349827836651366
1777529630925,23845.9,23800,-0.333333333333333,23907.3333333333,4,-0.0230845357803414,0.687955299169768,16.7264575365014,0.0917394515216505,-0.0780544554990531,17443.73345,32831.83345,-15388.1,0.0259485847680003,-0.00792818543339075,0.00811065357508247
1777529646687,23839.45,23800,-0.333333333333333,23901.1334635417,6.400390625,-0.0676185754361792,0.500686457676013,16.7264575365014,0.0917394515216505,-0.0780544554990531,17443.73345,32831.83345,-15388.1,-0.064679615028846,-0.0103985280752271,0.0101398239489029
1777529662464,23845.9,23800,0.333333333333333,23903.6002604167,5.400390625,-0.0628339130385561,0.631931392790678,16.7264575365014,0.0917394515216505,-0.0780544554990531,17443.73345,32831.83345,-15388.1,-0.0205554244609653,0.00330043583975867,0.00986860431087922
1777529677754,23841.55,23800,-0.333333333333333,23901.6666666667,5,0.0210631446075334,0.659171713180731,16.7277092879635,0.0926823683215886,-0.0817377244177653,16621.00115,32249.4484,-15628.44725,0.0664664592566922,0.000103503883230691,0.00858604262144229
1777529693303,23838,23800,0,23901.5,7,0.0201057289435546,0.606488499792344,16.7287822177881,0.0926823683215886,-0.0817377244177653,16621.00115,32249.4484,-15628.44725,0.0583543874729748,-0.00389434572158412,0.00538062836733444
1777529708909,23835.3,23800,-0.875,23895.3062744141,4.900390625,0.0184793896588222,0.888532685654357,16.7287822177881,0.0926823683215886,-0.0817377244177653,16621.00115,32249.4484,-15628.44725,0.0161440847357965,-0.012784237883678,0.0072404884732539
1777529724772,23833.4,23800,-0.333333333333333,23895.3333333333,6.701171875,0.0122016683983494,0.76094014814382,16.7287822177881,0.0926823683215886,-0.0817377244177653,16621.00115,32249.4484,-15628.44725,-0.168567606602714,-0.00652081098683642,0.00775386958448062
1777529741325,23834.25,23800,0,23896.900390625,5.80078125,0.0134147897119115,0.469942704721534,16.7466395286666,0.0921719938338805,-0.0790576644929925,16104.71005,31860.8173,-15756.10725,0.0014495900655134,0.00033392700733422,0.00544320446591567
1777529756906,23835.6,23800,-0.875,23891.2437744141,3.900390625,0.00773090261630197,0.419494476249895,16.7466395286666,0.0921719938338805,-0.0790576644929925,16104.71005,31860.8173,-15756.10725,-0.141122779040569,-0.0112443020944082,0.00762296598956889
1777529774037,23837.85,23800,0.777777777777778,23898.8773871528,6.5,0.0117082107518249,0.855521329744597,16.7466395286666,0.0921719938338805,-0.0790576644929925,16104.71005,31860.8173,-15756.10725,-0.181518851637771,-0.00873093896004646,0.00529314827564442
1777529789602,23838.65,23800,-0.172413793103448,23896.9693561422,5,0.00846898433499731,0.830700129364548,16.7466395286666,0.0921719938338805,-0.0790576644929925,16104.71005,31860.8173,-15756.10725,-0.141830144430542,-0.00714116912641075,0.00295996543368868
1777529805462,23841.95,23800,0,23901.9501953125,4.099609375,0.0139985917312696,0.97050011084888,16.7498119705967,0.0911778984428129,-0.0835670236834877,16326.4777,32036.3043,-15709.8266,-0.133627340900596,-0.0103458720890815,0.0011032144149646
1777529821471,23843,23800,-0.333333333333333,23898.5,10.5,0.0171210483344343,1.04450993529228,16.7498119705967,0.0911778984428129,-0.0835670236834877,16326.4777,32036.3043,-15709.8266,-0.139093253975543,-0.0115441621204092,-0.00124860115223224
1777529837140,23841,23800,-0.733333333333333,23895.6533854167,4.900390625,0.0141686978313875,0.900364088467112,16.7498119705967,0.0911778984428129,-0.0835670236834877,16326.4777,32036.3043,-15709.8266,-0.202930647076224,-0.0146978558354369,0.000416025648395561
1777529852353,23840.5,23800,-0.333333333333333,23896.3333333333,4,0.0147730970516348,1.01548163004565,16.7498119705967,0.0911778984428129,-0.0835670236834877,16326.4777,32036.3043,-15709.8266,-0.152496426217677,-0.00498838463700243,-0.000352757092588681
1777529868245,23840.2,23800,0.777777777777778,23907.4450954861,12.201171875,0.0140098140095769,1.02314302331036,16.7479579964149,0.0937963555213857,-0.082002938985846,16758.27595,32443.5813,-15685.30535,-0.186077336549908,-0.00600134690965431,0.000544429815582698
1777529884147,23837.35,23800,0.333333333333333,23901.93359375,10.400390625,0.0175574174876013,0.947325670075993,16.7479579964149,0.0937963555213857,-0.082002938985846,16758.27595,32443.5813,-15685.30535,0.0206966133674431,-0.000120172610194563,-0.000341700088581943
1777529900967,23838.4,23800,0,23902.400390625,4.80078125,0.0118793897279259,0.759858691736022,16.7479579964149,0.0937963555213857,-0.082002938985846,16758.27595,32443.5813,-15685.30535,0.0416099420856312,-0.0110760679316904,-0.00144516829834871
1777529917617,23838.05,23800,-0.333333333333333,23898.833984375,1.599609375,0.0119162816818342,0.809060224301023,16.7479579964149,0.0937963555213857,-0.082002938985846,16758.27595,32443.5813,-15685.30535,-0.153193662583828,-0.0119077766361261,-0.000451524664174606
1777529933545,23840.85,23800,0.8,23908.1,9,0.012840407171092,0.927285332612008,16.7417979944583,0.0893984682137851,-0.0858936399805723,15931.5793,31733.9516,-15802.3723,0.0976939957596909,0.00143546866001923,-0.00156368369387923
1777529949298,23838.9,23800,0.692307692307692,23904.2307692308,5,0.0107339670304663,0.700258066965287,16.7417979944583,0.0893984682137851,-0.0858936399805723,15931.5793,31733.9516,-15802.3723,0.179170707566498,-0.000498665505428754,-0.00122368175400103
1777529964906,23841.45,23800,0,23904.5,5,0.00979691003993491,0.779846804916396,16.7417979944583,0.0893984682137851,-0.0858936399805723,15931.5793,31733.9516,-15802.3723,0.202061259602222,0.00125299346402883,0.00131280601689244
1777529980675,23842.65,23800,0.6,23908.2,4,-0.000155882109185045,0.886524843143088,16.7417979944583,0.0893984682137851,-0.0858936399805723,15931.5793,31733.9516,-15802.3723,0.192874557240835,0.0119809420943583,-0.00021148706846103
1777529996604,23848.55,23800,-0.333333333333333,23906.3333333333,4,-0.000430542705928649,0.847161784948424,16.7316533589994,0.0904276143727193,-0.0798509696712837,16171.7166,31930.4245,-15758.7079,0.18511337539534,0.0146758092738598,0.00276015445788103
1777530013480,23844,23800,0.333333333333333,23907.6002604167,3.900390625,-0.00452142216646489,0.78653924164282,16.7316533589994,0.0904276143727193,-0.0798509696712837,16171.7166,31930.4245,-15758.7079,0.273277179096746,0.0169585101184405,0.000563554807398154
1777530029060,23847.45,23800,-0.428571428571429,23908.5714285714,2,0.00650314803931356,0.982113255779559,16.7316533589994,0.0904276143727193,-0.0798509696712837,16171.7166,31930.4245,-15758.7079,0.330430470558282,0.0190355879322801,-0.000465943613132927
1777530044817,23846.35,23800,0,23912.400390625,2.80078125,0.0136765236994655,0.556314135798375,16.7316533589994,0.0888496699061814,-0.0818880882223588,16540.7658,32132.5173,-15591.7515,0.220813435989662,0.0142745296933754,0.00316613313798656
1777530060596,23843,23800,-0.818181818181818,23906.3545809659,3.900390625,0.0504593649376596,0.703516050030687,16.7316533589994,0.0888496699061814,-0.0818880882223588,16540.7658,32132.5173,-15591.7515,0.156247629547542,0.0178453529248385,0.00163079633486446
1777530076397,23840.1,23800,0,23907.3994140625,3.599609375,0.054081265306343,0.697940340662809,16.7316533589994,0.0888496699061814,-0.0818880882223588,16540.7658,32132.5173,-15591.7515,0.177611957073286,0.0247751024786852,0.00103692159594502
1777530093325,23839.65,23800,-0.333333333333333,23902.3001302083,3.900390625,0.020949361512969,0.487344576116376,16.7316533589994,0.0888496699061814,-0.0818880882223588,16540.7658,32132.5173,-15591.7515,0.28877916666877,0.021817750341026,0.00141520663898459
1777530108880,23845.1,23800,0,23904,6,0.0114834582794425,0.504934555227051,16.7210152906444,0.0895511721512512,-0.0782326457087136,16568.5351,32170.76135,-15602.22625,0.221431457464695,0.0150736662999821,0.00117726566093399
1777530124517,23841.2,23800,-0.5,23906.25,5,0.014773919887409,0.791822875649446,16.7210152906444,0.0895511721512512,-0.0782326457087136,16568.5351,32170.76135,-15602.22625,0.0392793196927996,0.00905570688481468,0.00196998406813575
1777530140167,23840.15,23800,0.5,23903.75,5,0.0152982354353548,0.783020932927791,16.7210152906444,0.0895511721512512,-0.0782326457087136,16568.5351,32170.76135,-15602.22625,0.00649248831902184,0.0162733624505207,0.00104190038398041
1777530156053,23836.05,23800,-0.75,23891.4875488281,3.900390625,0.014866947575844,0.503252027836779,16.7210152906444,0.0895511721512512,-0.0782326457087136,16568.5351,32170.76135,-15602.22625,-0.0297160262080546,0.0059819674391543,0.00169943100468647
1777530629539,23843,23850,-0.833333333333333,23900.8333333333,10,0.0202830910167385,0.872347285656865,16.6905565201936,0.0835474203570717,-0.0775524856125945,15261.4007,31110.52295,-15849.12225,0.06154329272849,0.0125833004849324,0.00828261576682981
1777530645167,23844.8,23850,-0.6,23902,10,0.0167608886987553,0.602898760639717,16.6905565201936,0.0835474203570717,-0.0775524856125945,15261.4007,31110.52295,-15849.12225,-0.0815418318346469,0.00717424709954036,0.00509328580602217
1777530660969,23837.95,23850,0.777777777777778,23904.4444444444,5,0.00536728981130204,0.609044759852951,16.6905565201936,0.0835474203570717,-0.0775524856125945,15261.4007,31110.52295,-15849.12225,0.0678274558012249,0.0265071516206165,0.00320243795365175
1777530676850,23836.5,23850,0,23902.900390625,3.80078125,-0.0125056162882957,0.602512214342655,16.6864031991644,0.0835209645558187,-0.0819619040174979,15261.4007,31110.52295,-15849.12225,0.0925630001593619,0.00265311862613423,0.00288071539433647
1777530692444,23838.5,23850,0.666666666666667,23905.4166666667,6.5,-0.0282284644440423,0.633470526593389,16.6864031991644,0.0835209645558187,-0.0819619040174979,15261.4007,31110.52295,-15849.12225,0.0589064414546548,-0.00292806574981068,0.00496156011713317
1777530708261,23834.15,23850,0.6,23905.13984375,2.298828125,-0.0716668205490766,0.545533818567458,16.6864031991644,0.0835209645558187,-0.0819619040174979,15261.4007,31110.52295,-15849.12225,-0.0275051671521719,-0.00397520251666054,0.00512457586110042
1777530723839,23831.85,23850,0.333333333333333,23900.6666666667,8.5,-0.0743261299657961,0.365181407007356,16.6864031991644,0.0835209645558187,-0.0819619040174979,15261.4007,31110.52295,-15849.12225,-0.0535958628935512,-0.00223154092026649,0.00630335780730318
1777530739456,23834.4,23850,0.5,23902.1752929688,2.900390625,-0.0615030122718217,0.343413285373221,16.6829420983067,0.0835153580284008,-0.0819564021454285,15261.4007,31110.52295,-15849.12225,-0.00353432947092994,-0.00661460186950358,0.00841563372561848
1777530755217,23837.45,23850,0,23906.2001953125,2.798828125,-0.0323893272531619,0.229422085877637,16.6829420983067,0.0835153580284008,-0.0819564021454285,15261.4007,31110.52295,-15849.12225,-0.0319539208623753,-0.0104160390185075,0.00400473911838634
1777530770771,23838.3,23850,0,23908.6005859375,4.599609375,-0.0129300533585521,0.136786164924399,16.6829420983067,0.0835153580284008,-0.0819564021454285,15261.4007,31110.52295,-15849.12225,-0.128214409308337,-0.0192033182990243,0.0083050114959877
1777530787644,23837.5,23850,0,23909.25,1.5,-0.0866750989743137,0.0938266444462935,16.6829420983067,0.0835153580284008,-0.0819564021454285,15261.4007,31110.52295,-15849.12225,-0.122496599037416,-0.0102033798716216,0.00830792624510059
1777530803459,23837.25,23850,0,23909.5,2,-0.0190228921043953,0.0673607336338226,16.6800134745041,0.0835309511827817,-0.0819717042271214,15261.4007,31110.52295,-15849.12225,-0.0851290689994576,-0.00810647507803045,0.00964920895970511
1777530819126,23839.2,23850,0,23910.4501953125,3.900390625,-0.129303394678441,0.104386571354521,16.6800134745041,0.0835309511827817,-0.0819717042271214,15261.4007,31110.52295,-15849.12225,-0.0278191808862707,-0.00448777272875255,0.00983797075493039
1777530834676,23840.75,23850,0.666666666666667,23914.6500651042,8.099609375,-0.133220032239027,0.0694866640704657,16.6800134745041,0.0835309511827817,-0.0819717042271214,15261.4007,31110.52295,-15849.12225,-0.0472808989915168,-0.0153632707660087,0.0127200449803437
1777530850527,23841.5,23850,0,23912.1494140625,7.099609375,-0.0349006486509519,0.271628764440108,16.6800134745041,0.0835309511827817,-0.0819717042271214,15261.4007,31110.52295,-15849.12225,-0.0745489504209231,-9.91657379854523E-05,0.00268308052592296
1777530866220,23845.35,23850,0,23923.849609375,4.30078125,-0.0142443568564474,0.103676743633296,16.6775032255304,0.0835425146455811,-0.0819830518382644,15261.4007,31110.52295,-15849.12225,-0.118885936185349,-0.00256254064046506,0.00456500580797659
1777530883085,23846.65,23850,0,23922,4,0.00161736591355488,0.156866331711125,16.6775032255304,0.0835425146455811,-0.0819830518382644,15261.4007,31110.52295,-15849.12225,-0.0849978777889445,0.00178362909909886,0.0037632857044429
1777530899092,23844.75,23850,0.6,23925.2,6.5,0.0186571021551635,0.491895235718544,16.6775032255304,0.0835425146455811,-0.0819830518382644,15261.4007,31110.52295,-15849.12225,0.00774730949921304,0.00885951679894976,0.0054418727816948
1777530916011,23843.6,23850,0,23921.400390625,7.80078125,0.027955365838864,0.392908854234005,16.6753276764199,0.0835539029043986,-0.0775585030055451,15261.4007,31110.52295,-15849.12225,-0.137801445940413,0.00138513876923644,0.00515194818262131
1777530932986,23846,23850,-0.111111111111111,23920.888671875,7.400390625,0.0112436067528756,0.552951828657547,16.6753276764199,0.0835539029043986,-0.0775585030055451,15261.4007,31110.52295,-15849.12225,-0.0273545642801388,0.00807973154109703,-0.00136989210832844
1777530948786,23846.2,23850,-0.666666666666667,23920.8333333333,5,-0.00507212405802706,0.554278376121544,16.6753276764199,0.0835539029043986,-0.0775585030055451,15261.4007,31110.52295,-15849.12225,-0.0305848785179398,-0.000941172624831939,-0.00221286386928389
1777530964633,23844.9,23850,0.75,23924.2878417969,4.900390625,0.0117436028402859,0.585040256690782,16.6753276764199,0.0835539029043986,-0.0775585030055451,15261.4007,31110.52295,-15849.12225,-0.0523216388806801,0.00183227665478104,-0.00373265156800874
1777530980439,23850.75,23850,-0.909090909090909,23925.0867365057,4.099609375,0.0177713051344282,0.852884730697855,16.6734240709482,0.0835689704468341,-0.0775724893783494,15261.4007,31110.52295,-15849.12225,-0.00678078167832014,-0.00150271827108962,-0.00867649660577773
1777530997395,23855.1,23850,-0.290322580645161,23929.8033644153,7.900390625,0.044884107293573,0.779448354029076,16.6734240709482,0.0835689704468341,-0.0775724893783494,15261.4007,31110.52295,-15849.12225,-0.130297222158811,-0.00893675385210128,-0.0111229465769273
1777531013055,23852.4,23850,0.5,23931.0244140625,2.69921875,0.0441992521299001,0.662781429469842,16.6734240709482,0.0835689704468341,-0.0775724893783494,15261.4007,31110.52295,-15849.12225,-0.140512196500174,-0.000973551245059321,-0.00250043147881911
1777531028901,23857.2,23850,0.5,23933.8999023438,4.400390625,0.0355665644543653,0.756812035045859,16.6734240709482,0.0835689704468341,-0.0775724893783494,15261.4007,31110.52295,-15849.12225,-0.10155582553625,0.00179763402480182,-0.00810692413372742
1777531045722,23860,23850,0.666666666666667,23936.3333333333,4,0.0333123235518879,0.806732347648627,16.6717444190613,0.0900869403170292,-0.0734008410325137,15261.4007,31110.52295,-15849.12225,-0.05511184858568,0.00124025323291899,-0.00741142367907688
1777531062513,23859.9,23850,0.5,23938.75,5,0.0425562936805195,0.796326575852271,16.6717444190613,0.0900869403170292,-0.0734008410325137,15261.4007,31110.52295,-15849.12225,-0.0707608177331337,0.00268001110707492,-0.0019169059098229
1777531077992,23858.05,23850,0.333333333333333,23938.3333333333,5,0.0316062981246288,0.774366851318341,16.6717444190613,0.0900869403170292,-0.0734008410325137,15261.4007,31110.52295,-15849.12225,-0.0136065468036703,0.00667598616373055,-0.00421436344085396
1777531093847,23850.65,23850,0.5,23931.4497070313,8.599609375,0.0275491584680445,0.610028443888498,16.6717444190613,0.0900869403170292,-0.0734008410325137,15261.4007,31110.52295,-15849.12225,-0.0108263019944203,0.00466336750064223,-0.000987032459525428
1777531109578,23852.15,23850,0.333333333333333,23928,10.201171875,0.0351238544371173,0.530904319115102,16.670251395162,0.0865777739044889,-0.0733733079686455,15261.4007,31110.52295,-15849.12225,0.0255183636506615,0.00526954536777588,0.000511057060839146
1777531125160,23854,23850,-0.333333333333333,23925.4661458333,5.30078125,0.0467547519830085,0.443961422443941,16.670251395162,0.0865777739044889,-0.0733733079686455,15261.4007,31110.52295,-15849.12225,-0.0855612885323061,0.000509985433488969,-0.00272758776571935
1777531141152,23850.05,23850,-0.777777777777778,23925.9889322917,4.400390625,0.0441130661706307,0.414398777975313,16.670251395162,0.0865777739044889,-0.0733733079686455,15261.4007,31110.52295,-15849.12225,-0.147879756671425,-0.00167999295339851,0.000507100999270442
1777531157145,23863.45,23850,-0.75,23933.2253417969,6.599609375,0.0427963574723983,0.410711092904677,16.670251395162,0.0865777739044889,-0.0733733079686455,15261.4007,31110.52295,-15849.12225,-0.147045309348412,0.00591865106256729,0.00324072494837287
1777531172999,23876.8,23850,-0.846153846153846,23940.3846153846,5,0.0354825356466743,0.301074456107166,16.668915531673,0.0901001551096465,-0.0734116081524621,15261.4007,31110.52295,-15849.12225,-0.144632714902274,0.00243960498717894,-0.00120079676717266
1777531188816,23873.55,23850,0.6,23938.6,2,0.0438209242785692,0.330004167197008,16.668915531673,0.0901001551096465,-0.0734116081524621,15261.4007,31110.52295,-15849.12225,-0.0383709559574937,0.00754744821102272,0.00163670154556032
1777531205776,23867.4,23850,0.555555555555556,23943.1447482639,7.900390625,0.0436565164216936,0.221035114686768,16.668915531673,0.0901001551096465,-0.0734116081524621,15261.4007,31110.52295,-15849.12225,-0.0590711255459385,0.0063729026060058,-0.0024472682362227
1777531221543,23865.65,23850,-0.714285714285714,23936.2142857143,8.5,0.0111655514877882,0.189144166616013,16.667713254533,0.0901073288542102,-0.0734174531604341,15261.4007,31110.52295,-15849.12225,-0.126341367385788,0.00325684565210639,5.03801932791845E-05
1777531237319,23867.1,23850,0.5,23936.7250976563,6.701171875,-0.0104558618057082,0.0835254782402596,16.667713254533,0.0901073288542102,-0.0734174531604341,15261.4007,31110.52295,-15849.12225,-0.0490541633837734,0.00331553055428221,-0.00239294035893914
1777531253483,23872.25,23850,0,23939,8,0.0205220285275383,0.0889120115016718,16.667713254533,0.0901073288542102,-0.0734174531604341,15261.4007,31110.52295,-15849.12225,-0.141680809191355,-0.00116917338150013,-0.00275264861398051
1777531268520,23871.65,23850,0,23940.5,3,0.0297072663196059,0.24255467249319,16.667713254533,0.0901073288542102,-0.0734174531604341,15261.4007,31110.52295,-15849.12225,-0.13718544420706,-0.00292102602770373,-0.00321379355219093
1777531284415,23870.75,23850,0.692307692307692,23941.2001201923,5.19921875,0.0419820024608948,0.446120877453458,16.6666254799778,0.090130737915418,-0.0734365263443428,15261.4007,31110.52295,-15849.12225,-0.0584097019257034,0.00106436536248212,6.09259902969617E-05
1777531300686,23869.45,23850,-0.238095238095238,23940.4188058036,7.400390625,0.0502506566526126,0.505508610099476,16.6666254799778,0.090130737915418,-0.0734365263443428,15261.4007,31110.52295,-15849.12225,0.0665732722316465,0.00457096449170972,0.00248010971140094
1777531316832,23871.55,23850,-0.833333333333333,23941.3333333333,4,0.0430542615653874,0.352937745945354,16.6666254799778,0.090130737915418,-0.0734365263443428,15261.4007,31110.52295,-15849.12225,-0.0501109277691091,0.00312778910810246,0.00178300777577861
1777531333664,23871.6,23850,-0.75,23937.2006835938,3.19921875,0.0161174455232249,0.267657684127071,16.6666254799778,0.090130737915418,-0.0734365263443428,15261.4007,31110.52295,-15849.12225,-0.047754470910057,0.00934047658821732,8.63305502430882E-05
1777531348706,23868.1,23850,0,23939.4501953125,9.099609375,-0.0016309615970725,0.219285981820218,16.6656365940184,0.0901175231228007,-0.0734257592243943,15261.4007,31110.52295,-15849.12225,-0.0308182851661401,0.00749169813910224,-0.00193735561455312
1777531365557,23864.75,23850,0.176470588235294,23939.1176470588,7,-6.64654507346413E-05,0.384260547264757,16.6656365940184,0.0901175231228007,-0.0734257592243943,15261.4007,31110.52295,-15849.12225,-0.0272087891662414,0.00860199467636178,0.00276800707651404
1777531382425,23864.65,23850,-0.2,23937.8,7,0.0042268894215691,0.221930704613895,16.6656365940184,0.0901175231228007,-0.0734257592243943,15261.4007,31110.52295,-15849.12225,-0.0374430431343252,0.00571347740671446,0.000766925400620801
1777531398173,23865.2,23850,0.5,23938.75,5,-0.0105043522020752,0.204626255455455,16.6656365940184,0.0901175231228007,-0.0734257592243943,15261.4007,31110.52295,-15849.12225,-0.0320038825674862,0.0025574391801622,-0.000403573935039585
1777531413874,23867.65,23850,0.5,23939.5,2,-0.00408030513886172,0.233064515338645,16.6647336981425,0.090123752953606,-0.07343083515237,15261.4007,31110.52295,-15849.12225,-0.0916756934535143,0.00481145676248255,-0.00325028642511192
1777531429666,23872.75,23850,0.75,23940.875,1,-0.00216057483250238,0.265152416289723,16.6647336981425,0.090123752953606,-0.07343083515237,15261.4007,31110.52295,-15849.12225,-0.249778118197159,0.0011742376143543,-0.00630135728945864
1777531445779,23875.75,23850,0.4,23943.5,5,0.0116173748220881,0.300187420268349,16.6647336981425,0.090123752953606,-0.07343083515237,15261.4007,31110.52295,-15849.12225,-0.219610446179106,0.0141332864877957,-0.00460841639508899
1777531461214,23877.85,23850,-0.944444444444444,23944.3047960069,3.80078125,0.0258252832687673,0.17521024218645,16.6647336981425,0.090123752953606,-0.07343083515237,15261.4007,31110.52295,-15849.12225,-0.269854771031361,0.0082553998920128,-0.00590143720739666
1777531477511,23878.35,23850,0,23945.69921875,4,0.0240338197139457,0.202303198125945,16.6670994253866,0.0901545245421292,-0.07345590716025,15261.4007,31110.52295,-15849.12225,-0.232423847545809,0.00728809674308627,0.000141394424619412
1777531493291,23891.9,23850,0.333333333333333,23961.900390625,1.5,0.0494221301856904,0.305257746267866,16.6670994253866,0.0901545245421292,-0.07345590716025,15261.4007,31110.52295,-15849.12225,-0.0897320195887313,0.010481765019714,-0.00468536467027119
1777531508320,23902.2,23850,-0.894736842105263,23971.2105263158,4,0.0573590589929891,0.578653434934687,16.6670994253866,0.0901545245421292,-0.07345590716025,15261.4007,31110.52295,-15849.12225,-0.0260340856370499,0.0072564817198048,-0.00288555258558379
1777531524090,23905.2,23850,-0.92,23974.72,5.5,0.0486346231620822,0.713989927550159,16.6670994253866,0.0901545245421292,-0.07345590716025,15261.4007,31110.52295,-15849.12225,-0.0224242909938889,0.00520354759834351,-0.0025479661343587
1777531541386,23893.8,23850,0.777777777777778,23968.7228732639,9.701171875,0.0659390303833266,0.409410706013286,16.6692758944512,0.0938815546274439,-0.065415836045605,15261.4007,31110.52295,-15849.12225,-0.0442661089345002,0.00556034155736778,0.0020029094568544
1777531556808,23895.4,23850,-0.529411764705882,23965.1817555147,6.30078125,0.0926780169396567,0.410758788243881,16.6692758944512,0.0938815546274439,-0.065415836045605,15261.4007,31110.52295,-15849.12225,-0.0767622695988598,-0.00135811962120999,0.00525346301526129
1777531573349,23892.15,23850,0.333333333333333,23963.3333333333,5,0.102293447521574,0.29939815609614,16.6692758944512,0.0938815546274439,-0.065415836045605,15261.4007,31110.52295,-15849.12225,-0.051236275867387,0.00370216568971167,0.00218097147318774
1777531589873,23895.15,23850,0.636363636363636,23968.1365411932,9.701171875,0.119273632882142,0.428198313789496,16.6712849428185,0.0902168228501823,-0.0735066664400069,15261.4007,31110.52295,-15849.12225,0.0410441358748268,0.00618145570641683,0.00370609694842946
1777531605124,23889.5,23850,0.333333333333333,23957.966796875,5.80078125,0.122821212918957,0.299698425615505,16.6712849428185,0.0902168228501823,-0.0735066664400069,15261.4007,31110.52295,-15849.12225,0.10755607225328,0.00673309793218787,0.00788165421753093
1777531622186,23894.35,23850,0.75,23959.2875976563,5.69921875,0.13195002565729,0.287569491337085,16.6712849428185,0.0902168228501823,-0.0735066664400069,15261.4007,31110.52295,-15849.12225,0.152851487413378,0.00205110018341222,0.00652345431979569
1777531639312,23892.35,23850,0.6,23963.8,6,0.166186428694085,0.29110940258218,16.6712849428185,0.0902168228501823,-0.0735066664400069,15261.4007,31110.52295,-15849.12225,0.0245146575003354,-0.00274255874797794,0.0108608163308442
1777531655406,23890.7,23850,-0.6,23957.8,9,0.164853092088368,0.3188739370859,16.6731451727882,0.0902160677191756,-0.0735060511760098,15261.4007,31110.52295,-15849.12225,0.0625867818038339,-0.00109552348847313,0.00563413726444946
1777531671240,23890.65,23850,0,23958.25,9.30078125,0.120831147289156,0.333919442059427,16.6731451727882,0.0902160677191756,-0.0735060511760098,15261.4007,31110.52295,-15849.12225,0.0684660432256504,-0.000105476206579519,0.00601882578840574
1777531687056,23890.15,23850,0,23956,8,0.0788727844224324,0.0142504828009541,16.6731451727882,0.0902160677191756,-0.0735060511760098,15261.4007,31110.52295,-15849.12225,0.105189733819986,0.00379212124486919,0.0106357205249118
1777531702872,23891.05,23850,0,23957.599609375,6.80078125,0.043829208735318,-0.0417115808810757,16.6731451727882,0.0902160677191756,-0.0735060511760098,15261.4007,31110.52295,-15849.12225,0.0846707295854424,0.00146966213187585,0.00568675667396068
1777531719916,23891.1,23850,0,23957,4,0.0990356760595075,0.0412780885879712,16.6748725291887,0.0902085164091085,-0.0734998985360393,15261.4007,31110.52295,-15849.12225,-0.0477793404821132,-0.00597938354841764,0.000600708616158876
1777531735844,23890,23850,0,23955.0498046875,6.900390625,0.0720652866212153,0.105114137107021,16.6748725291887,0.0902085164091085,-0.0734998985360393,15261.4007,31110.52295,-15849.12225,-0.123043484815917,-0.00131502617970042,0.0010206678736851
1777531751638,23893.75,23850,-0.714285714285714,23957.4285714286,3,0.0282117809846806,0.15681259764615,16.6748725291887,0.0902085164091085,-0.0734998985360393,15261.4007,31110.52295,-15849.12225,-0.219796672228981,-0.00332272681801212,0.0028286817427853
1777531767710,23892.45,23850,0,23956.94921875,2.5,0.0113775788968355,-0.0245996905713042,16.6748725291887,0.0902085164091085,-0.0734998985360393,15261.4007,31110.52295,-15849.12225,-0.246099225890737,0.00241194388813053,0.00850359994932549
1777531783462,23893.95,23850,-0.333333333333333,23958.4661458333,8.30078125,0.0404719100848374,0.142114027773707,16.6764807575615,0.0902096491056186,-0.0735008214320349,15261.4007,31110.52295,-15849.12225,-0.209721555315517,0.006656696860163,0.00610635686802604
1777531799092,23886.5,23850,0,23949.5,5,-0.00856512370597462,0.106469602210148,16.6764807575615,0.0902096491056186,-0.0735008214320349,15261.4007,31110.52295,-15849.12225,-0.243774971093452,0.00648792292457406,0.0063820290757848
1777531816028,23881.25,23850,0.666666666666667,23956.5836588542,7.900390625,-0.0175686406335973,-0.00475880386094572,16.6764807575615,0.0902096491056186,-0.0735008214320349,15261.4007,31110.52295,-15849.12225,-0.230581460029499,0.00247999627219876,0.00451875020078199
1777531832961,23879.6,23850,-0.714285714285714,23943.1428571429,8,-0.020745719910146,-0.167490558014047,16.6779817707095,0.0901620758521962,-0.0734620598002205,15261.4007,31110.52295,-15849.12225,-0.106192376614721,0.00990304130524464,0.00441945192797619
1777531848639,23879.55,23850,-0.888888888888889,23942.4444444444,8,-0.0346866297793321,-0.176638256418512,16.6779817707095,0.0901620758521962,-0.0734620598002205,15261.4007,31110.52295,-15849.12225,-0.159854940634739,0.00205210493403133,0.00250546993745234
1777531863655,23878.1,23850,-0.888888888888889,23942.6325954861,7.80078125,0.009247787669303,-0.174937521507367,16.6779817707095,0.0901620758521962,-0.0734620598002205,15261.4007,31110.52295,-15849.12225,-0.223654079253751,-0.0040353603212043,0.000780680896919061
1777531878979,23876.25,23850,-0.214285714285714,23944.5961914063,8.900390625,0.0149228287683346,-0.148202040337212,16.6779817707095,0.0901620758521962,-0.0734620598002205,15261.4007,31110.52295,-15849.12225,-0.164787510960335,0.00176019485657929,0.00436598859554672
1777531896273,23891.65,23850,0.0606060606060606,23956.6844815341,2.80078125,0.0266846872899361,-0.0780433513318633,16.6793859442996,0.0901860512616591,-0.073481594432127,15261.4007,31110.52295,-15849.12225,-0.0935230318585193,0.00384438506405039,0.00896354257850048
1777531912378,23898.15,23850,-0.882352941176471,23961.7996323529,3.400390625,0.0478800825383235,0.151150752103277,16.6793859442996,0.0901860512616591,-0.073481594432127,15261.4007,31110.52295,-15849.12225,0.00952582727320923,0.00278603832134933,0.00970103215394246
1777531927951,23892.25,23850,0.0769230769230769,23963.6613581731,2.900390625,0.0594585559680923,0.256889179098383,16.6793859442996,0.0901860512616591,-0.073481594432127,15261.4007,31110.52295,-15849.12225,0.0675407899901011,0.0101801478791543,0.00501582683468866
1777531943815,23895.85,23850,0.933333333333333,23964.7107421875,2.701171875,0.0541051741023397,0.519594144096141,16.6793859442996,0.0901860512616591,-0.073481594432127,15261.4007,31110.52295,-15849.12225,0.0879616961728288,0.00570319489044658,0.00352076196958054
1777531960411,23897.8,23850,0.904761904761905,23967.7622767857,2.900390625,0.0286266659210564,0.645600867278281,16.6807023570402,0.0902198433742091,-0.0694071925409216,15261.4007,31110.52295,-15849.12225,0.262894655297283,0.00750325677757573,0.00584845805190426
1777531976164,23903.1,23850,-0.714285714285714,23974.1428571429,1,0.064394004700021,0.686227007595624,16.6807023570402,0.0902198433742091,-0.0694071925409216,15261.4007,31110.52295,-15849.12225,0.160775470443562,-0.000640589462597018,0.00326908094775002
1777531991871,23902.35,23850,0.642857142857143,23978.4643554688,8.599609375,0.0676216203270742,0.722058509291541,16.6807023570402,0.0902198433742091,-0.0694071925409216,15261.4007,31110.52295,-15849.12225,0.0903093262755392,-0.00274483993787094,0.00529021089413793
1777532008162,23902.2,23850,-0.0666666666666667,23977.8200520833,12.8984375,0.111671771159115,0.986497894155375,16.6807023570402,0.0902198433742091,-0.0694071925409216,15261.4007,31110.52295,-15849.12225,0.20312597187208,0.00404543206767723,0.00443636559605727
1777532024141,23908.35,23850,0.91304347826087,23982.8695652174,3,0.160367168114426,1.04113723472496,16.6819389871906,0.0938770380039232,-0.0654126889023255,15261.4007,31110.52295,-15849.12225,0.303740755123109,0.00220702988586899,0.00844659229615272
1777532039487,23900.3,23850,0.945945945945946,23982.5841427365,11.701171875,0.165210777839036,1.14532311036213,16.6819389871906,0.0938770380039232,-0.0654126889023255,15261.4007,31110.52295,-15849.12225,0.330972130506087,-0.0012507482100039,0.010496658414446
1777532055506,23902.3,23850,-0.975308641975309,23975.0617283951,5,0.176019826121758,0.847722858776462,16.6819389871906,0.0938770380039232,-0.0654126889023255,15261.4007,31110.52295,-15849.12225,0.185474895104957,-0.0123600612539193,0.0154581773672644
1777532072314,23909.65,23850,-0.842105263157895,23976.3157894737,4,0.131949014844343,0.625150807646421,16.6819389871906,0.0938770380039232,-0.0654126889023255,15261.4007,31110.52295,-15849.12225,0.125249531301852,-0.010655373892067,0.00938133667950638
1777532088036,23911.5,23850,0.6,23979.180078125,1.599609375,0.0921116366494886,0.516587399458869,16.6831028743909,0.0976921268802579,-0.0654322559235848,15261.4007,31110.52295,-15849.12225,0.169176496338501,-0.00752137173451835,0.0127576923719135
1777532103598,23911.3,23850,-0.8,23980.5,5,0.140838996474191,0.524794494269073,16.6831028743909,0.0976921268802579,-0.0654322559235848,15261.4007,31110.52295,-15849.12225,0.0890263692559536,-0.0105312163507534,0.00528791694053037
1777532119378,23912.45,23850,-0.84,23986.148359375,3.099609375,0.146902722439414,0.568037448078106,16.6831028743909,0.0976921268802579,-0.0654322559235848,15261.4007,31110.52295,-15849.12225,0.0549970962428611,-0.00958122009817726,0.00898517082276933
1777532135031,23910.05,23850,0,23984.2998046875,8.400390625,0.137681282496633,0.441865868680684,16.6842002537512,0.0977005029485025,-0.0654378660485613,15261.4007,31110.52295,-15849.12225,-0.141185091326754,-0.0121430913545743,0.000754597885083353
1777532150807,23910.3,23850,0.433962264150943,23987.0188679245,7,0.109428673791754,0.515930965644076,16.6842002537512,0.0977005029485025,-0.0654378660485613,15261.4007,31110.52295,-15849.12225,0.0525942472764383,-0.00358118898610113,0.00123079825447005
1777532166372,23912.15,23850,0.111111111111111,23987.2222222222,4,0.112972433385751,0.463740537078248,16.6842002537512,0.0977005029485025,-0.0654378660485613,15261.4007,31110.52295,-15849.12225,0.073734143067525,-0.00552852766472623,0.00711307732479049
1777532182207,23915.7,23850,-0.6,23985.8,4,0.0449820595479062,0.431772340803431,16.6842002537512,0.0977005029485025,-0.0654378660485613,15261.4007,31110.52295,-15849.12225,-0.00274101950739688,-0.00878494426945527,-0.000772378541338895
1777532198130,23910.1,23850,0.928571428571429,23987.7857142857,6,0.0284068703093467,0.46731174530397,16.6852366675914,0.0977029544806716,-0.0654395080363593,15261.4007,31110.52295,-15849.12225,-0.00240736760152494,-0.00157673143678077,-0.00188591080048235
1777532213814,23906.1,23850,0,23982.5,5,0.0276057480253491,0.431302404210988,16.6852366675914,0.0977029544806716,-0.0654395080363593,15261.4007,31110.52295,-15849.12225,0.0400165448846941,0.000245277033402479,-0.00180662788456327
1777532229807,23909.05,23850,-0.0526315789473684,23980.8418996711,7.900390625,0.0172368541988957,0.482883540389035,16.6852366675914,0.0977029544806716,-0.0654395080363593,15261.4007,31110.52295,-15849.12225,0.104389050054177,-0.000867732952791923,-0.0034262007352275
1777532245742,23906.3,23850,-0.272727272727273,23980.7368607955,6.69921875,0.034701749902456,0.480712359439371,16.6852366675914,0.0977029544806716,-0.0654395080363593,15261.4007,31110.52295,-15849.12225,0.0717323815282874,-0.00261885887756833,-0.00530756943051392
1777532261366,23910,23850,0.91304347826087,23984.7565387228,5.599609375,0.0389209852929422,0.532522344052591,16.686217059062,0.0976933526463425,-0.0654330769174838,15261.4007,31110.52295,-15849.12225,0.0762174812288705,0.00121319926830359,-0.00193642705417424
1777532277310,23908.9,23850,0,23982.2998046875,7.400390625,0.0214250747174986,0.438700394651481,16.686217059062,0.0976933526463425,-0.0654330769174838,15261.4007,31110.52295,-15849.12225,0.115016005864353,-0.000243901290568637,0.00394077480212461
1777532293402,23908,23850,0.5,23982.6748046875,5.30078125,0.0085357024226768,0.367339486379699,16.686217059062,0.0976933526463425,-0.0654330769174838,15261.4007,31110.52295,-15849.12225,0.0543464995409108,-0.00316851719013462,0.00332217997639488
1777532309271,23906.8,23850,0.333333333333333,23981.8665364583,9.400390625,0.00447075040063168,0.443255308056842,16.686217059062,0.0976933526463425,-0.0654330769174838,15261.4007,31110.52295,-15849.12225,0.000216863533086582,0.00213033071977143,0.00295691985804625
1777532326480,23906.7,23850,0.75,23979.2006835938,4.80078125,-0.0198333320674792,0.388878713221304,16.6871458509814,0.0976823207515813,-0.0654256879723929,15261.4007,31110.52295,-15849.12225,-0.0344612213403505,0.0039242439893824,0.00190080463050054
1777532342440,23903.05,23850,0,23978.2998046875,10.599609375,-0.0119954660040217,0.38342085346721,16.6871458509814,0.0976823207515813,-0.0654256879723929,15261.4007,31110.52295,-15849.12225,-0.0455623401100868,0.00546334704508618,0.0058337490426142
1777532358177,23904.75,23850,-0.826086956521739,23976.1441915761,9.69921875,0.00672455555672908,0.437580064910541,16.6871458509814,0.0976823207515813,-0.0654256879723929,15261.4007,31110.52295,-15849.12225,-0.02480953686641,0.00341024340602947,0.00525437904685626
1777532373784,23909.05,23850,0,23982.400390625,5,0.0308124556819152,0.588589418775072,16.6871458509814,0.0976823207515813,-0.0654256879723929,15261.4007,31110.52295,-15849.12225,-0.172723767073418,-0.0026691215247962,0.00372592300113897
1777532389621,23908.3,23850,-0.891304347826087,23979.219195822,11.400390625,0.028169580093227,0.684034974709171,16.688027012546,0.0976986642993756,-0.0654366345577128,15261.4007,31110.52295,-15849.12225,-0.229105574898629,-0.00239994659320168,0.00453343847605577
1777532405344,23914.5,23850,-0.978021978021978,23984.6589543269,5.400390625,0.0411026036815075,0.671139339560694,16.688027012546,0.0976986642993756,-0.0654366345577128,15261.4007,31110.52295,-15849.12225,-0.164417914633729,0.00349826540381691,0.00918730665339291
1777532420906,23913.85,23850,0.6,23983.6,7,0.0198165258369108,0.73410148514056,16.688027012546,0.0976986642993756,-0.0654366345577128,15261.4007,31110.52295,-15849.12225,-0.156279366639673,0.00321767766997582,0.00948649793109481
1777532435941,23914.85,23850,0.6,23983.680078125,6.599609375,0.0283360377624984,0.818295379188477,16.688027012546,0.0976986642993756,-0.0654366345577128,15261.4007,31110.52295,-15849.12225,-0.137163352000629,0.00207225762496114,0.0117304515987531
1777532451732,23913.15,23850,0,23984.2001953125,9.599609375,0.0388945380581064,0.76164561631501,16.6888641160324,0.0977133734923905,-0.0654464864845007,15261.4007,31110.52295,-15849.12225,-0.14358654557978,0.00479497563663547,0.00940779799820402
1777532466975,23911.25,23850,-0.666666666666667,23980,6,0.0228678671422576,0.664965724340322,16.6888641160324,0.0977133734923905,-0.0654464864845007,15261.4007,31110.52295,-15849.12225,-0.181062694020539,0.00140065619857112,0.010551335918758
1777532482617,23909.7,23850,0,23980.25,9.69921875,0.0640265486195655,0.668652327466504,16.6888641160324,0.0977133734923905,-0.0654464864845007,15261.4007,31110.52295,-15849.12225,-0.0384705848551414,0.00461767570279889,0.00785070712458893
1777532498284,23905.8,23850,-0.666666666666667,23973.6669921875,7.599609375,0.0497532116227104,0.805495178703271,16.6888641160324,0.0977133734923905,-0.0654464864845007,15261.4007,31110.52295,-15849.12225,-0.104789701924663,-0.00394428635779072,0.0129266804344228
1777532514129,23903.4,23850,-0.25,23975,8,0.0476824508004746,0.476864596768856,16.6896603852024,0.0976763962155058,-0.0654217198352144,15261.4007,31110.52295,-15849.12225,-0.0844835092570406,-0.00418045355419827,0.0109781526667556
1777532529954,23902.7,23850,0,23975.4501953125,5.099609375,0.0200294469845203,0.262218924218804,16.6896603852024,0.0976763962155058,-0.0654217198352144,15261.4007,31110.52295,-15849.12225,-0.0134312886060438,0.00434465969587361,0.0111080679924862
1777532545696,23899.5,23850,0,23970.5,9,0.0164159814351183,0.118523731697528,16.6896603852024,0.0976763962155058,-0.0654217198352144,15261.4007,31110.52295,-15849.12225,0.0281452580659537,0.00116893145443756,0.00738988143813024
1777532561514,23895.6,23850,0.6,23964,5,0.00486806464344638,-0.0036954247993544,16.6904187367928,0.0902170116329339,-0.0735068202560062,15261.4007,31110.52295,-15849.12225,0.157719653688136,0.0108995020671903,0.00256630087589404
1777532578223,23902.25,23850,0,23967.7001953125,4.599609375,0.011840217851359,-0.156586006313709,16.6904187367928,0.0902170116329339,-0.0735068202560062,15261.4007,31110.52295,-15849.12225,0.113579614345116,0.00399450105959387,-0.000893314480646468
1777532594490,23908.8,23850,0.333333333333333,23972.833984375,1.400390625,0.0289944332223885,-0.157092184536781,16.6904187367928,0.0902170116329339,-0.0735068202560062,15261.4007,31110.52295,-15849.12225,0.122368327346156,0.00432640778613079,-0.000652593841936021
1777532611478,23910.25,23850,0,23974.2998046875,2.599609375,-0.0112750549563576,-0.255515407196095,16.6904187367928,0.0902170116329339,-0.0735068202560062,15261.4007,31110.52295,-15849.12225,0.0772841104843872,0.00302245295960333,-0.00183632313822894
1777532627600,23907.4,23850,-0.75,23971.25,10,0.0381405953206518,-0.236002719690213,16.6911418162163,0.0976790520420224,-0.0654234986553289,15261.4007,31110.52295,-15849.12225,0.0775400534945444,0.00751731405773167,-0.00472875579931858
1777532644319,23908.9,23850,0.333333333333333,23978.3001302083,4.80078125,0.0460889970572175,-0.0614200262761619,16.6911418162163,0.0976790520420224,-0.0654234986553289,15261.4007,31110.52295,-15849.12225,0.188708740789241,0.0160846061762705,-0.0060553596652009
1777532660247,23906.7,23850,0,23974.9501953125,9.900390625,0.0468269417137218,-0.0947831125134516,16.6911418162163,0.0976790520420224,-0.0654234986553289,15261.4007,31110.52295,-15849.12225,0.122629195603479,0.00732318092206072,0.00235886935953269
1777532675921,23913.3,23850,-0.777777777777778,23975.5555555556,5,0.0633511519504823,-0.0854356347119109,16.6911418162163,0.0976790520420224,-0.0654234986553289,15261.4007,31110.52295,-15849.12225,0.10801700186229,0.0082934335872103,-0.00458855437131979
1777532690934,23913.25,23850,-0.636363636363636,23975.9090909091,5,0.0567674966813342,-0.107943638471127,16.6918320283932,0.0977115348432637,-0.0654452549936522,15261.4007,31110.52295,-15849.12225,0.108026428625871,0.00899660489258174,-0.00267690954597535
1777532706830,23916.4,23850,0.909090909090909,23981.8091264205,4.19921875,0.0632496189114734,0.151461381569648,16.6918320283932,0.0977115348432637,-0.0654452549936522,15261.4007,31110.52295,-15849.12225,0.114369449657876,0.00829157759598709,-0.00199222026705789
1777532723664,23917.25,23850,-0.888888888888889,23977.4444444444,8,0.0729574837486565,0.305717686462371,16.6918320283932,0.0977115348432637,-0.0654452549936522,15261.4007,31110.52295,-15849.12225,0.0983808489712522,0.00437522110703591,-0.00227735665435093
1777532738790,23910.6,23850,-0.428571428571429,23975.0284598214,10.599609375,0.0520479755264636,0.411399135604503,16.6918320283932,0.0977115348432637,-0.0654452549936522,15261.4007,31110.52295,-15849.12225,0.0664838367384989,0.00322798980725804,-0.00384447109429393
1777532755391,23906.8,23850,0.714285714285714,23978.5714285714,10,0.041983474732687,0.581288238542516,16.6924915644734,0.097696008472859,-0.0654348557375983,15261.4007,31110.52295,-15849.12225,0.0950713442290335,0.0155110740557855,-0.00114633946831864
1777532771392,23908,23850,0,23975.75,10.69921875,0.0303278241647956,0.533588119921211,16.6924915644734,0.097696008472859,-0.0654348557375983,15261.4007,31110.52295,-15849.12225,0.159061747128905,0.0113662887039336,-0.00559744606796987
1777532787150,23907.85,23850,-0.153846153846154,23971.7694561298,5.599609375,-0.0047346990447907,0.525429451300581,16.6924915644734,0.097696008472859,-0.0654348557375983,15261.4007,31110.52295,-15849.12225,0.154432376957636,-0.0019166883857194,-0.00187500308397815
1777532803251,23903.75,23850,-0.777777777777778,23969.6666666667,6,-0.00885357386250543,0.593824380692618,16.6931224250718,0.097680277808107,-0.0654243196492279,15261.4007,31110.52295,-15849.12225,0.0544215048969488,0.00035420310524181,1.89611299789579E-05
1777532818589,23903,23850,-0.6,23969.2,1,-0.0193633043449349,0.38747329686656,16.6931224250718,0.097680277808107,-0.0654243196492279,15261.4007,31110.52295,-15849.12225,-0.0148028729683687,0.000653337495180445,-0.00281187476847239
1777532834467,23899.15,23850,-0.333333333333333,23966.7994791667,4.80078125,-0.0251401362493108,0.260972964178638,16.6931224250718,0.097680277808107,-0.0654243196492279,15261.4007,31110.52295,-15849.12225,0.0523667994855617,0.00607848605093913,-0.0053731067401637
1777532850032,23894.55,23850,-0.5,23965.75,3,-0.0278345984704964,0.0379433563271851,16.6931224250718,0.097680277808107,-0.0654243196492279,15261.4007,31110.52295,-15849.12225,0.125765982066374,0.00127046158272883,-0.00722154723282732
1777532865849,23893.3,23850,-0.4,23960.3,1,-0.0321906854672309,0.0414233559233554,16.6937264405384,0.0902204097224641,-0.0694076282393324,15261.4007,31110.52295,-15849.12225,0.132007315784124,0.0018760043094073,-0.00152877598292642
1777532881881,23894.9,23850,0.375,23967.7813720703,7.099609375,-0.0229510286885566,0.109210302212345,16.6937264405384,0.0902204097224641,-0.0694076282393324,15261.4007,31110.52295,-15849.12225,0.0917008720697993,-0.00368946789468038,0.00057790505485336
1777532897683,23901.45,23850,0,23969.7998046875,0.400390625,-0.0135206417501967,0.0410634501581134,16.6937264405384,0.0902204097224641,-0.0694076282393324,15261.4007,31110.52295,-15849.12225,0.0759758327845161,-0.00043183640357171,0.000723595982538887
1777532913506,23897.1,23850,0.333333333333333,23969.3333333333,2,-0.0107315593426227,0.0229305837909182,16.6937264405384,0.0902204097224641,-0.0694076282393324,15261.4007,31110.52295,-15849.12225,0.0810745802118566,-0.00311245630458328,0.00127347555224592
1777532929391,23902.45,23850,-0.333333333333333,23968.6666666667,2,-0.0148403731026911,-0.126891615217375,16.6943052886939,0.093875270629502,-0.065411457411477,15261.4007,31110.52295,-15849.12225,0.0367965406456084,-0.00497711737473413,0.00269690692133346
1777532945267,23902.6,23850,0,23968.599609375,10.80078125,-0.00691572297344681,-0.0599363284172259,16.6943052886939,0.093875270629502,-0.065411457411477,15261.4007,31110.52295,-15849.12225,-0.142512602432231,-0.00990464045799813,0.00467693157136461
1777532961171,23902.65,23850,0,23972,4,0.00224856318080092,-0.255535243620014,16.6943052886939,0.093875270629502,-0.065411457411477,15261.4007,31110.52295,-15849.12225,-0.00141312770965881,0.00699969342482617,0.00313998595265417
1777532977141,23902.5,23850,0.290322580645161,23972.8287550403,3.30078125,-0.00227438049678423,-0.149779156655598,16.6943052886939,0.093875270629502,-0.065411457411477,15261.4007,31110.52295,-15849.12225,0.113392064591097,0.000820602285448732,0.0022395824957751
1777532993744,23904.65,23850,0.666666666666667,23974.1165364583,5.30078125,0.0111388794969339,0.161885920861937,16.694860510394,0.0976757833324635,-0.0654213093382649,15261.4007,31110.52295,-15849.12225,0.172131825948329,0.000377521692140572,-4.79102126097294E-05
1777533009388,23907.35,23850,-0.333333333333333,23975.3333333333,4,0.0502869491675338,0.462183674439945,16.694860510394,0.0976757833324635,-0.0654213093382649,15261.4007,31110.52295,-15849.12225,0.0911760950094729,-0.00612954850978083,0.000595117998023261
1777533024822,23905.9,23850,-0.875,23975.3125,5,0.106461066449977,0.552465109960061,16.694860510394,0.0976757833324635,-0.0654213093382649,15261.4007,31110.52295,-15849.12225,-0.0703042914839752,-0.00576301935789651,0.00416542610776652
1777533040829,23904.3,23850,-0.333333333333333,23975.6666666667,2,0.122627823856874,0.470782060140608,16.694860510394,0.0976757833324635,-0.0654213093382649,15261.4007,31110.52295,-15849.12225,-0.15383814172186,-0.00188597211516904,0.00204002615099007
1777533056653,23904.4,23850,0,23975.2998046875,3.400390625,0.101076153147508,0.381182457671292,16.6953935232261,0.0976857937554876,-0.0654280141217734,15261.4007,31110.52295,-15849.12225,-0.0371813749563242,0.00565884681543032,0.00238977835718606
1777533072553,23905.6,23850,-0.666666666666667,23973.5836588542,4.099609375,0.0632033885417246,0.289702274378119,16.6953935232261,0.0976857937554876,-0.0654280141217734,15261.4007,31110.52295,-15849.12225,-0.084508691941172,-0.00211547687495521,0.00338860664924762
1777533088452,23909.8,23850,0.222222222222222,23981.8888888889,8,0.0819008500740532,0.395191459809228,16.6953935232261,0.0976857937554876,-0.0654280141217734,15261.4007,31110.52295,-15849.12225,-0.113304829903201,-0.00150350599493181,0.00288319220325066
1777533104594,23908.95,23850,0.25,23982.025390625,13,0.0990749839194497,0.48284384220038,16.6953935232261,0.0976857937554876,-0.0654280141217734,15261.4007,31110.52295,-15849.12225,-0.0563373635387792,0.00100457298261836,0.00188992677629864
1777533120240,23907.7,23850,0.6,23978.380078125,8.099609375,0.0539946779803787,0.442775220818683,16.6959056335943,0.0976892667593939,-0.0654303402711539,15261.4007,31110.52295,-15849.12225,0.0967408724009913,0.0028721585245657,0.000202882756066082
1777533136028,23906.95,23850,-0.5,23975.67578125,5.5,0.0448849841988053,0.367099449999134,16.6959056335943,0.0976892667593939,-0.0654303402711539,15261.4007,31110.52295,-15849.12225,0.0321767821484044,0.00104876371306356,-0.000102773126915692
1777533151737,23908.9,23850,-0.666666666666667,23975.8336588542,2.599609375,0.0285022946317877,0.341216152507529,16.6959056335943,0.0976892667593939,-0.0654303402711539,15261.4007,31110.52295,-15849.12225,-0.0764586282406758,-0.00625174491836899,0.00520270189186876
1777533167707,23911.3,23850,0,23979.5,1,0.043676100770138,0.247481125454793,16.6963980474098,0.097698868593723,-0.0654367713900293,15261.4007,31110.52295,-15849.12225,-0.223712494273866,-0.0113726940340875,0.00887446126703118
1777533183513,23910.75,23850,0.333333333333333,23979.6666666667,1,0.0227402768659673,0.246325929828529,16.6963980474098,0.097698868593723,-0.0654367713900293,15261.4007,31110.52295,-15849.12225,-0.225336886301066,-0.00637393933621674,0.0106602092824135
1777533199458,23908.3,23850,0,23977,6,0.00588079443680571,0.104919129238233,16.6963980474098,0.097698868593723,-0.0654367713900293,15261.4007,31110.52295,-15849.12225,0.0574827420761853,-0.00142241859739338,0.00392547970287869
1777533216177,23908.4,23850,0.230769230769231,23975.5384615385,9,-0.00524512999186049,0.179814890519843,16.6963980474098,0.097698868593723,-0.0654367713900293,15261.4007,31110.52295,-15849.12225,0.160698311268318,-0.0072194151712737,-0.000264113058918188
1777533231669,23908.5,23850,0.5,23976.75,9,0.0057876564282084,0.260974944779181,16.6968718795719,0.0976815035741915,-0.0654251406431269,15261.4007,31110.52295,-15849.12225,0.135757343219764,-0.0117626557457725,-9.60140508995162E-05
1777533247664,23907.2,23850,0.333333333333333,23975.93359375,8.900390625,0.0127456947723901,0.408921771571586,16.6968718795719,0.0976815035741915,-0.0654251406431269,15261.4007,31110.52295,-15849.12225,0.202242355099294,-0.00196093262538918,0.00269123796874431
1777533263467,23908.75,23850,-0.25,23973.75,10,0.000656052181355959,0.531985411805225,16.6968718795719,0.0976815035741915,-0.0654251406431269,15261.4007,31110.52295,-15849.12225,0.157298844302201,-0.0018384736956425,0.00929961652277263
1777533279273,23907.45,23850,0.333333333333333,23976.5338541667,9.80078125,0.00370684472680739,0.542203851472198,16.6968718795719,0.0976815035741915,-0.0654251406431269,15261.4007,31110.52295,-15849.12225,0.18091045938723,0.00121048855085745,0.010102172376308
1777533294929,23912.1,23850,-0.529411764705882,23976.1002987132,5.099609375,0.0156620067408715,0.595625726921649,16.6973281623947,0.0976933526463425,-0.0654330769174838,15261.4007,31110.52295,-15849.12225,-0.0259538233093766,-0.00339632274144928,0.00878257822659827
1777533310667,23913.25,23850,-0.4,23976.360546875,5.19921875,0.0083183585879671,0.65772114585981,16.6973281623947,0.0976933526463425,-0.0654330769174838,15261.4007,31110.52295,-15849.12225,-0.0249517516645909,0.00602293895630432,0.00831462451317208
1777533325748,23916.4,23850,0.263157894736842,23979.2631578947,2,0.012625949427445,0.766174436363941,16.6973281623947,0.0976933526463425,-0.0654330769174838,15261.4007,31110.52295,-15849.12225,0.14734103707957,0.0172130482176366,0.00621021712841535
1777533341493,23914.1,23850,0.846153846153846,23979.8461538462,2,-0.00749514833664205,0.689324834716909,16.6973281623947,0.0976933526463425,-0.0654330769174838,15261.4007,31110.52295,-15849.12225,0.170745443325206,0.0135239074691611,0.00444142306850475
1777533356605,23915.25,23850,0.818181818181818,23983.9090909091,6.5,-0.0033435017729512,0.740587585219968,16.6977678531148,0.0977137820810854,-0.0654467601491337,15261.4007,31110.52295,-15849.12225,0.154542534424245,0.0065206460041527,0.00676834792440196
1777533372429,23916.9,23850,-0.714285714285714,23981.1428571429,4.5,0.00261691372564077,0.847667710913317,16.6977678531148,0.0977137820810854,-0.0654467601491337,15261.4007,31110.52295,-15849.12225,0.012377089187453,0.00428432832641318,0.00735801613609476
1777533388368,23918.5,23850,0.166666666666667,23986.75,3,0.020205740301763,0.906548636102971,16.6977678531148,0.0977137820810854,-0.0654467601491337,15261.4007,31110.52295,-15849.12225,-0.0604960015404926,0.00784070072945064,0.00691654652438865
1777533403407,23920.05,23850,0.674418604651163,23988.3488372093,4,0.0200306376280315,0.891020888673918,16.6977678531148,0.0977137820810854,-0.0654467601491337,15261.4007,31110.52295,-15849.12225,0.0697298614146067,0.0151279918661857,0.00737631465849126
1777533419776,23925.4,23850,0.428571428571429,23991.4285714286,2,0.0373874334021588,0.908971134435298,16.6981918405949,0.0977333943384386,-0.0654598960515176,15261.4007,31110.52295,-15849.12225,0.165571664431722,0.0161016146175029,0.00631511433749749
1777533435653,23929.3,23850,0,24001,12,0.0247729233832118,0.801752661832492,16.6981918405949,0.0977333943384386,-0.0654598960515176,15261.4007,31110.52295,-15849.12225,0.0374173962950323,0.00786611217594826,0.00202165694212671
1777533451667,23919.05,23850,-0.555555555555556,23986.3328993056,14.1015625,0.0160459458637337,0.585119494485621,16.6981918405949,0.0977333943384386,-0.0654598960515176,15261.4007,31110.52295,-15849.12225,-0.0243709151597664,0.00668375067700523,0.0036348922766663
1777533467369,23921.95,23850,0.333333333333333,23993.43359375,13.400390625,0.0245606210108927,0.648036849794399,16.6981918405949,0.0977333943384386,-0.0654598960515176,15261.4007,31110.52295,-15849.12225,0.0368897847918571,0.013205674112484,0.00315194107130811
1777533482940,23921.45,23850,-0.6,23986.359375,10.80078125,0.014298544955,0.599942683702707,16.6986009513213,0.0977442219388524,-0.0654671481642921,15261.4007,31110.52295,-15849.12225,0.102800718709052,0.010712841192392,0.00179048747954606
1777533497947,23922.75,23850,0.333333333333333,23990.466796875,10.599609375,0.0153417076246342,0.668886751643291,16.6986009513213,0.0977442219388524,-0.0654671481642921,15261.4007,31110.52295,-15849.12225,0.150405744322899,0.00855667805787644,0.0024774685926572
1777533514884,23922.85,23850,0,23986.150390625,11.69921875,0.0121173368264774,0.49597295464659,16.6986009513213,0.0977442219388524,-0.0654671481642921,15261.4007,31110.52295,-15849.12225,0.139708612344022,0.00266882329035815,0.00161912816944698
1777533530692,23919.95,23850,-0.25,23983.8745117188,9.80078125,-0.00929893657893915,0.429992261016388,16.6986009513213,0.0977442219388524,-0.0654671481642921,15261.4007,31110.52295,-15849.12225,0.188970639267728,0.00428873799490504,0.00250185627044753
1777533546859,23923.7,23850,-0.5,23986.6997070313,4.400390625,-0.00809415601519244,0.503270507101401,16.6989959547813,0.0977342115158283,-0.0654604433807836,15261.4007,31110.52295,-15849.12225,0.128320342560716,-0.00016454482338856,0.00358427754490806
1777533562786,23923.75,23850,0.0526315789473684,23988.2477384868,3.69921875,-0.0244880070016481,0.445957725306576,16.6989959547813,0.0977342115158283,-0.0654604433807836,15261.4007,31110.52295,-15849.12225,0.169355716851552,0.00352684773145523,0.00855810745039892
1777533578821,23928.65,23850,-0.142857142857143,23989.1997767857,8.400390625,-0.0238399232189923,0.378440594170085,16.6989959547813,0.0977342115158283,-0.0654604433807836,15261.4007,31110.52295,-15849.12225,0.000362128692540013,-0.00257150108567771,0.00597830321634329
1777533594502,23927.25,23850,0,23990.150390625,7.69921875,-0.0139733502973309,0.356151236589002,16.7001277495228,0.0977656728453324,-0.0654815155575245,15261.4007,31110.52295,-15849.12225,-0.0751869222159311,-0.00183216010437038,0.00441060793521608
1777533610206,23926.9,23850,0,23993.2998046875,1.400390625,0.0633145640968927,0.307291241328259,16.7001277495228,0.0977656728453324,-0.0654815155575245,15261.4007,31110.52295,-15849.12225,-0.044780243717894,-0.00568888272755276,0.00313137891271854
1777533626035,23924.4,23850,0.466666666666667,23996.6341145833,10,0.0650602463411472,0.337491123494827,16.7001277495228,0.0977656728453324,-0.0654815155575245,15261.4007,31110.52295,-15849.12225,0.0541330393797622,-0.000247024526152527,0.00255194440954046
1777533641692,23926.55,23850,0,23996.2998046875,5.400390625,0.0918921623737292,0.301203494383861,16.7001277495228,0.0977656728453324,-0.0654815155575245,15261.4007,31110.52295,-15849.12225,0.112644751213875,-0.00359766127602217,0.00393099581566314
1777533657748,23927.9,23850,0,23995.2998046875,3.400390625,0.0880436296983722,0.249388406460215,16.701221817773,0.097764038490553,-0.0654804208989925,15261.4007,31110.52295,-15849.12225,0.0462049185706913,-0.00914823249332973,0.00319041760482334
1777533673382,23921.75,23850,0.111111111111111,23994.111328125,7.400390625,0.0581381260672816,0.224421877249961,16.701221817773,0.097764038490553,-0.0654804208989925,15261.4007,31110.52295,-15849.12225,0.00375641922562717,-0.00416973884653848,0.0029321184435214
1777533689289,23923.95,23850,0.2,23995.03984375,7.400390625,0.0816742687679586,0.472034714604179,16.701221817773,0.097764038490553,-0.0654804208989925,15261.4007,31110.52295,-15849.12225,0.00261605206261247,-0.00366538735698899,0.00536839508857634
1777533706357,23924.9,23850,0.714285714285714,23995.4285714286,4,0.0994090781657745,0.565382078827019,16.701221817773,0.097764038490553,-0.0654804208989925,15261.4007,31110.52295,-15849.12225,-0.00726870992507506,-0.00125835745944194,0.00671102758210787
1777533722626,23922.65,23850,0.789473684210526,23994.4736842105,5,0.0723424787158169,0.477173983359575,16.7015544298095,0.0977536194788341,-0.065473442450851,15261.4007,31110.52295,-15849.12225,0.072571018903427,0.00464109375331775,0.00640503034886801
1777533738208,23921.3,23850,-0.333333333333333,23992.93359375,7.599609375,0.0894827843673462,0.498138280246145,16.7015544298095,0.0977536194788341,-0.065473442450851,15261.4007,31110.52295,-15849.12225,0.111896659835882,-0.00542189435015168,0.0029281057122024
1777533753932,23921.4,23850,0.777777777777778,23996.7556423611,11.19921875,0.0923549038884411,0.762383557316658,16.7015544298095,0.0977536194788341,-0.065473442450851,15261.4007,31110.52295,-15849.12225,0.00669150810096939,-0.0113283870382272,0.00388525128104861
1777533769848,23924.35,23850,-0.8,23990.9,9,0.100520371370592,0.671054178274114,16.7015544298095,0.0977536194788341,-0.065473442450851,15261.4007,31110.52295,-15849.12225,-0.00065837901777534,-0.0123617297768955,0.00116290437130939
1777533785996,23922.35,23850,0,23993.849609375,7.5,0.0879102512048709,0.752781242345269,16.7018763124255,0.0977507593579701,-0.06547152679842,15261.4007,31110.52295,-15849.12225,0.0335439630118992,-0.00521023103630882,-0.000269164761928533
1777538637224,24027.25,24000,0.6,24091.31953125,6.400390625,-0.140459011158294,0.333604384580477,15.8952467254427,0.0684275923542831,-0.111809566433313,6997.02055,25583.9337,-18586.91315,-0.363578764119987,0.0206001304052465,0.00382378929341472
1777538652224,24026.2,24000,0,24087.4501953125,5.099609375,-0.12874246771284,0.082645175829574,15.8952467254427,0.0684275923542831,-0.111809566433313,6997.02055,25583.9337,-18586.91315,-0.296772223909979,0.0139739811798788,0.000365043774023972
1777538667229,24025,24000,0.428571428571429,24091.9280133929,9.69921875,-0.0608697185133905,0.224174873656366,15.8952467254427,0.0684275923542831,-0.111809566433313,6997.02055,25583.9337,-18586.91315,-0.203149109754539,0.0143050635508393,0.000310415981268494
1777538682230,24021.4,24000,0,24088.5498046875,11.701171875,-0.122389670336853,0.306957990464655,15.7514872715228,0.0748836602788468,-0.109592201730421,6688.43825,25581.4637,-18893.02545,-0.189427323894047,0.0140552975459742,-0.00174424084088624
1777538697251,24022.1,24000,0.333333333333333,24091.533203125,12.19921875,-0.1154732578971,0.261597675923788,15.7514872715228,0.0748836602788468,-0.109592201730421,6688.43825,25581.4637,-18893.02545,-0.251857085693848,0.0060931608563671,-0.00056347067798265
1777538712257,24025.15,24000,-0.333333333333333,24091.966796875,11.900390625,-0.0933692106900951,0.396247617817301,15.7514872715228,0.0748836602788468,-0.109592201730421,6688.43825,25581.4637,-18893.02545,-0.194841609707938,0.0113561054050579,-0.000948674545306643
1777538727278,24026.9,24000,-0.333333333333333,24090.4993489583,11.400390625,0.00454987707193473,0.532814695299243,15.7514872715228,0.0748836602788468,-0.109592201730421,6688.43825,25581.4637,-18893.02545,-0.163964861932442,0.0119581108995058,3.36750986474322E-05
1777538742316,24025.9,24000,-0.714285714285714,24086.7996651786,11.900390625,0.0097312146700324,0.498002270058133,15.7365683449141,0.0761000990832882,-0.110718836616526,6954.2759,25763.7952,-18809.5193,-0.121690354847403,0.0113792348092658,-0.00315627462061727
1777538757322,24026.9,24000,-0.6,24086.0796875,4.900390625,0.0268584525169204,0.474228658167125,15.7365683449141,0.0761000990832882,-0.110718836616526,6954.2759,25763.7952,-18809.5193,-0.0349116923989154,0.0119474322070061,-0.00641772206310095
1777538772326,24028.05,24000,-0.666666666666667,24086.8326822917,3.80078125,0.0311109359154302,0.452440755874848,15.7365683449141,0.0761000990832882,-0.110718836616526,6954.2759,25763.7952,-18809.5193,0.062742444451913,0.0138812571863097,-0.00890336500881334
1777538787328,24032.05,24000,-0.0769230769230769,24092.0384615385,5.5,0.0522852212906598,0.378094356533993,15.7365683449141,0.0761000990832882,-0.110718836616526,6954.2759,25763.7952,-18809.5193,0.145807919428275,0.0136207968927955,-0.00589540072036654
1777538802348,24027.6,24000,-0.555555555555556,24091.1111111111,5,0.0495102816592401,0.402142812480481,15.724133064197,0.0727832298051622,-0.113353609558138,7200.79555000001,25857.19955,-18656.404,0.141745677878141,0.00919303013194551,-0.00421252743696216
1777538817349,24025.85,24000,-0.272727272727273,24091.9087357955,4.701171875,0.0407970238486169,0.485757845680583,15.724133064197,0.0727832298051622,-0.113353609558138,7200.79555000001,25857.19955,-18656.404,0.130940607456864,0.00676578772141431,-0.000676853203508704
1777538832395,24023.85,24000,-0.727272727272727,24085.8810369318,5,0.0265564390818171,0.352348679362935,15.724133064197,0.0727832298051622,-0.113353609558138,7200.79555000001,25857.19955,-18656.404,0.0241253367712489,-0.00105239726140499,0.00020881607577025
1777538847453,24026.65,24000,-0.75,24086.5249023438,4.19921875,0.0240341541562768,0.403362665148969,15.724133064197,0.0727832298051622,-0.113353609558138,7200.79555000001,25857.19955,-18656.404,-0.0731798812045472,-0.00445208125927021,-0.0013978876892734
1777538862453,24015.1,24000,0.5,24087.0004882813,9.201171875,0.00551147898042217,0.522267385972654,15.7202470389729,0.072765361123304,-0.113325780625675,7200.79555000001,25857.19955,-18656.404,0.0133413717774947,0.00432037461886794,-0.002607971980631
1777538877454,24018.35,24000,0.0666666666666667,24081.8662760417,8,-0.0233087971727812,0.502421652430439,15.7202470389729,0.072765361123304,-0.113325780625675,7200.79555000001,25857.19955,-18656.404,0.0315008335083357,0.00167699852470008,-0.000210842858820878
1777538892459,24012.45,24000,-0.818181818181818,24072.8723366477,3,-0.0869716253783693,0.32725095759812,15.7202470389729,0.072765361123304,-0.113325780625675,7200.79555000001,25857.19955,-18656.404,0.0473620875373069,-0.00318272223035709,-0.00222630669783804
1777538907463,24001.65,24000,-0.666666666666667,24066.849609375,4.5,-0.10285676742094,0.440546124820713,15.7202470389729,0.072765361123304,-0.113325780625675,7200.79555000001,25857.19955,-18656.404,-0.00692851140550387,-0.00818121480115102,-0.00344352618293785
1777538922467,24007.5,24000,0,24075,10,-0.0929652819406402,0.714760762044416,15.7048415305807,0.0775031229789185,-0.10992187630708,4528.95365,24341.54385,-19812.5902,-0.0420055899200883,-0.00596798893574902,-0.00904470493504227
1777538937474,24006.45,24000,0.454545454545455,24074.8364701705,11.599609375,-0.0832732255697456,0.75257062874333,15.7048415305807,0.0775031229789185,-0.10992187630708,4528.95365,24341.54385,-19812.5902,0.0663552067107695,-0.000193856802491592,-0.00137589825764736
1777538952476,24004.1,24000,-0.555555555555556,24066.3450520833,4.69921875,-0.102402190389414,0.569260309980797,15.7048415305807,0.0775031229789185,-0.10992187630708,4528.95365,24341.54385,-19812.5902,0.0308906068813815,-0.00413630618519738,-0.00329619849747643
1777538967502,24000.2,24000,-0.333333333333333,24065.8333333333,13.298828125,-0.132779267819415,0.325101435989316,15.7048415305807,0.0775031229789185,-0.10992187630708,4528.95365,24341.54385,-19812.5902,-0.0311360433310057,-0.00363737534088109,-0.00117012963724969
1777538982505,23997.65,24000,0,24059.2001953125,1.599609375,-0.120763248896917,0.542335267126062,15.6832481016194,0.0778527784922088,-0.110816843952838,4333.5331,24161.7818,-19828.2487,-0.0412530617614196,-0.00109704725299782,-0.00138204164676741
1777538997509,23998.65,24000,0,24059.0498046875,2.099609375,-0.112887203738981,0.506333884340976,15.6832481016194,0.0778527784922088,-0.110816843952838,4333.5331,24161.7818,-19828.2487,0.0703063505302264,0.00481299820279691,-0.00241516253067645
1777539012515,23997.6,24000,0.882352941176471,24058.2941176471,3.5,-0.118475531486973,0.154195606491321,15.6832481016194,0.0778527784922088,-0.110816843952838,4333.5331,24161.7818,-19828.2487,0.207796880384717,0.00952203426850895,-0.00199861275234448
1777539027516,24001.75,24000,0.8,24065.9302734375,4.701171875,-0.106751024086976,0.127566639524831,15.6832481016194,0.0778527784922088,-0.110816843952838,4333.5331,24161.7818,-19828.2487,0.225649873190079,0.00457596499666507,-0.00126118263054308
1777539042524,24003.3,24000,-0.5,24063.5,2,-0.0760004440858642,-0.0388623476544807,15.6538564043042,0.0768112328095603,-0.112268485733525,3320.41125,23635.5275,-20315.11625,0.119570494438251,-0.00371898149358095,0.00196522049712701
1777539057532,24003.25,24000,-0.714285714285714,24065.7142857143,5,-0.0583150342117662,0.099678819029233,15.6538564043042,0.0768112328095603,-0.112268485733525,3320.41125,23635.5275,-20315.11625,0.0473596810415249,-0.00432971528608656,0.000624945386982272
1777539072533,24004.6,24000,-0.4,24066.5,5,-0.0168225240021767,0.0548431645473456,15.6538564043042,0.0768112328095603,-0.112268485733525,3320.41125,23635.5275,-20315.11625,0.0782266693148151,0.00427965954744795,0.00101816330661897
1777539087566,23998.9,24000,0.428571428571429,24067,7,-0.0375796172926502,-0.0536991394488625,15.6538564043042,0.0768112328095603,-0.112268485733525,3320.41125,23635.5275,-20315.11625,0.170156962478238,0.00380519438921582,0.0038543241193733
1777539102618,23993.45,24000,-0.857142857142857,24055.5707310268,5.201171875,-0.0571970665196777,-0.0326300896579504,15.7006493914092,0.0728168657579526,-0.113520465399967,3721.92795,23841.597,-20119.66905,0.0880284768594258,-0.000943968657839519,0.00057982768500839
1777539117620,23993.55,24000,0.91304347826087,24057.8695652174,3,-0.067148226002799,-0.0220457410214679,15.7006493914092,0.0728168657579526,-0.113520465399967,3721.92795,23841.597,-20119.66905,0.0753624943554079,0.00251312582161162,0.00119984283525729
1777539132668,23992.5,24000,-0.428571428571429,24054.4997209821,4.900390625,-0.0636945599059298,-0.129466886271616,15.7006493914092,0.0728168657579526,-0.113520465399967,3721.92795,23841.597,-20119.66905,0.0985079686583388,0.0010733358008499,0.00509215713215195
1777539147780,23991,24000,0.993650793650794,24059.6684275794,9.69921875,-0.0668093695331516,-0.0224053245145238,15.7006493914092,0.0728168657579526,-0.113520465399967,3721.92795,23841.597,-20119.66905,0.130532587801167,0.00281777527126204,0.00657168694472938
1777539162787,23991.55,24000,0.555555555555556,24053.1779513889,3.69921875,-0.0727316313954915,-0.0811314345249086,15.7071748750804,0.0727897098904531,-0.113478129786029,3721.92795,23841.597,-20119.66905,0.0585466165027237,-0.00502060651188894,0.0030143460470752
1777539177802,23991.6,24000,0,24053,4,-0.0924112287653695,-0.0457883707842963,15.7071748750804,0.0727897098904531,-0.113478129786029,3721.92795,23841.597,-20119.66905,0.0353323078503259,-0.00160790833655848,-0.00130980136668876
1777539192802,23994.3,24000,0,24053.3505859375,3.099609375,-0.0953245054278466,0.060881909685465,15.7071748750804,0.0727897098904531,-0.113478129786029,3721.92795,23841.597,-20119.66905,-0.0808361061510561,-0.00213451494081191,0.00257480935684824
1777539207814,24001.8,24000,0,24070.75,7.5,-0.0886553159504471,0.0528921007210371,15.7071748750804,0.0727897098904531,-0.113478129786029,3721.92795,23841.597,-20119.66905,-0.0450269037528785,0.00583838705155797,-0.000562246293785002
1777539222927,24009.65,24000,0,24070.0498046875,5.900390625,-0.0840554112231271,-0.0284065744798812,15.7317919541743,0.0772870969116331,-0.105609662880205,3721.92795,23841.597,-20119.66905,-0.0124824694203704,0.0063364860824701,-0.00692912447965411
1777539237938,24017.25,24000,-0.6,24072.3203125,9.599609375,-0.0707942044249976,0.0837185377613779,15.7317919541743,0.0772870969116331,-0.105609662880205,3721.92795,23841.597,-20119.66905,-0.0550314486648561,-0.00176251246913796,-0.00603151965457007
1777539252949,24014.85,24000,-0.6,24071.00078125,3.5,-0.0637007312178323,0.0539068394268368,15.7317919541743,0.0772870969116331,-0.105609662880205,3721.92795,23841.597,-20119.66905,-0.133313081335979,-0.0052271475684359,0.0014198383603991
1777539267998,24013.25,24000,-0.111111111111111,24070.4997829861,0.900390625,-0.0582514313572354,0.087657287569255,15.7317919541743,0.0772870969116331,-0.105609662880205,3721.92795,23841.597,-20119.66905,-0.176939266628065,-0.00500993488645267,0.00238173409263804
1777539283025,24013.1,24000,0,24074.900390625,6.19921875,-0.0585401818327054,0.0710154646760103,15.7357222242818,0.0773159151360256,-0.105649041807406,3721.92795,23841.597,-20119.66905,-0.163435296701201,-0.00558814275124818,-0.00192395093510738
1777539298026,24014.55,24000,0.28,24079.535859375,12.400390625,-0.00381103534122628,0.201125025716962,15.7357222242818,0.0773159151360256,-0.105649041807406,3721.92795,23841.597,-20119.66905,-0.104652364551574,-0.00267280292783686,-0.00798504034683611
1777539313141,24015.6,24000,0.333333333333333,24082.466796875,13.599609375,0.0190839877815456,0.395721397050283,15.7357222242818,0.0773159151360256,-0.105649041807406,3721.92795,23841.597,-20119.66905,-0.0451722416208073,-0.00339716195012118,-0.00473173648790115
1777539328251,24014.15,24000,-0.8,24071.4197265625,3.201171875,0.0109691830635999,0.464143467949014,15.7357222242818,0.0773159151360256,-0.105649041807406,3721.92795,23841.597,-20119.66905,-0.0650103984925206,-0.00412869227425143,-0.0081359556562226
1777539343259,24006.7,24000,-0.75,24066.125,1,-0.0137586343868907,0.484599041834409,15.7357222242818,0.0686250149611982,-0.107388292920809,5322.148,24861.1376,-19538.9896,-0.16724411548773,-0.00680751853709731,-0.0113552371385758
1777539358301,24008.35,24000,-0.6,24066.2,1,-0.019919492512282,0.390617707831294,15.7357222242818,0.0686250149611982,-0.107388292920809,5322.148,24861.1376,-19538.9896,-0.101887148997731,-0.00292042065148136,-0.00722345143430684
1777539373302,24008.4,24000,0.777777777777778,24077.1106770833,13.400390625,-0.0062629082655292,0.475598109227805,15.7357222242818,0.0686250149611982,-0.107388292920809,5322.148,24861.1376,-19538.9896,0.03484736554832,0.00201538304436809,-0.00362393748915219
1777539388318,24004.45,24000,-0.2,24065.6796875,11.69921875,-0.0178531853930805,0.139228534064699,15.7357222242818,0.0686250149611982,-0.107388292920809,5322.148,24861.1376,-19538.9896,0.0862268951798609,-0.00024116990080577,-0.00318600658008309
1777539403327,24006.85,24000,0,24064.849609375,7.69921875,-0.052337668971966,0.227008659475949,15.7428270991615,0.072558687200619,-0.102059250891422,5657.53435,24968.70025,-19311.1659,0.0364148737735968,-0.0014444170612034,-0.00441630477953258
1777539418479,24005.55,24000,0,24066.349609375,4.69921875,-0.0732636671725923,0.21616631499895,15.7428270991615,0.072558687200619,-0.102059250891422,5657.53435,24968.70025,-19311.1659,0.0842761028292601,0.00465508518066278,-0.002613500607257
1777539433479,24008.05,24000,-0.428571428571429,24064.6994977679,5.599609375,-0.0524395751064062,0.179312104069619,15.7428270991615,0.072558687200619,-0.102059250891422,5657.53435,24968.70025,-19311.1659,0.108420788702787,0.00446667966291032,0.000995006858005063
1777539448487,24008,24000,0.333333333333333,24071.5670572917,14.5,-0.0514450460147005,0.0684346292924755,15.7428270991615,0.072558687200619,-0.102059250891422,5657.53435,24968.70025,-19311.1659,0.191570670875273,0.00444694432775335,-0.00181412191473023
1777539463493,24003.35,24000,0.894736842105263,24072.6533717105,12.30078125,-0.0476571747924653,0.192274940365374,15.7559810426843,0.0729396486009808,-0.102061673926606,6273.7116,25322.07795,-19048.36635,0.181544685790683,0.00223700794472662,0.00025079216814375
1777539478508,23989.4,24000,-0.428571428571429,24056.2572544643,11.400390625,-0.0744020699125217,0.038283714133858,15.7559810426843,0.0729396486009808,-0.102061673926606,6273.7116,25322.07795,-19048.36635,0.000240240762190137,-0.00784290534583772,0.00123119844967034
1777539493528,23990.15,24000,-0.777777777777778,24054.6666666667,6,-0.059423424415611,-0.0237119310608755,15.7559810426843,0.0729396486009808,-0.102061673926606,6273.7116,25322.07795,-19048.36635,-0.137438558259142,-0.007729972683063,0.00158689135974084
1777539508528,23990.75,24000,0,24061.599609375,9.19921875,-0.0519232562669971,0.172186342580017,15.7559810426843,0.0729396486009808,-0.102061673926606,6273.7116,25322.07795,-19048.36635,-0.0666268246217999,-9.80985638274315E-06,-0.00234683355927298
1777539523529,23989.85,24000,0.5,24061.8251953125,12.69921875,-0.0538305975472554,0.321806529471579,15.7621819810943,0.068941625612521,-0.109743866830736,4222.77830000001,24047.82185,-19825.04355,0.00511235731958544,-0.0021571767276825,-0.00435989121839282
1777540192481,23992.15,24000,0.333333333333333,24060.1666666667,12.701171875,-0.0682373097321541,0.359432314809154,15.7621819810943,0.068941625612521,-0.109743866830736,4222.77830000001,24047.82185,-19825.04355,0.0109102208889039,-0.00295864223320859,-0.00427847520792133
1777540208201,24061.15,24000,0,24122.3505859375,6.099609375,-0.0957643183313433,0.294825883510593,15.7621819810943,0.068941625612521,-0.109743866830736,4222.77830000001,24047.82185,-19825.04355,-0.0312815037134909,-0.00811026390884251,-0.00319689872234702
1777540223479,24056.2,24000,-0.0909090909090909,24113.9090909091,2,-0.0762363824351086,0.48645722180973,15.7621819810943,0.068941625612521,-0.109743866830736,4222.77830000001,24047.82185,-19825.04355,-0.13203955329855,-0.0104513625134653,-0.00468507394801601
1777540239472,24058.7,24000,0,24116.7001953125,2.599609375,-0.0171420094937291,0.443465646755454,15.766048619895,0.0783157943642464,-0.094805058090037,4222.77830000001,24047.82185,-19825.04355,-0.0148953578591524,-0.000740281240928308,-0.00659764768386545
1777540254670,24058.95,24000,0.428571428571429,24118.2287946429,2.69921875,-0.00233765359935487,0.395898199774795,15.766048619895,0.0783157943642464,-0.094805058090037,4222.77830000001,24047.82185,-19825.04355,0.0779408283213589,-0.00103463220388966,-0.00446876749185244
1777540270231,24061.4,24000,0.904761904761905,24118.2769717262,0.5,0.0254789409119173,0.345362506197998,15.766048619895,0.0783157943642464,-0.094805058090037,4222.77830000001,24047.82185,-19825.04355,0.0442458770701114,-0.00838420489177856,0.00209971057425902
1777540286031,24057.3,24000,0.714285714285714,24120.3571428571,4.5,0.0326213639825445,0.312363870641734,15.7706412928085,0.0694799626065298,-0.115249681388385,8499.82705,26266.46165,-17766.6346,0.052497406816819,-0.00763227139661425,0.000241674619011213
1777540301869,24054.7,24000,0.857142857142857,24118.7571149554,3.400390625,0.0506196576575053,0.368940351421267,15.7706412928085,0.0694799626065298,-0.115249681388385,8499.82705,26266.46165,-17766.6346,-0.017319198811353,-0.00653846101398038,0.00281126448384199
1777540318703,24058.3,24000,0.888888888888889,24116.228515625,1.30078125,0.0923889488793933,0.400153013073752,15.7706412928085,0.0694799626065298,-0.115249681388385,8499.82705,26266.46165,-17766.6346,0.00249214693958001,-0.00113215895637367,0.00581521572054446
1777540335330,24060.7,24000,-0.142857142857143,24123.4575892857,2.69921875,0.10507738759705,0.402121712781051,15.7706412928085,0.0694799626065298,-0.115249681388385,8499.82705,26266.46165,-17766.6346,0.101265236582443,0.00011855120176895,0.0050612548859178
1777540351273,24066.35,24000,0,24127.6005859375,1.599609375,0.133370448489505,0.405228605147143,15.7787481441152,0.068117525658263,-0.117546767112565,8307.74035,25997.5274,-17689.78705,0.152433981562668,0.00459722347162781,0.0024954570939368
1777540367357,24070.4,24000,0.333333333333333,24131.400390625,2.701171875,0.174810440280607,0.340652370910376,15.7787481441152,0.068117525658263,-0.117546767112565,8307.74035,25997.5274,-17689.78705,0.112572673920764,0.00281519617282408,-0.0050953736159319
1777540383209,24075.35,24000,0.333333333333333,24138.1334635417,0.80078125,0.194076344725868,0.194156000995389,15.7787481441152,0.068117525658263,-0.117546767112565,8307.74035,25997.5274,-17689.78705,0.0385228143869027,0.00469878438114065,-0.00796978752927423
1777540400262,24086.05,24000,0.333333333333333,24141.1334635417,2.599609375,0.210245728557653,0.190648638623927,15.7787481441152,0.068117525658263,-0.117546767112565,8307.74035,25997.5274,-17689.78705,0.0443346554565545,0.00186947469940507,-0.00819887293350219
1777540417145,24085.15,24000,0.818181818181818,24141.7272727273,3,0.188114272429194,0.223859066754118,15.7821736679766,0.0660568250083748,-0.12435656612325,9563.4526,26764.1452,-17200.6926,-0.0192097940831882,-0.000447775915919183,-0.000714107998824015
1777540432690,24082.7,24000,-0.354166666666667,24137.5627644857,3.599609375,0.180575814768211,0.169863622129916,15.7821736679766,0.0660568250083748,-0.12435656612325,9563.4526,26764.1452,-17200.6926,-0.125498860993566,-0.0077964224858825,-0.00257248693223391
1777540449611,24085.75,24000,0.333333333333333,24141.533203125,2.900390625,0.206502241931891,0.243028850330444,15.7821736679766,0.0660568250083748,-0.12435656612325,9563.4526,26764.1452,-17200.6926,-0.120736810113648,-0.00294878061076004,0.00439365109065202
1777540466488,24077.95,24000,0,24133.4501953125,2.900390625,0.192023985082646,0.158313617340835,15.7821736679766,0.0660568250083748,-0.12435656612325,9563.4526,26764.1452,-17200.6926,-0.0599919469893306,0.00302584339483115,0.0036588961206383
1777540481909,24074.45,24000,0.5,24131.7250976563,1.099609375,0.165493631544595,0.0731681531192698,15.7836808984756,0.0660426992251994,-0.124329973354232,9563.4526,26764.1452,-17200.6926,-0.0361101024461674,0.00322755521054555,0.000463168665803584
1777540497882,24074.45,24000,-0.5,24133.7006835938,1.599609375,0.118620420667418,0.0362981416599554,15.7836808984756,0.0660426992251994,-0.124329973354232,9563.4526,26764.1452,-17200.6926,-0.0732104963145244,0.00306181666539914,-0.00334667185685243
1777540513573,24077.25,24000,0.5,24139.0751953125,3.69921875,0.129806985369511,-0.0576090286855867,15.7836808984756,0.0660426992251994,-0.124329973354232,9563.4526,26764.1452,-17200.6926,-0.0716938242256376,0.00273762472667459,0.00201030192101012
1777540529761,24080.25,24000,0.882352941176471,24137.1768152574,3.80078125,0.119006811214035,-0.0630764619747453,15.785072188167,0.0660510649802839,-0.124345722469864,9563.4526,26764.1452,-17200.6926,-0.0298202195386108,0.0022781911708471,0.00428390511465708
1777540545379,24073.5,24000,0,24129.25,1.8984375,0.105409783335628,-0.239587201590889,15.785072188167,0.0660510649802839,-0.124345722469864,9563.4526,26764.1452,-17200.6926,-0.0166987037455927,0.00376143320167699,0.00338997449168127
1777540562174,24071,24000,-0.333333333333333,24128.6666666667,2,0.0830559328247178,-0.3130179950819,15.785072188167,0.0660510649802839,-0.124345722469864,9563.4526,26764.1452,-17200.6926,-0.0538079346137892,-0.000817128927020412,0.00365481553169221
1777540577950,24069.65,24000,0,24126.099609375,2.19921875,0.0385952137604142,-0.260996622393434,15.785072188167,0.0660510649802839,-0.124345722469864,9563.4526,26764.1452,-17200.6926,-0.0815906699838632,-0.00139126828956936,0.00750841073512449
1777540593833,24063.9,24000,0.857142857142857,24125.529296875,3.80078125,0.0437606428026603,-0.32912245500732,15.7873339711219,0.0660060819037639,-0.124261038700564,9563.4526,26764.1452,-17200.6926,-0.09471625672163,-0.00264325348109303,0.00353829738353612
1777540609305,24062.4,24000,0.818181818181818,24123.9177911932,2,0.0504069887848685,-0.342845961007216,15.7873339711219,0.0660060819037639,-0.124261038700564,9563.4526,26764.1452,-17200.6926,-0.148910681889393,-2.28358352418981E-05,0.00255570548752821
1777540625225,24062.9,24000,0,24122.4501953125,2.701171875,0.0212296961527561,-0.346430362876601,15.7873339711219,0.0660060819037639,-0.124261038700564,9563.4526,26764.1452,-17200.6926,-0.141699096658988,-0.000881657793335302,0.00141644566329064
1777540640915,24062.65,24000,0.818181818181818,24118.0735085227,2.5,-0.0223112428891639,-0.421256808895701,15.7873339711219,0.0660060819037639,-0.124261038700564,9563.4526,26764.1452,-17200.6926,-0.160329876331313,-2.18038749362954E-05,-0.00315997703347828
1777540656826,24060.4,24000,0.5,24109.7255859375,2.30078125,-0.0234017578996442,-0.447382526211948,15.7894341981515,0.0659990875839392,-0.124247871407167,9563.4526,26764.1452,-17200.6926,-0.122167447752219,0.00596754756194047,0.000282824643483703
1777540672675,24056.85,24000,0.818181818181818,24109.3268821023,3,-0.0145178187243063,-0.37932110735805,15.7894341981515,0.0659990875839392,-0.124247871407167,9563.4526,26764.1452,-17200.6926,-0.0848518595572535,0.0010891872499532,0.00455550270585806
1777540688309,24051.85,24000,0.882352941176471,24103.5466452206,0.900390625,-0.0331769665245277,-0.514154466965618,15.7894341981515,0.0659990875839392,-0.124247871407167,9563.4526,26764.1452,-17200.6926,-0.0294236803165169,-0.00567269277865701,-0.00535059506164888
1777540704399,24051.1,24000,0.882352941176471,24102.9059053309,1.599609375,-0.0102480028159051,-0.576866515546841,15.7894341981515,0.0659990875839392,-0.124247871407167,9563.4526,26764.1452,-17200.6926,-0.0920572099570826,-0.00883324925113218,-0.00355058557446741
1777540720269,24044.15,24000,0.894736842105263,24097.9105674342,1.69921875,-0.0164210636357676,-0.424864400083488,15.7913895819377,0.0608610931509193,-0.131534687692829,9563.4526,26764.1452,-17200.6926,-0.17378939812444,-0.0100469849429707,-0.00304975268640925
1777540735859,24053.6,24000,0,24105.7998046875,1.798828125,0.00871782169497926,-0.408258163144565,15.7913895819377,0.0608610931509193,-0.131534687692829,9563.4526,26764.1452,-17200.6926,-0.195229344668837,-0.00519973016160907,-0.00269926965540649
1777540751609,24055.75,24000,0.5,24109.8002929688,2.400390625,0.0196534950509026,-0.39836761788087,15.7913895819377,0.0608610931509193,-0.131534687692829,9563.4526,26764.1452,-17200.6926,-0.14911169753313,-0.00782026353770227,-0.00190412908917147
1777540767078,24056.3,24000,0,24107.650390625,0.69921875,0.00247137698410773,-0.435868040955838,15.7913895819377,0.0608610931509193,-0.131534687692829,9563.4526,26764.1452,-17200.6926,-0.0769632096899277,-0.00837005338485597,-0.00228341022956309
1777540782965,24052.35,24000,0.333333333333333,24103.0325520833,0.5,-0.0105956397654552,-0.439971158536155,15.7932146068048,0.0659844132266598,-0.124220245909255,9563.4526,26764.1452,-17200.6926,0.0333911195987036,-0.0056551823245434,-0.00432567919100685
1777540799929,24042.9,24000,0.333333333333333,24095.0670572917,1,0.01142214077135,-0.480049207384201,15.7932146068048,0.0659844132266598,-0.124220245909255,9563.4526,26764.1452,-17200.6926,0.00514781220149303,-0.00656642947370537,-0.00470425360646268
1777540815760,24031.5,24000,0.6,24092.43984375,0.798828125,0.0410945698485118,-0.401834018053784,15.7932146068048,0.0659844132266598,-0.124220245909255,9563.4526,26764.1452,-17200.6926,0.0188745501311546,-0.00468264678701611,-0.00203872085481765
1777540830957,24021.2,24000,0.6,24085.29921875,2,0.0474744211106463,-0.45009406716175,15.7952328143495,0.0607946576787502,-0.131391105502121,9563.4526,26764.1452,-17200.6926,-0.0276621442974375,-0.00768784270695172,-0.00576409224673394
1777540847867,24018,24000,0,24081.5,1.6015625,0.0417754759865097,-0.400269654615728,15.7952328143495,0.0607946576787502,-0.131391105502121,9563.4526,26764.1452,-17200.6926,-0.148961772969241,-0.00960891081494896,-0.00742209383835131
1777540863657,24016.95,24000,0.333333333333333,24083.43359375,2.900390625,0.0653885543295775,-0.271364763673676,15.7952328143495,0.0607946576787502,-0.131391105502121,9563.4526,26764.1452,-17200.6926,-0.177636619909435,-0.00630201251292177,-0.0118609384302521
1777540879524,24020.3,24000,0.888888888888889,24086.8607855903,4.298828125,0.0752580145870356,-0.274454987126002,15.7952328143495,0.0607946576787502,-0.131391105502121,9563.4526,26764.1452,-17200.6926,-0.202131118878013,-0.0101135043290826,-0.0121868918347479
1777540895768,24016.25,24000,0.857142857142857,24084.0421316964,2.19921875,0.0560926016017726,-0.256845876784742,15.7971248839226,0.0607823829343685,-0.131364576983076,9563.4526,26764.1452,-17200.6926,-0.065619153386232,-0.00431451286475316,-0.0118189275782575
1777540910773,24018.25,24000,0.894736842105263,24085.6740337171,4.30078125,0.0246994726047324,-0.326116074979709,15.7971248839226,0.0607823829343685,-0.131364576983076,9563.4526,26764.1452,-17200.6926,0.059646932854542,0.00104880984161487,-0.0158012594694336
1777540926569,24031.15,24000,0.5,24092.0244140625,2.69921875,0.0812227909125049,-0.318480282604562,15.7971248839226,0.0607823829343685,-0.131364576983076,9563.4526,26764.1452,-17200.6926,0.0694642282047669,0.00308282848195111,-0.0200396555639727
1777540942044,24020,24000,0.2,24084.019921875,4.701171875,0.055476291516178,-0.347680023087046,15.7971248839226,0.0607823829343685,-0.131364576983076,9563.4526,26764.1452,-17200.6926,0.0779616102762315,0.00448849886587239,-0.0165520003390236
1777540957862,24021.8,24000,0,24084.0498046875,3.298828125,0.0500530174647585,-0.226187351763234,15.7989022826125,0.0607997194290107,-0.131402045097604,9563.4526,26764.1452,-17200.6926,0.035954288747566,0.000213280616232522,-0.0109198057614743
1777540973789,24022.4,24000,0.466666666666667,24085.5467447917,3.201171875,0.0923290786599298,-0.0520348515819285,15.7989022826125,0.0607997194290107,-0.131402045097604,9563.4526,26764.1452,-17200.6926,0.0336702178805066,-0.00648600119091133,-0.0070208506080541
1777540990507,24020.8,24000,0,24081.5,1,0.0561741758853967,-0.0804624051725636,15.7989022826125,0.0607997194290107,-0.131402045097604,9563.4526,26764.1452,-17200.6926,-0.0634687456177986,-0.00889292749908498,-0.00937286910008556
1777541005711,24022.55,24000,0,24082.8505859375,2.099609375,0.0959160926090386,0.0315813144428659,15.7989022826125,0.0607997194290107,-0.131402045097604,9563.4526,26764.1452,-17200.6926,-0.0871846719461243,-0.00884152997613931,-0.00758663307463917
1777541020930,24020.95,24000,0.307692307692308,24079.7993539663,2.599609375,0.0544880906619076,0.0220849152490055,15.8005751284382,0.0607960496600719,-0.131394113890879,9563.4526,26764.1452,-17200.6926,-0.0648152842027246,-0.00913346277143782,-0.00910286362462751
1777541036753,24027.95,24000,0.333333333333333,24093.2330729167,3.80078125,0.0551952239113383,-0.0456800390313207,15.8005751284382,0.0607960496600719,-0.131394113890879,9563.4526,26764.1452,-17200.6926,-0.0997045490282541,-0.0159041076469091,-0.00952213987657856
1777541052662,24031.6,24000,0.9,24091.4892578125,4.19921875,0.0539801599436476,-0.0722418409715543,15.8005751284382,0.0607960496600719,-0.131394113890879,9563.4526,26764.1452,-17200.6926,-0.0445002654519987,-0.00584290504923768,-0.00349988994172265
1777541068609,24028.45,24000,0,24086.2001953125,0.400390625,0.0639259320075784,-0.188529911434062,15.8005751284382,0.0607960496600719,-0.131394113890879,9563.4526,26764.1452,-17200.6926,-0.0304800049894529,-0.00483548606081959,-0.00409006397551806
1777541084200,24024.3,24000,0.882352941176471,24082.6051240809,1.599609375,0.0661609818692405,-0.237074556948152,15.8018769912815,0.0608080713169405,-0.13142009543015,9563.4526,26764.1452,-17200.6926,-0.0851110779649794,-0.00997515493287144,-0.00674538791259815
1777541099743,24025.1,24000,0.894736842105263,24084.87890625,2.30078125,0.0328109361803129,-0.267359444786747,15.8018769912815,0.0608080713169405,-0.13142009543015,9563.4526,26764.1452,-17200.6926,-0.105437218301747,-0.0114001354047444,-0.00284650227037411
1777541115669,24028.8,24000,0.904761904761905,24085.957124256,0.900390625,0.0729828886734531,-0.195111367926037,15.8018769912815,0.0608080713169405,-0.13142009543015,9563.4526,26764.1452,-17200.6926,-0.14524926266807,-0.013609904598762,-0.00465117999761363
1777541131706,24027.75,24000,0.9,24086.6192382813,1.599609375,0.0846522279237005,-0.12549327980436,15.8018769912815,0.0608080713169405,-0.13142009543015,9563.4526,26764.1452,-17200.6926,-0.126105606667403,-0.00556632758421611,-0.00402767101111627
1777541147293,24026.5,24000,0,24086.75,0.69921875,0.0767819984277317,-0.242339078163176,15.813404216616,0.0608012379540889,-0.131405326976249,9563.4526,26764.1452,-17200.6926,-0.109441699146133,-0.00387873464812661,-0.00172060118013934
1777541162792,24025,24000,0.7,24088.6701171875,2.19921875,0.121933303197457,-0.101554684941809,15.813404216616,0.0608012379540889,-0.131405326976249,9563.4526,26764.1452,-17200.6926,-0.0849209151693563,-0.00212944627666479,-0.00796628525302837
1777541178545,24029.2,24000,-0.25,24089.1870117188,1.30078125,0.13640738776079,-0.114453475376728,15.813404216616,0.0608012379540889,-0.131405326976249,9563.4526,26764.1452,-17200.6926,-0.0723819595247349,0.000657798537101001,-0.00694608179561201
1777541194686,24033.95,24000,0.9,24091.4349609375,1.30078125,0.125571391990912,-0.0896891079607119,15.813404216616,0.0608012379540889,-0.131405326976249,9563.4526,26764.1452,-17200.6926,-0.0948224872526064,0.00802413241017411,-0.00714242667779862
1777541210521,24024.6,24000,0,24084.650390625,0.69921875,0.10201576467429,-0.250152529098891,15.81436704342,0.0608228769364525,-0.131452093746936,9563.4526,26764.1452,-17200.6926,0.00092399367097891,0.0122005064223183,-0.00754860738321636
1777541227334,24030.65,24000,0.636363636363636,24086.1189630682,1,0.10895233694416,-0.123764637516545,15.81436704342,0.0608228769364525,-0.131452093746936,9563.4526,26764.1452,-17200.6926,-0.0284779184593649,0.00642822274671957,-0.00680467746431434
1777541243057,24027.9,24000,0.333333333333333,24086.2669270833,0.400390625,0.1231319139738,-0.0922864816271961,15.81436704342,0.0608228769364525,-0.131452093746936,9563.4526,26764.1452,-17200.6926,-0.112283519064467,0.00573121326767465,-0.00718538663910881
1777541258979,24027.7,24000,0,24084.3505859375,0.900390625,0.139553206603631,-0.0251752894161155,15.8152748515494,0.0608111083670968,-0.131426659187439,9563.4526,26764.1452,-17200.6926,-0.102554726526722,0.0103447053786917,-0.00666531905175126
1777541274710,24031.3,24000,0.925925925925926,24088.7267071759,2,0.15144865104735,0.0462723236185115,15.8152748515494,0.0608111083670968,-0.131426659187439,9563.4526,26764.1452,-17200.6926,-0.0899535541269379,0.0118151192813647,-0.00317711064975393
1777541290671,24032.85,24000,0.0666666666666667,24088.0864583333,1.099609375,0.128381726507342,0.0743285847047297,15.8152748515494,0.0608111083670968,-0.131426659187439,9563.4526,26764.1452,-17200.6926,-0.0669744152406381,0.00564747598593056,-0.00198238846306559
1777541306870,24034.1,24000,0.882352941176471,24091.8823529412,2,0.118162012657408,0.0797708722742178,15.8152748515494,0.0608111083670968,-0.131426659187439,9563.4526,26764.1452,-17200.6926,-0.0780689722280453,-0.00118019932363189,-0.00249860113497814
1777541323581,24037.6,24000,0.777777777777778,24097.7667100694,2.099609375,0.14420642746997,0.201851278089169,15.8161322258939,0.0608379356434775,-0.131484639043497,9563.4526,26764.1452,-17200.6926,-0.0814395786240328,0.00365952212173032,-0.0049372473510589
1777541339143,24037.3,24000,0.882352941176471,24098.8003216912,1.701171875,0.130394429127117,0.146998641190593,15.8161322258939,0.0608379356434775,-0.131484639043497,9563.4526,26764.1452,-17200.6926,-0.0711501406068242,0.00181435385886129,-0.00106114868045103
1777541354803,24047.7,24000,-0.2,24108.13984375,1.599609375,0.130270647112107,0.152189720640658,15.8161322258939,0.0608379356434775,-0.131484639043497,9563.4526,26764.1452,-17200.6926,-0.0735525774942402,-0.000871205724878336,0.00399238209604853
1777541370798,24049.45,24000,0,24109.4501953125,2.701171875,0.169850050255938,0.16283986316214,15.8161322258939,0.0608379356434775,-0.131484639043497,9563.4526,26764.1452,-17200.6926,-0.0111721665580363,-0.0075196215400555,0.00122888790126373
1777541386532,24053.4,24000,-0.5,24115.9252929688,0.099609375,0.199715475818976,0.284157948826115,15.8169432556792,0.0659730303140038,-0.127452553110335,9563.4526,26764.1452,-17200.6926,-0.144316395739608,-0.00716905609863932,0.000246113494100643
1777541403510,24049.75,24000,-0.75,24111.7631835938,3.69921875,0.189073184128291,0.27687562991211,15.8169432556792,0.0659730303140038,-0.127452553110335,9563.4526,26764.1452,-17200.6926,-0.228464743842981,-0.00915743504488461,-0.0053424803648691
1777541420299,24028.8,24000,-0.333333333333333,24096.666015625,10.400390625,0.149073624423533,0.198292864728876,15.8169432556792,0.0659730303140038,-0.127452553110335,9563.4526,26764.1452,-17200.6926,-0.233296040709994,-0.00922977665466613,-0.00589399432476837
1777541436205,24024.3,24000,0,24099.1005859375,4.599609375,0.169979586067264,0.215061987713577,15.8169432556792,0.0659730303140038,-0.127452553110335,9563.4526,26764.1452,-17200.6926,-0.203031385285647,-0.0164940886922802,-0.00308055574878877
1777541451308,24036.25,24000,0.333333333333333,24114.06640625,4.599609375,0.212007208526882,0.288024620977011,15.8179652500216,0.0608035157417061,-0.131410249794216,9563.4526,26764.1452,-17200.6926,-0.21902683097866,-0.0161814862524578,-0.00554668283952133
1777541467482,24028,24000,0.333333333333333,24102.7994791667,4.19921875,0.217957993570499,0.171704567843075,15.8179652500216,0.0608035157417061,-0.131410249794216,9563.4526,26764.1452,-17200.6926,-0.158915761363455,-0.00520359972678516,-0.0113576491407429
1777541483184,24012.7,24000,-0.166666666666667,24093.7250976563,2.701171875,0.16401267179733,0.138449541372625,15.8179652500216,0.0608035157417061,-0.131410249794216,9563.4526,26764.1452,-17200.6926,-0.24974655154312,-0.00692820708714899,-0.0127900385347679
1777541498983,24010.55,24000,-0.75,24091.9870605469,3.099609375,0.102524615915741,0.147638380429601,15.8179652500216,0.0608035157417061,-0.131410249794216,9563.4526,26764.1452,-17200.6926,-0.304773333691861,-0.00959944891439278,-0.0185103455949761
1777541514668,24007.3,24000,-0.166666666666667,24091.4005533854,2.400390625,0.103394405673397,0.125906980405105,15.8164446952641,0.0550049084831874,-0.126116432192035,1566.1438,21594.8824,-20028.7386,-0.327829498334247,-0.00810267667796079,-0.0175880517613217
1777541529686,24000.1,24000,0.294117647058824,24087.8416819853,1.30078125,-0.0944812167421705,-0.0201904514355579,15.8164446952641,0.0550049084831874,-0.126116432192035,1566.1438,21594.8824,-20028.7386,-0.284183475464003,-0.0057439243194491,-0.0183013968299675
1777541545346,24001,24000,-0.111111111111111,24088.1336805556,0.30078125,-0.0952423675698522,0.0428244503030467,15.8164446952641,0.0550049084831874,-0.126116432192035,1566.1438,21594.8824,-20028.7386,-0.241195228434712,-0.00733540858622679,-0.0146904171638355
1777541560425,23999.9,24050,0.333333333333333,24088.06640625,0.099609375,-0.105896685301415,0.0311254845725094,15.8150001682446,0.0477418998929367,-0.131465511009251,1566.1438,21594.8824,-20028.7386,-0.16686560455342,-0.00194614476062999,-0.0196481061219007
1777541577221,24007.85,24050,0.142857142857143,24090.8141741071,3.701171875,-0.100602431491649,0.125951271903214,15.8150001682446,0.0477418998929367,-0.131465511009251,1566.1438,21594.8824,-20028.7386,-0.153437415427591,-0.00644301458773241,-0.0123990668584057
1777541594122,23997.1,24050,0,24086.7998046875,2.599609375,-0.0797301227008117,0.0671080724941859,15.8150001682446,0.0477418998929367,-0.131465511009251,1566.1438,21594.8824,-20028.7386,-0.154880091008181,-0.0068820132872561,-0.00837751633645388
1777541609835,24000.1,24050,0,24094.44921875,2.5,-0.069110141725552,0.17028750975378,15.8150001682446,0.0477418998929367,-0.131465511009251,1566.1438,21594.8824,-20028.7386,-0.199818276966504,-0.00258836337441317,-0.000734785385135279
1777541625703,24007.25,24050,0.2,24097.98046875,0.80078125,-0.101872048096116,-0.0257405172445877,15.8136261059577,0.054997921347496,-0.126100411937681,1566.1438,21594.8824,-20028.7386,-0.132211914245506,0.00107856520667839,0.00376572852042209
1777541641698,24016.3,24050,-0.333333333333333,24101.3665364583,3.80078125,-0.0819852574731752,0.179406256897855,15.8136261059577,0.054997921347496,-0.126100411937681,1566.1438,21594.8824,-20028.7386,-0.104083103320181,-0.00879737763661844,-0.0066758640266505
1777541656856,24011.4,24050,0.0769230769230769,24099.0767728365,0.701171875,-0.088177681498176,0.16740006641969,15.8136261059577,0.054997921347496,-0.126100411937681,1566.1438,21594.8824,-20028.7386,-0.085484358816068,-0.00646979770049076,-0.00785161262819033
1777541673778,24011.35,24050,0,24094,1.80078125,-0.109063694327253,-0.147456336565446,15.8136261059577,0.054997921347496,-0.126100411937681,1566.1438,21594.8824,-20028.7386,-0.004396652071775,-0.0146139491347974,-0.00504038822777846
1777541690774,24008.05,24050,0.5,24093.3745117188,0.900390625,-0.107948284922468,-0.115611257610773,15.8123174752083,0.0549962031993752,-0.126096472530873,1566.1438,21594.8824,-20028.7386,0.0235839589189267,-0.0166921004602239,-0.00223312674724232
1777541706492,23998.75,24050,0.333333333333333,24087.6334635417,0.80078125,-0.0948186964606439,-0.157775356343111,15.8123174752083,0.0549962031993752,-0.126096472530873,1566.1438,21594.8824,-20028.7386,-0.0140097126928553,-0.0204648650285568,-0.00349005689370047
1777541723159,23992.25,24050,-0.5,24084.4252929688,0.099609375,-0.149106378201551,-0.304609295228598,15.8123174752083,0.0549962031993752,-0.126096472530873,1566.1438,21594.8824,-20028.7386,-0.042419818741774,-0.0228670233605432,-0.00134107560357587
1777541738825,23988.65,24050,0,24080.650390625,0.69921875,-0.220495197742746,-0.42854592545874,15.8123174752083,0.0549962031993752,-0.126096472530873,1566.1438,21594.8824,-20028.7386,-0.087675334816636,-0.019538296958262,-0.000953828146070089
1777541753964,23992.45,24050,0.5,24084.6752929688,0.900390625,-0.210709576846654,-0.287087164763818,15.8110697110054,0.0477236980281587,-0.131415389052234,1566.1438,21594.8824,-20028.7386,-0.036863104527315,-0.0150546658012813,-0.00348816063229579
1777541769846,23989.5,24050,-0.2,24082.060546875,0.400390625,-0.200101107831293,-0.245915643578867,15.8110697110054,0.0477236980281587,-0.131415389052234,1566.1438,21594.8824,-20028.7386,-0.0427517218025168,-0.0175824228292706,0.00148671714462668
1777541785596,23987.7,24050,-0.6,24080.48046875,0.8984375,-0.186902265851135,-0.322948276572182,15.8110697110054,0.0477236980281587,-0.131415389052234,1566.1438,21594.8824,-20028.7386,-0.129390284735243,-0.0184670215227771,0.0002603256017398
1777541801169,23992.1,24050,0.5,24083.8500976563,0.599609375,-0.187040123391253,-0.316962986818903,15.8110697110054,0.0477236980281587,-0.131415389052234,1566.1438,21594.8824,-20028.7386,-0.107137854906768,-0.015449044626347,0.000232750469028754
1777541816634,23996.75,24050,0.333333333333333,24087.3665364583,1.900390625,-0.143837758248304,-0.402077403022677,15.8098786633571,0.047727577114095,-0.131426070780778,1566.1438,21594.8824,-20028.7386,-0.188253747315652,-0.00964699507536102,-0.00464474593425003
1777541833726,23998.3,24050,0.142857142857143,24086.2566964286,2.19921875,-0.144302819579847,-0.313741393791894,15.8098786633571,0.047727577114095,-0.131426070780778,1566.1438,21594.8824,-20028.7386,-0.215798592753634,-0.0131011418097318,-0.00171448798791334
1777541850701,23996.5,24050,0,24082.55078125,0.5,-0.139300580477228,-0.300490805776601,15.8098786633571,0.047727577114095,-0.131426070780778,1566.1438,21594.8824,-20028.7386,-0.152368691525251,-0.00274044518726175,-0.00337691071524115
1777541866939,23987.8,24050,0.333333333333333,24079.8671875,2.80078125,-0.137987309741222,-0.354581633919387,15.8087405511599,0.0477247921293202,-0.131418401847464,1566.1438,21594.8824,-20028.7386,-0.193433860703683,-0.00361989890733375,0.000219820184845281
1777542719206,24001.8,24100,0.384615384615385,24099.7307692308,2.5,-0.094619105652443,-0.222511067130836,16.1461503300121,0.0510433245854275,-0.109487563121197,-1629.96014999999,20099.8057,-21729.76585,0.138428493388331,-0.00129723495761451,0.00204671613471563
1777542736097,23997.9,24100,0,24095.849609375,1.69921875,-0.0942652268620594,-0.295892413710486,16.1461503300121,0.0510433245854275,-0.109487563121197,-1629.96014999999,20099.8057,-21729.76585,0.123665364802281,-0.00286758070553649,0.000902917364225621
1777542751707,23988.9,24100,0.851851851851852,24091.1103877315,1.19921875,-0.0887904925324971,-0.374220519952914,16.1461503300121,0.0488317314727129,-0.111445616751032,-1629.96014999999,20099.8057,-21729.76585,-0.00689198357348699,-0.00782648946386615,0.00229094595058438
1777542767418,23988.1,24100,-0.777777777777778,24090.93359375,0.298828125,-0.0905353033017996,-0.385386804677308,16.1461503300121,0.0488317314727129,-0.111445616751032,-1629.96014999999,20099.8057,-21729.76585,-0.0294723668167439,-0.0110028575891979,0.00173717381161431
1777542783000,23988.4,24100,-0.0909090909090909,24093.13671875,0.30078125,-0.0789020624526181,-0.296307295293166,16.1461503300121,0.0488317314727129,-0.111445616751032,-1629.96014999999,20099.8057,-21729.76585,-0.00800217386327466,-0.00205625556384146,-0.00080710104461257
1777542799916,23992,24100,-0.5,24097.2998046875,0.80078125,-0.0871257858233344,-0.232057042466955,16.1461503300121,0.0488317314727129,-0.111445616751032,-1629.96014999999,20099.8057,-21729.76585,0.0224475040049483,0.00334914794785087,0.00102900165147263
1777542815560,23998.1,24100,-0.166666666666667,24098.2498372396,0.599609375,-0.0848846678089316,-0.152072434942712,16.1461503300121,0.0488409929562051,-0.11146675365748,-1629.96014999999,20099.8057,-21729.76585,-0.0180982075624116,0.000401180118004804,-0.00427130309366186
1777542831677,24002.25,24100,0.473684210526316,24102.3268914474,1.80078125,-0.0666165604341156,-0.0225923981453545,16.1461503300121,0.0488409929562051,-0.11146675365748,-1629.96014999999,20099.8057,-21729.76585,0.04507451940643,0.00766387624307221,-0.00807520250146138
1777542847779,24005.25,24100,0.732142857142857,24104.7321428571,2,-0.0428797759090966,0.150684754240526,16.1461503300121,0.0488409929562051,-0.11146675365748,-1629.96014999999,20099.8057,-21729.76585,0.0920599393270962,0.0106352259835611,-0.00453248294676607
1777542863623,24009.45,24100,-0.666666666666667,24105.8173828125,0.099609375,-0.0336089670755385,0.162775533342299,16.1461503300121,0.0488409929562051,-0.11146675365748,-1629.96014999999,20099.8057,-21729.76585,0.091354879081604,0.00912737996042624,-0.012429368753665
1777542879803,24008.25,24100,-0.133333333333333,24106.4333333333,1,-0.0277200763912957,0.255112824515482,16.1461503300121,0.0548694958485903,-0.107357119483116,-1629.96014999999,20099.8057,-21729.76585,0.116756620175586,0.00945847880964639,-0.0165666018103102
1777542895560,24009.5,24100,0.428571428571429,24107.4285714286,2,-0.0129031838788478,0.308702508198943,16.1461503300121,0.0548694958485903,-0.107357119483116,-1629.96014999999,20099.8057,-21729.76585,0.0497265021037742,0.00188064203628172,-0.0082299866124544
1777542910563,24011.65,24100,-0.2,24107.4,1,0.00175746425033424,0.4413161871041,16.1461503300121,0.0548694958485903,-0.107357119483116,-1629.96014999999,20099.8057,-21729.76585,0.00520047187769923,0.000712825441935716,-0.00780308717055807
1777542926292,24010.25,24100,0.666666666666667,24113.75,4.5,0.0148586753505785,0.774260629064204,16.1461503300121,0.0548694958485903,-0.107357119483116,-1629.96014999999,20099.8057,-21729.76585,-0.0364367034486463,0.00353550445900606,-0.0108749111142742
1777542941763,24009.2,24100,0,24114.3994140625,0.599609375,0.0226196458199426,0.774555852074323,16.1461503300121,0.0548738381367382,-0.107365615561681,-1629.96014999999,20099.8057,-21729.76585,-0.0997881174220781,0.00231412240959394,-0.00956278748225176
1777542958652,24010.95,24100,0.2,24115.71953125,6.19921875,0.0384999235168933,0.628608292879867,16.1461503300121,0.0548738381367382,-0.107365615561681,-1629.96014999999,20099.8057,-21729.76585,-0.107968189878985,0.000437459970220374,-0.00266997472963418
1777542975547,24011.4,24100,-0.875,24113.7180175781,0.30078125,0.0494637396948795,0.607442043652647,16.1461503300121,0.0548738381367382,-0.107365615561681,-1629.96014999999,20099.8057,-21729.76585,-0.241466194847351,-0.00719387529697869,0.00204361592333787
1777542992673,24015.05,24100,0,24121.75,0.5,0.0555703356438761,0.733126067172876,16.1461503300121,0.0548738381367382,-0.107365615561681,-1629.96014999999,20099.8057,-21729.76585,-0.13367350968733,0.00151799395954764,0.00846497686977948
1777543008634,24020.65,24100,-0.857142857142857,24124.3507254464,0.69921875,0.0706736911800593,0.653166820497256,16.1461503300121,0.0548843510448856,-0.107386185015047,-1629.96014999999,20099.8057,-21729.76585,-0.0711506778556589,0.00214695076744965,0.00804570442575665
1777543024669,24018.15,24100,0.5,24122.8999023438,2.798828125,0.0949036426788417,0.474059950894827,16.1461503300121,0.0548843510448856,-0.107386185015047,-1629.96014999999,20099.8057,-21729.76585,-0.137456471492119,-0.000298319358012875,0.00857365493400689
1777543041508,24021.35,24100,0,24122.099609375,0.19921875,0.109411316332183,0.393844183661528,16.1461503300121,0.0548843510448856,-0.107386185015047,-1629.96014999999,20099.8057,-21729.76585,-0.122091445643303,0.000308611356890767,0.00259152757174098
1777543057822,24021.35,24100,0.6,24124.28046875,2.6015625,0.111415973856483,0.471380517249878,16.1461503300121,0.0549002346778475,-0.107417262776112,-1629.96014999999,20099.8057,-21729.76585,-0.112355650166521,0.00501564632618137,0.00567146945106629
1777543073781,24025.95,24100,0.849462365591398,24128.0921118952,0.099609375,0.104018669851309,0.494294336606097,16.1461503300121,0.0549002346778475,-0.107417262776112,-1629.96014999999,20099.8057,-21729.76585,-0.0619710867817543,0.00789775189329451,0.00158789012208385
1777543090602,24025.15,24100,-0.5,24129.1748046875,0.69921875,0.090562790444266,0.413559369403537,16.1461503300121,0.0549002346778475,-0.107417262776112,-1629.96014999999,20099.8057,-21729.76585,0.0588322639592836,0.0174889477337147,-0.00467671543647252
1777543106488,24031.25,24100,0.4,24136.389453125,7.69921875,0.0991725832401009,0.503731782172752,16.1461503300121,0.0549002346778475,-0.107417262776112,-1629.96014999999,20099.8057,-21729.76585,0.0866551081607112,0.0192389701265348,-0.000710604157160028
1777543122239,24039.85,24100,-0.372549019607843,24131.0887714461,5.69921875,0.0949353623116801,0.48134325564741,16.1461503300121,0.0549299450704381,-0.107475393839974,-1629.96014999999,20099.8057,-21729.76585,0.0646911669155193,0.0109200069761066,0.00176568579003535
1777543138115,24041.15,24100,0.142857142857143,24130.3141741071,0.201171875,0.0731476424794956,0.500561267304213,16.1461503300121,0.0549299450704381,-0.107475393839974,-1629.96014999999,20099.8057,-21729.76585,0.151862246806076,0.0132620766666767,-0.0039287512124292
1777543153749,24040.4,24100,-0.6,24123.759375,5.30078125,0.0539525755979132,0.225359890095996,16.1461503300121,0.0549299450704381,-0.107475393839974,-1629.96014999999,20099.8057,-21729.76585,0.148567334699134,0.00734116865619958,-0.0081964216653183
1777543169842,24043.9,24100,0,24126.5,7,0.026434898521499,0.228797627964179,16.1461503300121,0.0549299450704381,-0.107475393839974,-1629.96014999999,20099.8057,-21729.76585,0.0811389988406452,0.00520400925665259,-0.00969315559195261
1777543186169,24038,24100,0,24128.7998046875,7.400390625,0.0206432419471284,0.079140494048451,16.1348332203513,0.0549465143278444,-0.107507813087127,-1629.96014999999,20099.8057,-21729.76585,0.0240308776944926,0.00162660790148723,-0.0157992403532908
1777543202042,24048.55,24100,0.5,24133.6494140625,10.19921875,0.024869312826424,0.21610407642064,16.1348332203513,0.0549465143278444,-0.107507813087127,-1629.96014999999,20099.8057,-21729.76585,0.0176526029650518,0.000145667524763202,-0.012276387590133
1777543217837,24044.35,24100,0.5,24133.6494140625,10.19921875,0.024869312826424,0.21610407642064,16.1348332203513,0.0549465143278444,-0.107507813087127,-1629.96014999999,20099.8057,-21729.76585,0.0176526029650518,0.000145667524763202,-0.012276387590133
1777543234788,24044.35,24100,0.5,24133.6494140625,10.19921875,0.024869312826424,0.21610407642064,16.1348332203513,0.0549465143278444,-0.107507813087127,-1629.96014999999,20099.8057,-21729.76585,0.0176526029650518,0.000145667524763202,-0.012276387590133
1777543249902,24044.35,24100,0.5,24133.6494140625,10.19921875,0.024869312826424,0.21610407642064,16.1301732340204,0.0549513136989552,-0.107517203489751,-1629.96014999999,20099.8057,-21729.76585,0.0176526029650518,0.000145667524763202,-0.012276387590133
1777543265414,24044.35,24100,0.5,24133.6494140625,10.19921875,0.024869312826424,0.21610407642064,16.1301732340204,0.0549513136989552,-0.107517203489751,-1629.96014999999,20099.8057,-21729.76585,0.0176526029650518,0.000145667524763202,-0.012276387590133
1777543282326,23997.55,24100,0.5,24133.6494140625,10.19921875,0.024869312826424,0.21610407642064,16.1301732340204,0.0549513136989552,-0.107517203489751,-1629.96014999999,20099.8057,-21729.76585,0.0176526029650518,0.000145667524763202,-0.012276387590133
1777872699426,24191.45,24250,0,24279,8,0.02818806125730468,0.17761861012500174,20.106772724003452,0.2229050213583476,-0.31024360921522637,28165.1227,71549.15560000001,-43384.032900000006,-0.20317415446037718,0.004094231615062819,0.005716731559717678
1777872715071,24191.65,24250,0.2,24281,10,0.024724969575201764,0.2623723323942755,20.106772724003452,0.2322552944839678,-0.31026220572262864,28165.1227,71549.15560000001,-43384.032900000006,-0.11148567236191038,0.0059436218159959545,0.003919116260554977
1777872730990,24193.3,24250,0,24283.75,2.5,0.0761823834274678,0.21064372181527924,20.106772724003452,0.2322552944839678,-0.31026220572262864,28165.1227,71549.15560000001,-43384.032900000006,-0.06999427516374254,0.0053267929438185774,0.004363932225041989
1777872746757,24194.7,24250,-0.3333333333333333,24283.699869791668,3.599609375,0.020873140552416174,0.2489174276068917,20.106772724003452,0.2322552944839678,-0.31026220572262864,28165.1227,71549.15560000001,-43384.032900000006,-0.11242209011731291,0.00420725709659861,0.0071148801854178274
1777872762596,24192.65,24250,0,24279.1005859375,6.400390625,0.029173108700645066,0.297512815518119,20.106772724003452,0.2322552944839678,-0.31026220572262864,28165.1227,71549.15560000001,-43384.032900000006,-0.09919188272209932,0.0038933438362380255,-0.0006493734768534462
1777872777612,24191.7,24250,0,24283.2998046875,11.201171875,0.07177340167175221,0.3739070854073039,20.106772724003452,0.23225769464367665,-0.3102654120170083,28165.1227,71549.15560000001,-43384.032900000006,0.0030501898446433193,0.007110636071450457,-0.0040623516531188
1777872793247,24196.2,24250,0.6666666666666666,24289.316080729168,5.298828125,0.08029563961646283,0.3910089293917011,20.106772724003452,0.23225769464367665,-0.3102654120170083,28165.1227,71549.15560000001,-43384.032900000006,0.10779726902088221,0.007431197807144653,-0.0014133139003458552
1777872809108,24200.05,24250,-0.6666666666666666,24290.333333333332,2,0.09231335345000935,0.4767458688225563,20.106772724003452,0.23225769464367665,-0.3102654120170083,28165.1227,71549.15560000001,-43384.032900000006,0.0001382275802929636,-0.0012174059896689555,-0.0008331116840569869
1777872824710,24199.85,24250,0,24286.9501953125,3.900390625,0.04944078567185295,0.32199468992940866,20.106772724003452,0.23225769464367665,-0.3102654120170083,28165.1227,71549.15560000001,-43384.032900000006,-0.06740354090374844,0.002274331671095898,0.0096579665888242
1777872841564,24199.65,24250,0.3333333333333333,24292,3,0.048683358481120716,0.3008693019248011,20.106772724003452,0.24704848611736963,-0.30475750779661354,28165.1227,71549.15560000001,-43384.032900000006,-0.06760066138720719,0.0010684066012013214,0.010069537048057534
1777872858095,24200.6,24250,0,24292.5498046875,4.900390625,0.052577692682155175,0.25823993803030926,20.106772724003452,0.24704848611736963,-0.30475750779661354,28165.1227,71549.15560000001,-43384.032900000006,0.09416198826762985,0.002526349312478143,0.004734806148086506
1777872875053,24202.15,24250,0,24289.9501953125,9.900390625,0.06405928890753035,0.1947495787689184,20.106772724003452,0.24704848611736963,-0.30475750779661354,28165.1227,71549.15560000001,-43384.032900000006,0.06087633318856893,-0.0022581543577332597,-0.0003495595884791014
1777872890922,24203.25,24250,0.3333333333333333,24293.366536458332,1.900390625,0.071226821121552,0.29824256031775975,20.106772724003452,0.24704848611736963,-0.30475750779661354,28165.1227,71549.15560000001,-43384.032900000006,0.10172113482045081,-0.0007788940754031611,-0.0006897259119526155
1777872906694,24202,24250,0,24291.44921875,2.5,0.06560875693872253,0.4421541618613533,20.106772724003452,0.24709187111817532,-0.30481102726936604,28165.1227,71549.15560000001,-43384.032900000006,0.1796310212355665,0.006312072960217255,0.0003756515268202324
1777872922221,24203.6,24250,0,24295.2001953125,6.400390625,0.07116377086866645,0.48224110849802715,20.106772724003452,0.24709187111817532,-0.30481102726936604,28165.1227,71549.15560000001,-43384.032900000006,0.19354987313016414,0.008079344671481284,0.000702196824498951
1777872938100,24204.85,24250,-0.7777777777777778,24295.333333333332,3,0.0653461370600168,0.5705035365320668,20.106772724003452,0.24709187111817532,-0.30481102726936604,28165.1227,71549.15560000001,-43384.032900000006,0.07201558833939127,0.002855562011376157,0.00220826286229776
1777872953829,24207.45,24250,0,24295.2998046875,7.400390625,0.056303979534219804,0.48835793058206345,20.106772724003452,0.24709187111817532,-0.30481102726936604,28165.1227,71549.15560000001,-43384.032900000006,0.022629199535806017,0.00560329192941279,0.0014931293854781225
1777872969441,24206,24250,0.75,24298.5,4,0.0681342460445615,0.6695700569982999,20.106772724003452,0.24711790211865872,-0.3048431389530175,28165.1227,71549.15560000001,-43384.032900000006,0.0383110610654575,0.010216415959668107,0.002459636194398499
1777872985159,24202.15,24250,0.2,24292.640234375,4.400390625,0.0634512925777386,0.7521112365998737,20.106772724003452,0.24711790211865872,-0.3048431389530175,28165.1227,71549.15560000001,-43384.032900000006,0.1846909152610349,0.013103730213540069,0.0043184426749229236
1777873000862,24196.75,24250,-0.3333333333333333,24283.099609375,8.701171875,0.06772587500427038,0.8570461878648071,20.106772724003452,0.24711790211865872,-0.3048431389530175,28165.1227,71549.15560000001,-43384.032900000006,0.09893973004319143,0.005010171226032332,0.0035304027895605946
1777873017764,24198.55,24250,0,24289.7001953125,2.599609375,0.06757073686008658,0.9691526803842132,20.106772724003452,0.24711790211865872,-0.3048431389530175,28165.1227,71549.15560000001,-43384.032900000006,0.15771784805741507,0.013076102993404929,0.0023601474036258363
1777873033449,24199.15,24250,-0.8181818181818182,24281.181107954544,10.80078125,0.0704629433818634,1.0953168530407749,20.106772724003452,0.23232057882804896,-0.3103494169297565,28165.1227,71549.15560000001,-43384.032900000006,0.10129567990082312,0.007501926450530236,0.0017703048777294205
1777873050007,24198.9,24250,-0.8181818181818182,24288.727272727272,2.5,0.06168345950764813,1.0251310643943146,20.106772724003452,0.23232057882804896,-0.3103494169297565,28165.1227,71549.15560000001,-43384.032900000006,-0.01805280974165947,0.006180237413602743,0.001610594556060915
1777873066577,24202.55,24250,-0.8181818181818182,24290.45490056818,0.599609375,0.02106610219859293,1.0004006108229013,20.106772724003452,0.23232057882804896,-0.3103494169297565,28165.1227,71549.15560000001,-43384.032900000006,-0.11536380421986012,0.002500334012672598,0.00034799723774314224
1777873081592,24206.85,24250,0.3333333333333333,24294.133463541668,2.30078125,0.06255655707991413,1.0584202632573814,20.106772724003452,0.24710769388317505,-0.3048305461358993,28165.1227,71549.15560000001,-43384.032900000006,-0.1202057790587131,0.012363241799626197,0.0036007666318121547
1777873096766,24208.1,24250,-0.6923076923076923,24295.76923076923,5,0.053839111068409586,1.084819303987088,20.106772724003452,0.24710769388317505,-0.3048305461358993,28165.1227,71549.15560000001,-43384.032900000006,-0.06849101245289518,0.005299450405726549,-0.0007849894159747586
1777873112523,24210.95,24250,-0.6363636363636364,24295.909090909092,5,0.04821714048496516,0.9703612975972491,20.106772724003452,0.24710769388317505,-0.3048305461358993,28165.1227,71549.15560000001,-43384.032900000006,-0.005480132481304422,0.00797997744772037,-0.0005913361320312558
1777873129308,24209.55,24250,0,24296.349609375,5.30078125,0.017190042001269088,1.194292940814848,20.106772724003452,0.24710769388317505,-0.3048305461358993,28165.1227,71549.15560000001,-43384.032900000006,-0.012181020763745753,-8.471685655429241e-05,0.0010588687766432605
1777873144821,24213.2,24250,0,24307.5,4.19921875,0.04423843471979735,1.120819632110348,20.106772724003456,0.24715771423704513,-0.29750057384969625,28165.1227,71549.15560000001,-43384.032900000006,-0.08322088591900428,-0.001290364765605374,0.0019046754237196024
1777873159825,24213.95,24250,0,24307.4501953125,2.900390625,0.054230576095739516,1.1250021530114591,20.106772724003456,0.24715771423704513,-0.29750057384969625,28165.1227,71549.15560000001,-43384.032900000006,0.015449775734384118,0.0005063739804480032,-0.0009401208935841327
1777873176021,24210.5,24250,-0.75,24305.0625,4.5,0.05855390576666745,1.1683821425379117,20.106772724003456,0.24715771423704513,-0.29750057384969625,28165.1227,71549.15560000001,-43384.032900000006,0.16410827578705373,0.0056972641849242596,-0.0006478166769609665
1777873191042,24212,24250,0.3333333333333333,24303,4.5,0.05356148801842267,0.8179070137261156,20.106772724003456,0.24715771423704513,-0.29750057384969625,28165.1227,71549.15560000001,-43384.032900000006,0.09856498030205144,0.0014728865409423244,0.0008910579723938626
1777873206472,24208.75,24250,0.5,24301.60009765625,11.599609375,0.04652049710343991,0.7281720209235084,20.106772724003456,0.2470888086475302,-0.30480724942423054,28165.1227,71549.15560000001,-43384.032900000006,0.15398820225076693,0.0047581172450435645,-0.0008356406116970343
1777873222618,24210.95,24250,0,24301.099609375,7.80078125,0.06737270796450645,0.8259806737862115,20.106772724003456,0.2470888086475302,-0.30480724942423054,28165.1227,71549.15560000001,-43384.032900000006,0.19818824381411265,0.002201187616294233,-0.004126060884752361
1777873237994,24207,24250,0.8333333333333334,24301.09130859375,6.099609375,0.061582180249807585,0.6797748209860457,20.106772724003456,0.2470888086475302,-0.30480724942423054,28165.1227,71549.15560000001,-43384.032900000006,0.3873250455602787,0.012561160212987739,-0.003904879850417224
1777873253609,24205.4,24250,0.6666666666666666,24298.966796875,0.19921875,0.049842974443349494,0.38649173652321045,20.106772724003456,0.2470888086475302,-0.30480724942423054,28165.1227,71549.15560000001,-43384.032900000006,0.40140660896887653,0.005633932187544858,-0.0049402554025719785
1777873270311,24206.65,24250,0.5555555555555556,24298.37717013889,3.69921875,0.05029432722502904,0.15210518269926995,20.106772724003456,0.24709748564769135,-0.30481795331878103,28165.1227,71549.15560000001,-43384.032900000006,0.412901129644549,0.007278777527625245,-0.0010790509438571394
1777873286084,24210.4,24250,-0.3333333333333333,24299.500651041668,11.099609375,0.03984392887000272,0.22456038730449832,20.106772724003456,0.24709748564769135,-0.30481795331878103,28165.1227,71549.15560000001,-43384.032900000006,0.3973486119406002,0.0035561849233390827,-0.0030170485211195542
1777873301973,24212.55,24250,0,24303.650390625,11.5,0.04130063544064657,0.32981455333267545,20.106772724003456,0.24709748564769135,-0.30481795331878103,28165.1227,71549.15560000001,-43384.032900000006,0.31061532547645476,0.004945204992642323,-0.0021781242634296856
1777873317779,24212.95,24250,0.5,24306.9755859375,9.30078125,0.03830647055233351,0.24567163781098286,20.106772724003456,0.24709748564769135,-0.30481795331878103,28165.1227,71549.15560000001,-43384.032900000006,0.275388168444438,0.011595923139587669,-5.2841205713424354e-05
1777873333784,24216.65,24250,0.42857142857142855,24306.92801339286,9.69921875,0.062180324131813125,0.2964770911895078,20.106772724003456,0.2471725161784965,-0.2975183907569673,28165.1227,71549.15560000001,-43384.032900000006,0.24261349961972428,0.010129856850987582,-0.003507106762264321
1777873349467,24215.15,24250,0.3333333333333333,24306,9,0.09730120154590804,0.3693302857683542,20.106772724003456,0.2471725161784965,-0.2975183907569673,28165.1227,71549.15560000001,-43384.032900000006,0.22323872454560703,0.012666231825465042,-0.002218077118686886
1777873365578,24214.5,24250,-0.6666666666666666,24307.3837890625,2.900390625,0.09428054023628951,0.4705942951765742,20.106772724003456,0.2471725161784965,-0.2975183907569673,28165.1227,71549.15560000001,-43384.032900000006,0.1365717838525795,0.009953353514824298,-0.0037979457586837595
1777873381255,24215.9,24250,0.75,24309.35009765625,5.19921875,0.04938855442639395,0.6434254051586203,20.106772724003456,0.24720160964962506,-0.2975534101953965,28165.1227,71549.15560000001,-43384.032900000006,0.2685273071903,0.016307065194091874,-0.002203483108412947
1777873397987,24215.8,24250,0.8181818181818182,24309.708451704544,5.3984375,0.03982271507460768,0.692407243804902,20.106772724003456,0.24720160964962506,-0.2975534101953965,28165.1227,71549.15560000001,-43384.032900000006,0.3095066018892766,0.01497646023011491,-0.0007583934966425365
1777873413913,24217.35,24250,-0.3333333333333333,24310.899739583332,5.1015625,0.06710330107928315,0.5999257475857135,20.106772724003456,0.24720160964962506,-0.2975534101953965,28165.1227,71549.15560000001,-43384.032900000006,0.0829491523170042,0.0027262962423260343,0.0027479355918147083
1777873429817,24216.65,24250,0.6363636363636364,24309.791370738636,6.099609375,0.06802708481539584,0.6428983950520462,20.106772724003456,0.24720160964962506,-0.2975534101953965,28165.1227,71549.15560000001,-43384.032900000006,-0.08513831730288318,0.008465082259326422,0.0056287207031204935
1777873445700,24219.45,24250,0,24315.4501953125,3.701171875,0.059128276600156474,0.7219628122886167,20.106772724003456,0.24723121353252775,-0.2975890440099384,28165.1227,71549.15560000001,-43384.032900000006,-0.0624567750764291,0.012215323048523168,0.0034655782581524174
1777873461638,24221.05,24250,-0.5384615384615384,24308.82286658654,11.80078125,0.05004361420085295,0.605072502900434,20.106772724003456,0.24723121353252775,-0.2975890440099384,28165.1227,71549.15560000001,-43384.032900000006,0.11765301393106853,0.016178139389792855,0.004706840162775447
1777873478408,24222.2,24250,0.3333333333333333,24314.666666666668,7,0.06698313692810882,0.7162221332425367,20.106772724003456,0.24723121353252775,-0.2975890440099384,28165.1227,71549.15560000001,-43384.032900000006,0.200263472136885,0.017326493336887613,0.00836467920843577
1777873494212,24227.4,24250,-0.6,24321.3203125,4.599609375,0.05577096838791924,0.6702748182129447,20.106772724003456,0.24723121353252775,-0.2975890440099384,28165.1227,71549.15560000001,-43384.032900000006,-0.05551407369542178,0.006358762169889363,0.0044990408875115835
1777873511219,24230.5,24250,-0.5,24326.97509765625,5.900390625,0.05768459518667325,0.7578670145086058,20.106772724003456,0.22317204834578258,-0.3418264579051907,44553.3582,82068.50665000001,-37515.14844999999,-0.0660115979697368,0.01443099133851906,0.010068691143090688
1777873526870,24232,24250,-0.7391304347826086,24326.334833559784,6.400390625,0.0737560318971375,0.6650476952692975,20.106772724003456,0.22317204834578258,-0.3418264579051907,44553.3582,82068.50665000001,-37515.14844999999,-0.0694177710937575,0.0127653153799799,0.009808230297327523
1777873542726,24234.45,24250,-0.3333333333333333,24327.533203125,6.099609375,0.062368586862490284,0.6325831240380454,20.106772724003456,0.22317204834578258,-0.3418264579051907,44553.3582,82068.50665000001,-37515.14844999999,-0.05056301625800554,0.007385874008378028,0.011611512746608831
1777873558255,24236.25,24250,0,24327.75,4.5,0.06852163565771374,0.4967387623892302,20.106772724003456,0.22317204834578258,-0.3418264579051907,44553.3582,82068.50665000001,-37515.14844999999,-0.1305226348088419,0.004715875625551942,0.010953552230737651
1777873573787,24235.45,24200,0.4117647058823529,24328.106158088234,4.400390625,0.08065077217441517,0.42087628603313615,20.106772724003456,0.2232632433133758,-0.3419661387163954,44553.3582,82068.50665000001,-37515.14844999999,-0.18245060294726959,0.00017205725728434006,0.010531910108012037
1777873588924,24233.85,24200,0.3333333333333333,24328.399739583332,1.80078125,0.07332797812697464,0.5684431934377887,20.106772724003456,0.2232632433133758,-0.3419661387163954,44553.3582,82068.50665000001,-37515.14844999999,-0.05018596481344448,0.011669798243438364,0.005611839065258955
1777873605465,24235.5,24200,-0.3333333333333333,24327.833333333332,0.701171875,0.07810972131738132,0.5644566442193818,20.106772724003456,0.2232632433133758,-0.3419661387163954,44553.3582,82068.50665000001,-37515.14844999999,-0.06491061292376957,-0.0008954595055144851,0.004362651753682977
1777873621423,24237.05,24200,-0.2,24330.959765625,3.400390625,0.0736216810468821,0.3883142911799656,20.106772724003456,0.2232632433133758,-0.3419661387163954,44553.3582,82068.50665000001,-37515.14844999999,-0.09617066659648746,-0.0030208993802847374,0.0038483570337809856
1777873637355,24239.2,24200,-0.5,24332.35009765625,3.400390625,0.06132317008060487,0.4489051322227864,20.106772724003456,0.2332344257629923,-0.3420134044454395,44553.3582,82068.50665000001,-37515.14844999999,-0.1135532359242867,0.00446093326807416,0.004848189857772877
1777873654214,24240.3,24200,-0.6,24331.8,1.5,0.06102576269232885,0.34298266043013,20.106772724003456,0.2332344257629923,-0.3420134044454395,44553.3582,82068.50665000001,-37515.14844999999,-0.15800060721087897,0.0033335824891580694,0.004242732229222875
1777873669223,24238.5,24200,0.8181818181818182,24330.909090909092,1,0.05789690757692727,0.31987287255560376,20.106772724003456,0.2332344257629923,-0.3420134044454395,44553.3582,82068.50665000001,-37515.14844999999,-0.11415016414256003,-0.0009162353003956879,0.0036239183899344405
1777873684289,24237.05,24200,0.8181818181818182,24330.909090909092,1,0.0393705991486848,0.07064577933158994,20.106772724003456,0.23321566347961376,-0.341985891558384,44553.3582,82068.50665000001,-37515.14844999999,-0.05077269815977295,-0.0031245010404153174,0.00454041750261806
1777873701480,24235.05,24200,-0.2,24327.8796875,1.701171875,0.006089924656841124,-0.03131088017083262,20.106772724003456,0.23321566347961376,-0.341985891558384,44553.3582,82068.50665000001,-37515.14844999999,-0.008297941351420602,-0.004119013101108209,0.003573976365641038
1777873717259,24236.25,24200,0,24328.75,0.30078125,0.04756849073461125,-0.04641293731786485,20.106772724003456,0.23321566347961376,-0.341985891558384,44553.3582,82068.50665000001,-37515.14844999999,-0.05420597692451912,-0.008232281306362882,0.004500262647200213
1777873733130,24237.8,24200,0,24329.650390625,2.5,0.04277631905753312,-0.014329677364356497,20.106772724003456,0.23321566347961376,-0.341985891558384,44553.3582,82068.50665000001,-37515.14844999999,-0.11099449708013436,-0.0006416247764158826,0.005625888886843869
1777873748794,24237.35,24200,0,24330.0498046875,0.099609375,0.03812925160838916,0.025081036601439448,20.106772724003456,0.2232664673778867,-0.3419710769268926,44553.3582,82068.50665000001,-37515.14844999999,-0.06444440933062177,0.0077908176606896196,0.004918396702096242
1777873764918,24234.95,24200,-0.5,24326.875,5.5,0.037269877669518586,0.017989261738870096,20.106772724003456,0.2232664673778867,-0.3419710769268926,44553.3582,82068.50665000001,-37515.14844999999,-0.20998643650818424,-0.004058768964355683,0.004438182521384005
1777873780794,24233.5,24200,-0.5,24327.82421875,2.5,0.022903993318424482,-0.02349583836057532,20.106772724003456,0.2232664673778867,-0.3419710769268926,44553.3582,82068.50665000001,-37515.14844999999,-0.07294181991701587,0.004246610267637905,0.00462241121411346
1777873797737,24230.15,24200,0.7142857142857143,24323.014508928572,6.201171875,-0.011398743945085447,-0.17887390377706566,20.106772724003456,0.2232664673778867,-0.3419710769268926,44553.3582,82068.50665000001,-37515.14844999999,0.06537706799161645,0.004307513960378171,0.0010048341362446946
1777873813460,24231.45,24200,-0.5,24321.25,5,-0.0165601566348001,-0.17075176585461038,20.106772724003456,0.2231909321522034,-0.341855381709531,44553.3582,82068.50665000001,-37515.14844999999,0.1183727247895849,-0.007603497420900369,-0.0010428809515126462
1777873829591,24236.5,24200,-0.5555555555555556,24328.799696180555,5.400390625,-0.011133316374150135,-0.11964575340793916,20.106772724003456,0.2231909321522034,-0.341855381709531,44553.3582,82068.50665000001,-37515.14844999999,-0.07747360111145125,-0.00634691509882925,0.002202957220077058
1777873846510,24234.6,24200,0.3333333333333333,24327.533854166668,8.30078125,-0.019268029601533898,-0.1465653009936375,20.106772724003456,0.2231909321522034,-0.341855381709531,44553.3582,82068.50665000001,-37515.14844999999,-0.1422981602340699,-0.001772549478365157,0.0010599231976550236
1777873861542,24231.65,24200,0,24325.75,7.1015625,-0.02001131777058439,-0.1852616215750296,20.106772724003456,0.2231909321522034,-0.341855381709531,44553.3582,82068.50665000001,-37515.14844999999,-0.20554600997655906,-0.005289348154614988,0.001393114984005757
1777873876546,24229.35,24200,-0.3333333333333333,24323.533203125,4.599609375,-0.025886697522851894,-0.1582655892187475,20.106772724003456,0.22320428899089131,-0.341875840010162,44553.3582,82068.50665000001,-37515.14844999999,-0.1672382783928778,0.0017694589327183759,-0.0005859351384382613
1777873892491,24228.9,24200,0.45454545454545453,24320.02734375,3.201171875,-0.04186275845100072,-0.22167097742301892,20.106772724003456,0.22320428899089131,-0.341875840010162,44553.3582,82068.50665000001,-37515.14844999999,-0.0012328110898150051,0.004656762285856066,0.0010362321681424895
1777873907491,24227.6,24200,-0.42857142857142855,24322.757254464286,4.400390625,-0.032009297749210984,-0.39388774502391466,20.106772724003456,0.22320428899089131,-0.341875840010162,44553.3582,82068.50665000001,-37515.14844999999,0.15224977206510834,0.00030646978668979476,-0.0007924422034794932
1777873922641,24233.7,24200,0,24329.150390625,2.30078125,-0.021957463501816217,-0.3721781341861101,20.106772724003456,0.22320428899089131,-0.341875840010162,44553.3582,82068.50665000001,-37515.14844999999,0.028606938352413853,-0.006081879169024783,-0.0004247162567500301
1777873938619,24236.55,24200,0,24328.9501953125,2.099609375,-0.013846782522171761,-0.3638871635107657,20.106772724003456,0.22324712299082147,-0.34194144766390977,44553.3582,82068.50665000001,-37515.14844999999,0.11148030003598237,0.002818993833675429,-0.0003649193910230819
1777873954787,24232.95,24200,0.3333333333333333,24321.600260416668,2.1015625,-0.009671548614401816,-0.32469206380779797,20.106772724003456,0.22324712299082147,-0.34194144766390977,44553.3582,82068.50665000001,-37515.14844999999,0.07289351271883526,0.0024833182711879054,0.007776086811941601
1777873970577,24227.75,24200,0.3333333333333333,24325,7.5,-0.004175405564816377,-0.16565476502758777,20.106772724003456,0.22324712299082147,-0.34194144766390977,44553.3582,82068.50665000001,-37515.14844999999,-0.08772047644473004,-0.0050368531437748705,0.0054359880674151595
1777873986427,24229.8,24200,-0.3333333333333333,24323.667317708332,4.099609375,0.004198244436594204,-0.1736835924573323,20.106772724003456,0.22324712299082147,-0.34194144766390977,44553.3582,82068.50665000001,-37515.14844999999,-0.10942249014901943,0.0037167694268428844,0.004830298728524875
1777874002020,24229.8,24200,0,24323.0498046875,5.900390625,-0.01286528467380059,-0.2164137451296383,19.825006631915524,0.22319553795864752,-0.34186243629595553,44553.3582,82068.50665000001,-37515.14844999999,0.05511289400396691,0.01431690820256758,0.005339689668695837
1777874018758,24226.45,24200,-0.2,24320.9203125,7.30078125,-0.00038833137351790774,-0.13139011113701946,19.825006631915524,0.22319553795864752,-0.34186243629595553,44553.3582,82068.50665000001,-37515.14844999999,0.011303310240480383,0.0017404924242343076,0.0009960552900019368
1777874034384,24227.9,24200,0.3333333333333333,24323.166666666668,6.701171875,0.009096876900629313,-0.0960428857434523,19.825006631915524,0.22319553795864752,-0.34186243629595553,44553.3582,82068.50665000001,-37515.14844999999,0.08139272549791671,0.010778535423195047,0.0049134090730871965
1777874050042,24228.55,24200,0.5,24327.87451171875,3.298828125,0.01656426630602696,0.018925969764225267,19.806222225776327,0.22319231389413663,-0.3418574980854584,44553.3582,82068.50665000001,-37515.14844999999,0.10203208442677641,0.01157194406824703,0.007196582352619582
1777874065683,24231.5,24200,0,24325.099609375,8.80078125,0.017648438922133365,0.07173029104048319,19.806222225776327,0.22319231389413663,-0.3418574980854584,44553.3582,82068.50665000001,-37515.14844999999,0.053075748887243736,0.0049320070576270815,0.005397848515252323
1777874080719,24232.4,24200,-0.09090909090909091,24325.936434659092,12.3984375,0.014458294728648109,0.18637416503444762,19.806222225776327,0.22319231389413663,-0.3418574980854584,44553.3582,82068.50665000001,-37515.14844999999,-0.0854391331202271,0.006865200574613085,0.003562562298421481
1777874096090,24232.35,24200,-0.3333333333333333,24324.966796875,11.900390625,0.004546523776346532,0.20877380109355198,19.806222225776327,0.22319231389413663,-0.3418574980854584,44553.3582,82068.50665000001,-37515.14844999999,-0.0525221803155632,0.014036823261402384,0.002726017375665046
1777874112036,24233.8,24200,-0.6666666666666666,24333.482747395832,1.701171875,0.0028063135093441514,0.27336298714359675,19.78888277395553,0.22323146324891152,-0.3419174620700665,44553.3582,82068.50665000001,-37515.14844999999,-0.011087601455396074,0.01337550333992868,0.0023517497799202414
1777874128384,24230.1,24200,-0.45454545454545453,24323.526988636364,8.900390625,-0.019542979254812694,0.2591516246403495,19.78888277395553,0.22323146324891152,-0.3419174620700665,44553.3582,82068.50665000001,-37515.14844999999,0.05497144764767321,0.014996767325235366,0.005664610155469797
1777874144028,24232.5,24200,0,24327.75,4.5,0.004283695750935444,0.3208114042562883,19.78888277395553,0.22323146324891152,-0.3419174620700665,44553.3582,82068.50665000001,-37515.14844999999,0.1271185819071014,0.020389457557445104,0.000527247029925038
1777874159615,24228.5,24200,0.3333333333333333,24326.266927083332,0.400390625,-0.004299197572945908,0.2722777145022754,19.78888277395553,0.22323146324891152,-0.3419174620700665,44553.3582,82068.50665000001,-37515.14844999999,0.1740816914620713,0.02351572576259126,0.004508210417890526
1777874175298,24228,24200,0.5,24326.07470703125,0.099609375,0.0057117963311834295,0.3139666374832655,19.772827725973315,0.22317527241029345,-0.3418313961156878,44553.3582,82068.50665000001,-37515.14844999999,0.2988881063567008,0.02280696625709677,0.004299344432985012
1777874191018,24227.55,24200,-0.3333333333333333,24321.800130208332,2.400390625,0.009883558614694489,0.08974331239143703,19.772827725973315,0.22317527241029345,-0.3418313961156878,44553.3582,82068.50665000001,-37515.14844999999,0.3077644180495604,0.01440075236235045,0.003197147900944478
1777874206446,24225.5,24200,-0.3333333333333333,24321.099609375,7.201171875,0.014910168694897617,0.16327480043547962,19.772827725973315,0.22317527241029345,-0.3418313961156878,44553.3582,82068.50665000001,-37515.14844999999,0.2026473449431057,0.003834531471297459,-0.0005187734634851326
1777874222229,24227.95,24200,0.5,24324.67529296875,10.900390625,0.041225525706054436,0.051773798727284305,19.772827725973315,0.22317527241029345,-0.3418313961156878,44553.3582,82068.50665000001,-37515.14844999999,0.017129920311311515,0.0007052259003780464,-0.0019194558588278684
1777874237882,24229.6,24200,-0.3333333333333333,24324.166666666668,9.5,0.017926055142465102,0.018419764177819768,19.757919467132684,0.22318494460382607,-0.34184621074717925,44553.3582,82068.50665000001,-37515.14844999999,-0.048231845299544746,0.0028280052403639273,-0.0006772533282703317
1777874253282,24229.5,24200,0.5,24326.75,9,0.0163311674971606,-0.029435022240457756,19.757919467132684,0.22318494460382607,-0.34184621074717925,44553.3582,82068.50665000001,-37515.14844999999,0.10811178421172814,0.016387175829878132,-0.0030387773588531723
1777874268859,24230.45,24200,-0.3333333333333333,24327.533854166668,2.19921875,0.016130744957531737,-0.14341521215976819,19.757919467132684,0.22318494460382607,-0.34184621074717925,44553.3582,82068.50665000001,-37515.14844999999,0.11327021970050964,-0.002464019541459041,-0.002799509293212087
1777874284332,24233.35,24200,0.5,24328,4,0.0029305197140539582,-0.20930626579135905,19.757919467132684,0.22318494460382607,-0.34184621074717925,44553.3582,82068.50665000001,-37515.14844999999,0.10279884451099,-0.0007628932627803956,-0.00533853167873752
1777874299862,24234.4,24200,0,24327.9501953125,3.900390625,0.005320070102342494,-0.026549568767385737,19.744039364074162,0.223226396861823,-0.3419097020249996,44553.3582,82068.50665000001,-37515.14844999999,0.1025789365329035,-0.0025570591540521625,-0.005767805975631485
1777874316845,24233.15,24200,0.6,24331,5,-0.0055052949343606765,-0.05132845492327965,19.744039364074162,0.223226396861823,-0.3419097020249996,44553.3582,82068.50665000001,-37515.14844999999,0.14007514315950187,-0.0038348384924153053,-0.006097818496365014
1777874332465,24236.4,24200,0.8666666666666667,24331.666666666668,5,-0.006420266276511917,0.16195142543472124,19.744039364074162,0.223226396861823,-0.3419097020249996,44553.3582,82068.50665000001,-37515.14844999999,0.11073473014419413,-0.00826981683638741,-0.006784107252688246
1777874348415,24236.65,24200,0.2,24329.859765625,3.099609375,-0.003411792845755864,0.3214551965277842,19.744039364074162,0.223226396861823,-0.3419097020249996,44553.3582,82068.50665000001,-37515.14844999999,-0.09905025260701349,-0.01837066337251415,-0.009889246986304397
1777874363420,24236.15,24200,0.4166666666666667,24327.708333333332,1,-0.006888921123563578,0.3717204130228429,19.731084601219546,0.2232590980875761,-0.3419597895886134,44553.3582,82068.50665000001,-37515.14844999999,-0.054647961534390575,-0.008148424292442818,-0.011154083989731388
1777874378434,24236.85,24200,-0.25,24328.75,2,-0.00316340180875262,0.33593604257120635,19.731084601219546,0.2232590980875761,-0.3419597895886134,44553.3582,82068.50665000001,-37515.14844999999,-0.023072183978383076,-0.0055779813908916846,-0.0044575697056612445
1777874393481,24239.05,24200,0,24333.099609375,2.19921875,0.0023062426556648688,0.1304268884123565,19.731084601219546,0.2232590980875761,-0.3419597895886134,44553.3582,82068.50665000001,-37515.14844999999,-0.009700589598366824,-0.006302692480313911,-0.008417317998395702
1777874408483,24237.15,24200,0,24332.25,5.5,0.0022897084534399923,0.41426083835644156,19.731084601219546,0.2232590980875761,-0.3419597895886134,44553.3582,82068.50665000001,-37515.14844999999,0.1314166481438086,0.004045096552565503,-0.005511769643937939
1777874423506,24237.45,24250,0.8461538461538461,24334.24579326923,4.599609375,0.01971995826841029,0.46370249651728646,19.731084601219546,0.2221063141673709,-0.36126540695453524,31459.27460000001,77648.29149999999,-46189.016899999995,0.13167253241995708,0.0006678738896430663,-0.0051540492295167805
1777874439136,24234.3,24250,0.6363636363636364,24333.763316761364,4.599609375,0.017199588348181798,0.5263816579374428,19.731084601219546,0.2221063141673709,-0.36126540695453524,31459.27460000001,77648.29149999999,-46189.016899999995,0.3322549133715805,0.011831683096519111,-0.004903115854202915
1777874454201,24233.95,24250,0.2,24328.23984375,11.900390625,0.0025042670696467264,0.44890007169841395,19.731084601219546,0.2221063141673709,-0.36126540695453524,31459.27460000001,77648.29149999999,-46189.016899999995,0.26373247575186454,0.0038527796381013397,-0.0027360962986344166
1777874469225,24232.4,24250,-0.7142857142857143,24318.91434151786,13.400390625,0.0019495454076624875,0.5055807726676538,19.731084601219546,0.2221063141673709,-0.36126540695453524,31459.27460000001,77648.29149999999,-46189.016899999995,0.04218121389774858,-0.0036148356067203704,-0.003984828053424885
1777874484251,24228.1,24250,0,24321,8,0.0038961304013646844,0.5816730016453785,19.731084601219546,0.22204949753043146,-0.3611729922677098,31459.27460000001,77648.29149999999,-46189.016899999995,0.0032991445476586653,0.001428898229246171,-0.00394831996665416
1777874499251,24229.6,24250,-0.7142857142857143,24320.714285714286,5,0.033034631659830074,0.35120602697671915,19.731084601219546,0.22204949753043146,-0.3611729922677098,31459.27460000001,77648.29149999999,-46189.016899999995,-0.05724997537343383,0.0029993504910714197,-0.004104848271011185
1777874514271,24231.25,24250,-0.5555555555555556,24318,9,0.002757439529025575,0.21596298782833317,19.731084601219546,0.22204949753043146,-0.3611729922677098,31459.27460000001,77648.29149999999,-46189.016899999995,-0.1113393350285879,0.0015992244242087593,-0.004603817497666367
1777874529271,24232.45,24250,-0.3333333333333333,24319.633463541668,7.900390625,0.0069839084126855355,0.3658709397461678,19.731084601219546,0.22204949753043146,-0.3611729922677098,31459.27460000001,77648.29149999999,-46189.016899999995,-0.21019750501025414,0.004226353493569344,-0.002488697801732661
1777874544907,24233.25,24250,-0.7142857142857143,24325.714285714286,5,0.03208287325240052,0.6062958183765571,19.68327048782806,0.22207103286862623,-0.36120802041513556,31459.27460000001,77648.29149999999,-46189.016899999995,-0.11201450125979784,0.0063851081785365835,-0.004903530886612297
1777874560411,24236.25,24250,-0.6666666666666666,24327.333984375,3.19921875,0.013352972361692625,0.5526849747810658,19.68327048782806,0.22207103286862623,-0.36120802041513556,31459.27460000001,77648.29149999999,-46189.016899999995,0.017049885431690778,0.007188036233743096,-0.004305061404079012
1777874575437,24237.85,24250,-0.5,24329.85009765625,1.798828125,0.016950774723370476,0.5811473479179914,19.68327048782806,0.22207103286862623,-0.36120802041513556,31459.27460000001,77648.29149999999,-46189.016899999995,0.059044207286450386,0.0009154967409140597,-0.0037137126115372593
1777874591132,24235.8,24250,-0.8666666666666667,24326.90625,4.599609375,0.016720097926944923,0.69642348961746,19.68327048782806,0.22207103286862623,-0.36120802041513556,31459.27460000001,77648.29149999999,-46189.016899999995,0.014280737072589521,-0.004795694661093681,-0.0037487659279255934
1777874606971,24237.25,24250,0.2,24327.43984375,8.900390625,0.015501582150180535,0.6931501174041954,19.669207513301153,0.22209348460419098,-0.3612445391220262,31459.27460000001,77648.29149999999,-46189.016899999995,-0.15447649290654708,-0.006022378888711731,-0.007811797989077796
1777874622493,24237.65,24250,-0.8461538461538461,24327.72235576923,0.30078125,0.027919149502792166,0.8892420092971812,19.669207513301153,0.22209348460419098,-0.3612445391220262,31459.27460000001,77648.29149999999,-46189.016899999995,-0.16719973401252852,-0.004976025486879664,-0.0031609597264602206
1777874637571,24238.65,24250,0.047619047619047616,24327.285714285714,1.5,0.03753364802152716,0.7363401620777336,19.669207513301153,0.22209348460419098,-0.3612445391220262,31459.27460000001,77648.29149999999,-46189.016899999995,-0.10396950592701441,0.005460345826509108,0.00036701262189662014
1777874652987,24240.4,24250,-0.2,24334.4,1,0.047273735025394725,0.8048557105707986,19.669207513301153,0.22209348460419098,-0.3612445391220262,31459.27460000001,77648.29149999999,-46189.016899999995,-0.03771840786860443,0.002079392723701007,0.003704370219593002
1777874668860,24238.2,24250,-0.3333333333333333,24332.300130208332,5.400390625,0.04566097465712789,0.7437161808217152,19.655948137318642,0.23205420931690518,-0.3613175765358076,31459.27460000001,77648.29149999999,-46189.016899999995,-0.06098832493845483,-0.000767891332031318,0.0014977309286568795
1777874684803,24233.35,24250,0.5,24326.7255859375,6.30078125,0.04622007848024153,0.7203221184613964,19.655948137318642,0.23205420931690518,-0.3613175765358076,31459.27460000001,77648.29149999999,-46189.016899999995,0.02834379491763232,0.0028759511965546387,0.006347498281265438
1777874700320,24231.4,24250,0,24324.599609375,0.80078125,0.037726495173103836,0.9250809875448567,19.655948137318642,0.23205420931690518,-0.3613175765358076,31459.27460000001,77648.29149999999,-46189.016899999995,0.20207799485766467,0.001267263896348923,0.003963507964227218
1777874716989,24230.45,24250,0,24324.7001953125,7.400390625,0.04175155353653606,0.35003687594717525,19.643425393335157,0.22204949753043146,-0.3611729922677098,31459.27460000001,77648.29149999999,-46189.016899999995,0.12213236358590493,0.0022586943961020473,0.0053360191128335845
1777874732700,24230.4,24250,-0.5,24321.22509765625,0.900390625,0.05311046280872171,0.5533307344945991,19.643425393335157,0.22204949753043146,-0.3611729922677098,31459.27460000001,77648.29149999999,-46189.016899999995,0.142171244615062,0.009412512466142837,0.008620328798508489
1777874748757,24228.3,24250,0,24319.4501953125,4.900390625,0.040865576002230945,0.3359443663280624,19.643425393335157,0.22204949753043146,-0.3611729922677098,31459.27460000001,77648.29149999999,-46189.016899999995,0.1262817045978099,0.008774140248098876,0.005833097536445952
1777874765297,24230.1,24250,0,24319.4501953125,4.900390625,0.03561098491994309,0.1525102383616609,19.643425393335157,0.22204949753043146,-0.3611729922677098,31459.27460000001,77648.29149999999,-46189.016899999995,0.0958463276496772,0.005063148577890787,0.008292078209312513
1777874781172,24228.1,24250,-0.3333333333333333,24320.533203125,0.099609375,0.010226703663489397,0.25442296919115853,19.63157955443186,0.2220210892119617,-0.3611267849242971,31459.27460000001,77648.29149999999,-46189.016899999995,0.09732218302304485,0.005505707968725772,0.007314676199292721
1777874798127,24225.65,24250,-0.23076923076923078,24310.384615384617,1,0.001476770254065979,-0.03539293508423717,19.63157955443186,0.2220210892119617,-0.3611267849242971,31459.27460000001,77648.29149999999,-46189.016899999995,0.11537193117231322,0.012563963386381369,0.00847679473715911
1777874813294,24224.75,24250,0,24318.5,3,0.006276670478510908,0.148161328399373,19.63157955443186,0.2220210892119617,-0.3611267849242971,31459.27460000001,77648.29149999999,-46189.016899999995,0.04812149407136635,0.0016163871877956943,0.0065676596952518995
1777874829225,24228.1,24250,0,24319.0498046875,1.701171875,-0.012809822723260216,0.1893624833143308,19.63157955443186,0.2220210892119617,-0.3611267849242971,31459.27460000001,77648.29149999999,-46189.016899999995,0.05705716896131202,-0.00227124112430305,0.004034598444697602
1777874844928,24227.35,24250,-0.6666666666666666,24318.333333333332,2,-0.008637995820867323,0.17737480229382585,19.620357180734,0.2220137580330018,-0.3611148604485777,31459.27460000001,77648.29149999999,-46189.016899999995,-0.029903514727055,-0.0037826337353813605,0.0037523100907851967
1777874860555,24228.75,24250,0.3333333333333333,24323.333333333332,8,0.016215344663594883,0.4980835932292887,19.620357180734,0.2220137580330018,-0.3611148604485777,31459.27460000001,77648.29149999999,-46189.016899999995,0.041884310378694396,0.004583014389435088,0.0011919651531690691
1777874876106,24227,24250,-0.6363636363636364,24319.12713068182,6.19921875,0.03464540637149952,0.29159747960635113,19.620357180734,0.2220137580330018,-0.3611148604485777,31459.27460000001,77648.29149999999,-46189.016899999995,0.08281735194779771,0.0034676520069763326,0.0033652239031514574
1777874891840,24219.8,24250,0.4,24311.7802734375,5.400390625,0.005545593437592832,0.2315889151433915,19.620357180734,0.2220137580330018,-0.3611148604485777,31459.27460000001,77648.29149999999,-46189.016899999995,0.0566456470370846,-0.0014259991010341113,-2.7030965524180078e-05
1777874908543,24219.05,24250,0,24309.25,11.5,-0.024464721922454264,0.26313052528772657,19.62380619848456,0.22194915201841742,-0.36100977600630046,31459.27460000001,77648.29149999999,-46189.016899999995,0.04742598886366633,0.0008036241505949153,-0.0032457764042479464
1777874925315,24223.2,24250,0,24322.5,5,0.003042016527016724,0.4843825506652415,19.62380619848456,0.22194915201841742,-0.36100977600630046,31459.27460000001,77648.29149999999,-46189.016899999995,0.006854939999801526,-0.0017760853131952893,-0.0023620208032871376
1777874941201,24231.85,24250,0,24324.0498046875,3.900390625,0.012617512756885857,0.4213261142618125,19.62380619848456,0.22194915201841742,-0.36100977600630046,31459.27460000001,77648.29149999999,-46189.016899999995,-0.033835336533779785,-0.003754725273925231,0.0004933558746786447
1777874956778,24235.7,24250,-0.5,24322.94970703125,9.400390625,0.0249214987023773,0.4230014149569874,19.62380619848456,0.22194915201841742,-0.36100977600630046,31459.27460000001,77648.29149999999,-46189.016899999995,0.019445677436167152,-0.00034747250935508,-0.0028398815038057916
1777874972453,24241.25,24250,-0.6666666666666666,24332.5,3,0.08144297692957399,0.4675444383812541,19.613339277370276,0.222095317398931,-0.36124752024095613,31459.27460000001,77648.29149999999,-46189.016899999995,-0.12273296065648368,-0.0003024567156436438,-0.003518798721435154
1777874988061,24238,24250,-0.3333333333333333,24330.633463541668,0.400390625,0.06833731546707464,0.31784461172679324,19.613339277370276,0.222095317398931,-0.36124752024095613,31459.27460000001,77648.29149999999,-46189.016899999995,0.04808564763741157,0.005718282922989758,-0.009227805572217336
1777875004794,24236.9,24250,-0.7142857142857143,24331.114676339286,1.5,0.07396380842700367,0.22763381984265338,19.613339277370276,0.222095317398931,-0.36124752024095613,31459.27460000001,77648.29149999999,-46189.016899999995,0.14893343341709697,0.01219100289523623,-0.0060730250488407935
1777875020273,24233.3,24250,0,24320.25,8.8984375,0.05466834715755092,0.1659465096047859,19.603382937773763,0.22207882224627118,-0.36122069017058744,31459.27460000001,77648.29149999999,-46189.016899999995,0.13945593100951348,0.004878659050007555,-0.009910653852791836
1777875036026,24231.25,24250,0.3333333333333333,24322.800130208332,7.80078125,0.04593178745421729,0.1757037293662502,19.603382937773763,0.22207882224627118,-0.36122069017058744,31459.27460000001,77648.29149999999,-46189.016899999995,0.08326815774570268,-0.004326861138125796,-0.007136807494319613
1777875051513,24233.15,24250,-0.2,24328.000390625,6.5,0.048807278640367,0.3091224457607007,19.603382937773763,0.22207882224627118,-0.36122069017058744,31459.27460000001,77648.29149999999,-46189.016899999995,0.056788689123012756,-0.0009401015870170144,-0.004670903113646938
1777875067365,24232.1,24250,-0.3333333333333333,24322.199869791668,6.599609375,0.049954376820154245,0.500936554417702,19.603382937773763,0.22207882224627118,-0.36122069017058744,31459.27460000001,77648.29149999999,-46189.016899999995,0.0013425561978763411,-0.005514558671913009,-0.002361588894225652
1777875083153,24228.65,24250,-0.5,24318.125,2.5,0.039639922302055465,0.485947474279275,19.593900709586606,0.22204308274884152,-0.36116255835145533,31459.27460000001,77648.29149999999,-46189.016899999995,0.02390577885173583,0.002564480392740826,-0.0013892457390990314
1777875098858,24225.6,24250,0.1282051282051282,24315.507912660258,0.900390625,0.048408112632168564,0.40388320341716233,19.593900709586606,0.22204308274884152,-0.36116255835145533,31459.27460000001,77648.29149999999,-46189.016899999995,0.038270623666100796,-0.0022971105875828563,-0.0005956725107662228
1777875115620,24223.65,24250,-0.7333333333333333,24315.553385416668,0.400390625,0.0445498101344252,0.36228349574640106,19.593900709586606,0.22204308274884152,-0.36116255835145533,31459.27460000001,77648.29149999999,-46189.016899999995,-0.04493328061839168,-0.006890036781899567,0.0019139781893265724
1777875131190,24229.1,24250,-0.7333333333333333,24322.047395833335,5.599609375,0.043871250992503476,0.4452177588048171,19.593900709586606,0.22204308274884152,-0.36116255835145533,31459.27460000001,77648.29149999999,-46189.016899999995,-0.010047454054116405,0.006456335915870687,0.005414560647493716
1777875146847,24231,24250,-0.5,24324.75,7,0.0509518951326923,0.42499827830826314,19.58485951526862,0.22205728690807636,-0.36118566202316166,31459.27460000001,77648.29149999999,-46189.016899999995,0.051460556904071524,0.007349393314774824,0.003914364863305008
1777875162468,24233.3,24250,-0.6,24328.4796875,1.900390625,0.05576054045435364,0.6455316136482786,19.58485951526862,0.22205728690807636,-0.36118566202316166,31459.27460000001,77648.29149999999,-46189.016899999995,0.0363596953048655,0.001086045843086869,0.004736917146240548
1777875178224,24230.95,24250,-0.3333333333333333,24326.966796875,1.400390625,0.0395006385296061,0.5055417409985722,19.58485951526862,0.22205728690807636,-0.36118566202316166,31459.27460000001,77648.29149999999,-46189.016899999995,0.0005101522548943644,0.003049171409058759,0.005560913732797329
1777875193823,24231.6,24250,-0.2,24327,5,0.04641332795013452,0.6984390180055958,19.58485951526862,0.22205728690807636,-0.36118566202316166,31459.27460000001,77648.29149999999,-46189.016899999995,0.08745171732021503,0.00788152696303819,0.005195049310961036
1777875209939,24236,24250,-0.625,24328.174682617188,8.400390625,0.05775467098196376,0.7247970740769685,19.576229284328722,0.22208569522654611,-0.3612318693665744,31459.27460000001,77648.29149999999,-46189.016899999995,0.14004083368390638,0.009389049573086934,0.0037561769913532464
1777875226689,24237,24250,-0.42857142857142855,24332.5,3.5,0.03879671897461391,0.5591346928017937,19.576229284328722,0.22208569522654611,-0.3612318693665744,31459.27460000001,77648.29149999999,-46189.016899999995,0.15479924741002665,0.012091973695573572,0.00365261853473313
1777875242242,24234.95,24250,0,24324.2001953125,8.400390625,0.041749149202384456,0.5216116535242976,19.576229284328722,0.22208569522654611,-0.3612318693665744,31459.27460000001,77648.29149999999,-46189.016899999995,0.2860345642628422,0.018051428990411296,0.006222995580772435
1777875258794,24232.35,24250,-0.5,24325.625,4.5,0.04213222350958016,0.39375398101957854,19.576229284328722,0.22208569522654611,-0.3612318693665744,31459.27460000001,77648.29149999999,-46189.016899999995,0.28525796432158124,0.01388160040382687,0.007475964631730758
1777875275605,24231.3,24250,-0.3333333333333333,24326,4.5,0.04655260337064068,0.7572631305967114,19.56798261920838,0.22205133032517144,-0.3611759733866397,31459.27460000001,77648.29149999999,-46189.016899999995,0.26359872552514974,0.011651391950929436,0.004752229331970799
1777875292250,24231.4,24250,-0.2,24323.6,9,0.05020993174133869,0.6135390043775639,19.56798261920838,0.22205133032517144,-0.3611759733866397,31459.27460000001,77648.29149999999,-46189.016899999995,0.2545831727298762,0.0048850244954785765,0.0033474879126945017
1777875308431,24230.25,24250,-0.5,24322,8,0.014859241885340846,0.525224951668933,19.56798261920838,0.22205133032517144,-0.3611759733866397,31459.27460000001,77648.29149999999,-46189.016899999995,0.22240698477490398,0.0011410436845597836,0.003509621481872637
1777875325336,24235.4,24250,0,24323.5,7,0.014447697812695552,0.6079617031940314,19.56009450474544,0.22207103286862623,-0.36120802041513556,31459.27460000001,77648.29149999999,-46189.016899999995,0.1509609795978311,-0.00046496909582438003,0.00238298083110051
1777875340902,24232.35,24250,0,24322.849609375,5.69921875,0.011037429629808863,0.6401568130737622,19.56009450474544,0.22207103286862623,-0.36120802041513556,31459.27460000001,77648.29149999999,-46189.016899999995,0.1657666564112742,0.0016527073639620406,-0.0008100329832393097
1777875356567,24230.4,24250,-0.6666666666666666,24320.5673828125,1.599609375,0.011566621461375041,0.5631329331112185,19.56009450474544,0.22207103286862623,-0.36120802041513556,31459.27460000001,77648.29149999999,-46189.016899999995,0.16097868839653262,0.002106474713565977,-0.001402645099515485
1777875372500,24233.95,24250,-0.25,24316.3125,3.5,-0.0018514513045798978,0.3244175078825254,19.56009450474544,0.22207103286862623,-0.36120802041513556,31459.27460000001,77648.29149999999,-46189.016899999995,0.03456402520412176,-0.004061597872079184,-0.005215528312842649
1777875387997,24234.3,24250,0.14285714285714285,24319.571428571428,8,0.0023014803521707685,0.1859440067765778,19.552542054727734,0.2220769894515312,-0.3612177090516576,31459.27460000001,77648.29149999999,-46189.016899999995,0.11756281392655285,0.011967380464483366,-0.0018323701673878799
1777875403784,24229.8,24250,-0.3333333333333333,24319.966796875,2.900390625,-0.00639068670834927,0.018032072637172266,19.552542054727734,0.2220769894515312,-0.3612177090516576,31459.27460000001,77648.29149999999,-46189.016899999995,-0.0825787159104859,-0.007644945161677396,-0.0011110804221128015
1777875420548,24232.6,24250,0.875,24319.693725585938,4.900390625,0.00012760058562630237,0.12609446598435903,19.552542054727734,0.2220769894515312,-0.3612177090516576,31459.27460000001,77648.29149999999,-46189.016899999995,-0.0410861591718022,0.0011496040074311061,-0.0010870811595639516
1777875436243,24235.3,24250,-0.6666666666666666,24320.833333333332,5,-0.003762433823688805,0.21883796811057885,19.552542054727734,0.2220769894515312,-0.3612177090516576,31459.27460000001,77648.29149999999,-46189.016899999995,0.08163451864757194,0.003413891969122832,-0.0016398859131853407
1777875451839,24238,24250,-0.7777777777777778,24320.644097222223,4.900390625,-0.011795938211229439,0.15416670694315623,19.54530429012743,0.22210264857789092,-0.3612594447166755,31459.27460000001,77648.29149999999,-46189.016899999995,-0.09449713404651461,-0.002440661500684013,0.0007402969849995903
1777875467530,24235.7,24250,-0.75,24322.8125,2.5,0.00023480828117501676,0.2091515641618123,19.54530429012743,0.22210264857789092,-0.3612594447166755,31459.27460000001,77648.29149999999,-46189.016899999995,-0.2222698447605632,-0.0008450387701084335,0.000914148578663316
1777875483433,24238.3,24250,-0.42857142857142855,24326.21456473214,1.099609375,0.0067518361367586485,0.30613471046244267,19.54530429012743,0.22210264857789092,-0.3612594447166755,31459.27460000001,77648.29149999999,-46189.016899999995,-0.258346435246534,0.0023203538021874417,0.0015842598424511834
1777875499174,24238.45,24250,0,24326,2,0.019731057935491386,0.3397965217079493,19.54530429012743,0.22210264857789092,-0.3612594447166755,31459.27460000001,77648.29149999999,-46189.016899999995,-0.16129170450954788,0.0017710167008276184,0.0006179779288570087
1777875514309,24242.1,24250,0.3333333333333333,24328.5,1.5,0.027422669524145727,0.4813003844208561,19.538361944490404,0.2221063141673709,-0.36126540695453524,31459.27460000001,77648.29149999999,-46189.016899999995,-0.10133572367493578,-0.0003640698664299022,-0.00011099793735207146
1777875530035,24243.4,24250,0,24330.3505859375,0.099609375,0.03385919250035065,0.6216055896604369,19.538361944490404,0.2221063141673709,-0.36126540695453524,31459.27460000001,77648.29149999999,-46189.016899999995,0.05489313735460565,0.000549605930432647,0.0011412227818393412
1777875545638,24245.15,24250,0.3333333333333333,24336.432942708332,0.798828125,0.037928886262631176,0.6548036234000948,19.538361944490404,0.2221063141673709,-0.36126540695453524,31459.27460000001,77648.29149999999,-46189.016899999995,0.0925685940515563,0.0001910508979296309,0.0022634367000655096
1777875561480,24247.2,24250,0,24336.75,0.5,0.046601019805947864,0.771105915356436,19.538361944490404,0.2221063141673709,-0.36126540695453524,31459.27460000001,77648.29149999999,-46189.016899999995,0.13475311504160736,0.0013701972682310143,-0.0003468390018371075
1777875578399,24244.65,24250,-0.5,24331.275390625,3.5,0.02801063770297168,1.0149727474680652,19.28523639353972,0.2321193059581881,-0.36141893457942253,31459.27460000001,77648.29149999999,-46189.016899999995,0.15698427000417473,0.003971201757280113,-0.00027950937733129853
1777875594214,24240.9,24250,-0.8571428571428571,24330.52859933036,0.400390625,0.027646704867899306,0.9171480581047331,19.28523639353972,0.2321193059581881,-0.36141893457942253,31459.27460000001,77648.29149999999,-46189.016899999995,0.008869734149923014,-0.0005954827528809725,-0.0028387996145538483
1777875610056,24233.8,24250,-0.6,24323.839453125,3.201171875,0.06198048190731476,0.8265194413560805,19.28523639353972,0.2321193059581881,-0.36141893457942253,31459.27460000001,77648.29149999999,-46189.016899999995,-0.02055103416353289,0.004117941891634863,0.0016458112266686743
1777875625565,24241.5,24250,0,24332.099609375,6,0.08106137225920543,0.9856452503062578,19.28523639353972,0.2321193059581881,-0.36141893457942253,31459.27460000001,77648.29149999999,-46189.016899999995,0.17834646464915976,0.012800114825788517,0.003703404014662571
1777875641448,24240.5,24250,-0.3333333333333333,24326.43359375,12.3984375,0.08660782860478833,0.7375054294502225,19.28301119799454,0.23206473965593621,-0.36133397268992173,31459.27460000001,77648.29149999999,-46189.016899999995,0.3239315396180585,0.008528884900765386,0.0018684425060616916
1777875657043,24234.65,24250,0.3333333333333333,24324.93359375,7.400390625,0.03985183955723947,0.26183625289442636,19.28301119799454,0.23206473965593621,-0.36133397268992173,31459.27460000001,77648.29149999999,-46189.016899999995,0.3881582320940936,0.00832900374408265,0.0012094475993534562
1777875673897,24235.85,24250,0.2,24326.41953125,10.69921875,0.050757020384892014,0.20081830892605199,19.28301119799454,0.23206473965593621,-0.36133397268992173,31459.27460000001,77648.29149999999,-46189.016899999995,0.26115505371661174,-0.00021390819709200083,0.004040044328039955
1777875689777,24235.95,24250,-0.45454545454545453,24321.963423295456,7.19921875,0.07819430308421896,0.1354125812032019,19.28090628328964,0.22209302640550602,-0.36124379384229377,31459.27460000001,77648.29149999999,-46189.016899999995,0.09233251557647104,-0.007285652363639506,0.006585535520509211
1777875705890,24235.95,24250,-0.9090909090909091,24322.381480823864,6.201171875,0.08286228501280458,0.15596703128648645,19.28090628328964,0.22209302640550602,-0.36124379384229377,31459.27460000001,77648.29149999999,-46189.016899999995,-0.014695399156857697,-0.009366531330865116,0.008178758591697722
1777875721493,24236.1,24250,0,24324.9501953125,7.900390625,0.08769463365557331,0.05507540697355703,19.28090628328964,0.22209302640550602,-0.36124379384229377,31459.27460000001,77648.29149999999,-46189.016899999995,-0.05636733338015589,-0.010572070620970844,0.013191440933302318
1777875737339,24236.85,24250,0,24329.0498046875,5.701171875,0.09011271016406103,0.18793827401947918,19.28090628328964,0.22209302640550602,-0.36124379384229377,31459.27460000001,77648.29149999999,-46189.016899999995,-0.006855362223022835,-0.010403654909846386,0.012754530070981535
1777875753080,24236.6,24250,-0.6363636363636364,24322.581676136364,8.69921875,0.09921751930574543,0.04088271034483713,19.278912153569205,0.22211043795553584,-0.36127211447212737,31459.27460000001,77648.29149999999,-46189.016899999995,-0.022720571191654403,-0.00894102317126844,0.010303998484846243
1777875769101,24230.55,24250,-0.5,24321.89990234375,3.599609375,0.064055269907248,0.04020379487214133,19.278912153569205,0.22211043795553584,-0.36127211447212737,31459.27460000001,77648.29149999999,-46189.016899999995,-0.09639853207653906,-0.01618295998293826,0.011271630765840993
1777875784728,24232.15,24250,-0.2,24320.2,8,0.11577835371745186,0.1781482937281524,19.278912153569205,0.22211043795553584,-0.36127211447212737,31459.27460000001,77648.29149999999,-46189.016899999995,-0.19400058850071322,-0.013507431346524401,0.011211957586332729
1777875800402,24231,24250,0.45454545454545453,24322.299893465908,9.900390625,0.09734781230863133,0.14897506163600305,19.278912153569205,0.22211043795553584,-0.36127211447212737,31459.27460000001,77648.29149999999,-46189.016899999995,-0.1699189942415305,-0.016500235321615972,0.010516287200480694
1777875816572,24227.35,24250,0,24318.5,6.80078125,0.09959968200126615,0.1856075340132734,19.27702028691136,0.22204766473569146,-0.36117001114877995,31459.27460000001,77648.29149999999,-46189.016899999995,-0.1574979135836444,-0.01606130895396068,0.013326872662721586
1777875833448,24225.75,24250,0,24318.5498046875,1.099609375,0.12559077526809773,0.28880981503924824,19.27702028691136,0.22204766473569146,-0.36117001114877995,31459.27460000001,77648.29149999999,-46189.016899999995,-0.1816499107912626,-0.017275179418686407,0.010108105082149354
1777875850221,24224.4,24250,-0.5,24315.24951171875,4.201171875,0.10195612384041708,0.23528056883935072,19.27702028691136,0.22204766473569146,-0.36117001114877995,31459.27460000001,77648.29149999999,-46189.016899999995,-0.11958660661184263,-0.011714519815806446,0.007147015704243925
1777875865883,24222.6,24250,0,24314.2001953125,8.400390625,0.07935836000071306,0.13325424239128353,19.27702028691136,0.22204766473569146,-0.36117001114877995,31459.27460000001,77648.29149999999,-46189.016899999995,-0.06888780130976158,-0.009656014567810301,0.012539516841120982
1777875881468,24223.2,24250,0.5,24316.55029296875,7.400390625,0.06334165818376922,0.15512736407975733,19.28896650156372,0.22197939313162712,-0.361058964468643,31459.27460000001,77648.29149999999,-46189.016899999995,-0.09351415480633411,-0.007550073933608369,0.014130614446777708
1777875898362,24223.65,24250,-0.7777777777777778,24315.43337673611,3.900390625,0.05393325438014519,-0.0006491823206053738,19.28896650156372,0.22197939313162712,-0.361058964468643,31459.27460000001,77648.29149999999,-46189.016899999995,-0.14561631944034217,-0.011577902736023814,0.009935736868528883
1777875915490,24225.4,24250,0,24317.349609375,3.30078125,0.06501364144769624,0.16490353358322066,19.28896650156372,0.22197939313162712,-0.361058964468643,31459.27460000001,77648.29149999999,-46189.016899999995,-0.11950163683729428,-0.003298686968773041,0.015450665064099402
1777875932153,24223.75,24250,0,24315.25,7.69921875,0.06627089413186964,0.15019563089789129,19.28692169308444,0.22199909567508194,-0.3610910114971389,31459.27460000001,77648.29149999999,-46189.016899999995,-0.01885295374998418,0.0021862369725224487,0.013718412787879978
1777875948147,24223.45,24250,-0.8,24313.379296875,1.80078125,0.042669427478953054,0.20613628922375674,19.28692169308444,0.22199909567508194,-0.3610910114971389,31459.27460000001,77648.29149999999,-46189.016899999995,0.0783650796610985,0.0033017109227209437,0.011724431460627975
1777875964704,24220.85,24250,-0.3333333333333333,24310.733072916668,3.69921875,0.03179303872551134,0.13553775763703296,19.28692169308444,0.22199909567508194,-0.3610910114971389,31459.27460000001,77648.29149999999,-46189.016899999995,0.05712633208973277,0.0004109304873877412,0.010615772603095661
1777875980247,24216.45,24250,0.5,24305.2998046875,2.80078125,0.045965947463571466,-0.026539951298466414,19.28692169308444,0.22199909567508194,-0.3610910114971389,31459.27460000001,77648.29149999999,-46189.016899999995,-0.04721375107182855,0.0028330055527507753,0.010502058127982142
1777875996895,24216.15,24250,-0.6,24305.759765625,3.30078125,0.036396706409495626,0.06870473594973678,19.298063292606376,0.22189096078542297,-0.3609151254802777,31459.27460000001,77648.29149999999,-46189.016899999995,-0.028123192663646365,0.0022541378544407575,0.013843722920000651
1777876012564,24216.3,24250,-0.5,24308.025390625,0.5,0.054036822297020615,-0.07989509667331439,19.298063292606376,0.22189096078542297,-0.3609151254802777,31459.27460000001,77648.29149999999,-46189.016899999995,-0.05935758470928935,-0.0033167284403735403,0.015244382072671538
1777876028314,24218,24250,0,24307.75,4.5,0.0606638714928642,0.07536646838068055,19.298063292606376,0.22189096078542297,-0.3609151254802777,31459.27460000001,77648.29149999999,-46189.016899999995,-0.12483071694733475,-0.009133509624059092,0.013448713975600473
1777876044213,24218.75,24250,0.7777777777777778,24308.866319444445,6.599609375,0.04644043309969451,0.054440001639776726,19.298063292606376,0.22189096078542297,-0.3609151254802777,31459.27460000001,77648.29149999999,-46189.016899999995,-0.04604196911085557,-0.0027475143911976944,0.010920680282763518
1777876060064,24220.05,24250,-0.6666666666666666,24307.732747395832,3.201171875,0.04274539166314396,0.010973292768117074,19.30868667819706,0.22196473077370726,-0.3610351155172042,31459.27460000001,77648.29149999999,-46189.016899999995,-0.11365856046206538,-0.010617079173066587,0.009793452953267522
1777876075464,24216.7,24250,0,24308.7001953125,4.400390625,0.046870381942039546,-0.006908854277918789,19.30868667819706,0.22196473077370726,-0.3610351155172042,31459.27460000001,77648.29149999999,-46189.016899999995,-0.11389022816517952,-0.008623991347716733,0.008241138135369485
1777876091310,24223.5,24250,0,24315.3505859375,8.900390625,0.057903520308478534,-0.0028033422968265784,19.30868667819706,0.22196473077370726,-0.3610351155172042,31459.27460000001,77648.29149999999,-46189.016899999995,-0.06315189133473374,-0.008422887613711516,0.0018027498608090004
1777876108376,24222.65,24250,-0.5,24316.39990234375,1.201171875,0.05377145909181854,-0.05887284735843535,19.30868667819706,0.22196473077370726,-0.3610351155172042,31459.27460000001,77648.29149999999,-46189.016899999995,-0.11982896386656543,-0.010839540017415649,-0.0019694771047194253
1777876124045,24220.9,24250,0.5,24313.14990234375,11.798828125,0.0640792723822959,-0.025643950766567333,19.31882718262453,0.22197022915792722,-0.36104405887399377,31459.27460000001,77648.29149999999,-46189.016899999995,-0.048546878444051866,-0.002655342252483032,-0.0014325804775072067
1777876139754,24218.05,24250,-0.4,24307.5201171875,8.400390625,0.054865851522578724,0.023246454453550634,19.31882718262453,0.22197022915792722,-0.36104405887399377,31459.27460000001,77648.29149999999,-46189.016899999995,-0.018382917371352645,-0.0036720751606998006,-0.0023584777432137417
1777879751198,24106.1,24150,-0.3333333333333333,24184.06640625,8.900390625,-0.027147156448526565,-0.3463891772150636,20.69061661964426,0.24868765886962882,-0.3023778944913785,50541.26155000002,99166.79565000001,-48625.5341,0.08134966948487266,-0.00951011997492241,-0.0047721083162529125
1777879766198,24104.6,24150,0.4,24187.3,9,-0.017516271173584046,-0.29910368250814534,20.69061661964426,0.24859329453707965,-0.31352862146284555,50541.26155000002,99166.79565000001,-48625.5341,-0.015533780514540218,-0.013245535356687113,-0.00425182916981859
1777879781390,24105.15,24150,0,24185.0498046875,0.099609375,-0.013686598028729558,-0.3151752909807588,20.69061661964426,0.24859329453707965,-0.31352862146284555,50541.26155000002,99166.79565000001,-48625.5341,-0.03298173972260571,-0.013355996975630906,-0.0032079471631105286
1777879797001,24105.55,24150,0,24185.4501953125,0.900390625,-0.01621452468856792,-0.23114727252059605,20.69061661964426,0.24859329453707965,-0.31352862146284555,50541.26155000002,99166.79565000001,-48625.5341,0.05919537073453302,-0.007377653917290115,-0.00402524270172838
1777879812913,24105.65,24150,0.45454545454545453,24189.272727272728,10,-0.019757042741155934,-0.18802886855577183,20.69061661964426,0.24859329453707965,-0.31352862146284555,50541.26155000002,99166.79565000001,-48625.5341,0.1693759256068663,-0.005850025372691988,-0.004529216247053146
1777879828576,24094.4,24150,0.9574468085106383,24177.64178856383,2.69921875,-0.0534464677782874,-0.37723507195578365,20.69061661964426,0.23478528717315078,-0.3248871266935793,50541.26155000002,99166.79565000001,-48625.5341,0.16720457042744186,-0.00632000280238874,-0.009352262720476017
1777879844245,24093.5,24150,0.6923076923076923,24178.89197716346,4.599609375,-0.06322136063399156,-0.19428266354761373,20.69061661964426,0.23478528717315078,-0.3248871266935793,50541.26155000002,99166.79565000001,-48625.5341,0.1437552769748835,-0.008172378690366107,-0.003992260406927327
1777879859773,24092.7,24150,0.75,24176.337158203125,6.099609375,-0.07641142457792514,-0.12556514291818627,20.69061661964426,0.23478528717315078,-0.3248871266935793,50541.26155000002,99166.79565000001,-48625.5341,-0.010341388606630603,-0.01715820037060589,0.002183312961218899
1777879875222,24098.15,24150,0.8571428571428571,24184.35714285714,9,-0.08263897279604493,0.15146797181545757,20.69061661964426,0.23478528717315078,-0.3248871266935793,50541.26155000002,99166.79565000001,-48625.5341,-0.026752793849887636,-0.01547029849557419,0.00022416059130215594
1777879891166,24102,24150,0.047619047619047616,24182.54761904762,12.5,-0.07638171776342256,0.4067368472612006,20.69061661964426,0.23478528717315078,-0.3248871266935793,50541.26155000002,99166.79565000001,-48625.5341,-0.0814547980435935,-0.015465330464691025,0.0020494229373040317
1777879906790,24098.3,24150,0.9672131147540983,24185.131915983606,10.30078125,-0.04345107198286542,0.24885425399573977,20.69061661964426,0.23478528717315078,-0.3248871266935793,50541.26155000002,99166.79565000001,-48625.5341,-0.045676087019887276,-0.011679228801409966,-0.004146274851715599
1777879922525,24096,24150,0.3333333333333333,24181.633463541668,8.30078125,-0.02252774734698889,0.20930349893594305,20.69061661964426,0.23478528717315078,-0.3248871266935793,50541.26155000002,99166.79565000001,-48625.5341,-0.04660186042410305,-0.0048482450003658785,-0.0038134713492180266
1777879937527,24100.45,24150,0,24184.5,7,-0.0065407737216882835,0.15376944200115902,20.69061661964426,0.23478528717315078,-0.3248871266935793,50541.26155000002,99166.79565000001,-48625.5341,-0.1067961192224087,-0.009590131150436415,-0.005263261115071197
1777879953451,24100.7,24150,0.3333333333333333,24183.93359375,4.400390625,-0.018743426607762757,0.12955493320399525,20.69061661964426,0.24854791715312158,-0.3134713910026899,50541.26155000002,99166.79565000001,-48625.5341,-0.16634821042432288,-0.009058384104645292,-0.0047425413559054296
1777879970197,24099.75,24150,0.639344262295082,24186.08132684426,6.19921875,-0.029858429727246456,0.16665002622933014,20.69061661964426,0.24854791715312158,-0.3134713910026899,50541.26155000002,99166.79565000001,-48625.5341,-0.11903727984008053,-0.0039463825484264345,-0.008167443724523835
1777879985693,24099.6,24150,-0.3333333333333333,24178.466145833332,10.099609375,0.012274875569925148,0.13009209636946759,20.69061661964426,0.24854791715312158,-0.3134713910026899,50541.26155000002,99166.79565000001,-48625.5341,-0.14842424541688637,-0.012129988117481791,-0.007642636530902081
1777880002620,24100.3,24150,-0.6666666666666666,24176.916015625,10.30078125,0.02088681668287246,0.3309397435212813,20.69061661964426,0.24854791715312158,-0.3134713910026899,50541.26155000002,99166.79565000001,-48625.5341,-0.15657213931601321,-0.010783572337965456,-0.0020020583174541417
1777880018462,24098.6,24150,0,24181.0498046875,10.099609375,0.03510227054170961,0.3305453217907145,20.69061661964426,0.24854740150103116,-0.3134707406565518,50541.26155000002,99166.79565000001,-48625.5341,-0.12804615762917523,-0.0036739781310579415,-0.004696052324007168
1777880033555,24098.45,24150,0.3333333333333333,24181.200520833332,7.80078125,0.04788314985372875,0.2992893644323274,20.69061661964426,0.24854740150103116,-0.3134707406565518,50541.26155000002,99166.79565000001,-48625.5341,-0.0532828673243216,0.0008740566585755116,-0.005052192011949106
1777880048627,24098.45,24150,-0.2,24179.23984375,8.099609375,0.044302294286839836,0.20051163752287443,20.69061661964426,0.24854740150103116,-0.3134707406565518,50541.26155000002,99166.79565000001,-48625.5341,-0.06640925229623332,-0.001490540696529246,-0.004899829586310588
1777880065096,24098.45,24150,0.9354838709677419,24182.645539314515,7.900390625,-0.008917303171578976,0.2691648177242004,20.69061661964426,0.23477408353988513,-0.32487162352358073,50541.26155000002,99166.79565000001,-48625.5341,-0.06863760222243856,-0.002938563445456864,-0.0020905365514287326
1777880080730,24098.45,24150,-0.5,24178.5,6,-0.008501594464542489,0.2633458511093039,20.69061661964426,0.23477408353988513,-0.32487162352358073,50541.26155000002,99166.79565000001,-48625.5341,-0.15397660417537884,-0.009976642006047743,-0.004178985717636346
1777880096288,24098.45,24150,-0.3333333333333333,24185,10.5,-0.011586431217656238,0.35115852933140757,20.69061661964426,0.23477408353988513,-0.32487162352358073,50541.26155000002,99166.79565000001,-48625.5341,-0.15472499516496468,-0.007300176106678554,-0.0005703249847306358
1777880111290,24102.1,24150,-0.3333333333333333,24192.400390625,0.298828125,-0.003347674148037486,0.3850532532073085,20.69061661964426,0.23477408353988513,-0.32487162352358073,50541.26155000002,99166.79565000001,-48625.5341,-0.10872855207857125,-0.005429126172949562,0.002704700239217823
1777880126305,24102,24150,0.2,24187.880078125,8.80078125,0.003118151200569155,0.30151708783952064,20.69061661964426,0.24857318410555276,-0.3135032579634584,50541.26155000002,99166.79565000001,-48625.5341,-0.048918762846370915,-0.004166460686726629,0.0003517268659639944
1777880141312,24108,24150,-0.75,24190.36181640625,5.30078125,-0.012321699254298317,0.1831426374579447,20.69061661964426,0.24857318410555276,-0.3135032579634584,50541.26155000002,99166.79565000001,-48625.5341,-0.08792107795293888,-0.007435008782950137,0.002999920554919412
1777880156604,24107.85,24150,-0.7777777777777778,24187,9,-0.011375475037347581,0.1612182518812602,20.69061661964426,0.24857318410555276,-0.3135032579634584,50541.26155000002,99166.79565000001,-48625.5341,-0.0487536706600513,0.0035577471857219695,0.0031390626144136642
1777880172601,24103.95,24150,0,24186.8505859375,10.099609375,-0.0037381500722035907,0.03386267715547337,20.69061661964426,0.24857318410555276,-0.3135032579634584,50541.26155000002,99166.79565000001,-48625.5341,0.018868791075125794,0.009928638843362182,0.003553009777886431
1777880188436,24099.7,24150,0.23076923076923078,24184.55408653846,7.400390625,0.003338683572751041,-0.04413390041322497,20.69061661964426,0.24855926149911112,-0.31348569861772885,50541.26155000002,99166.79565000001,-48625.5341,0.048960090784150916,0.008028021385721952,0.00144261726014832
1777880204008,24097.55,24150,0,24176.349609375,2.5,-0.0033840805921501885,-0.1350639958656158,20.69061661964426,0.24855926149911112,-0.31348569861772885,50541.26155000002,99166.79565000001,-48625.5341,0.02196428941839806,0.002762889596378853,0.0063077827793690195
1777880219738,24102.7,24150,0,24178.099609375,3.80078125,-0.0036129608151780675,-0.10979216510641499,20.69061661964426,0.24855926149911112,-0.31348569861772885,50541.26155000002,99166.79565000001,-48625.5341,0.004746046941837368,0.002440362063161506,0.00799262072042754
1777880235649,24100.4,24150,-0.3333333333333333,24179.06640625,8.900390625,0.009582206065012979,0.007774842776845915,20.69061661964426,0.24855926149911112,-0.31348569861772885,50541.26155000002,99166.79565000001,-48625.5341,0.0005121775207901848,0.0018712489445414588,0.007447465659488094
1777880251580,24099.15,24150,0.5,24187.625,3.5,0.006856276297182502,-0.0383262257286006,20.69061661964426,0.24857679367018584,-0.3135078103864254,50541.26155000002,99166.79565000001,-48625.5341,0.079107368996193,0.0066115307738649435,0.008116720345212554
1777880267690,24101.25,24150,0,24190.150390625,9.5,0.005206223542889996,-0.07012575640465853,20.69061661964426,0.24857679367018584,-0.3135078103864254,50541.26155000002,99166.79565000001,-48625.5341,0.18094525142943463,0.005231371025389955,0.004175344026293444
1777880283368,24106.75,24150,0,24189.2001953125,6.400390625,0.0005288784521127891,0.04998922766619735,20.69061661964426,0.24857679367018584,-0.3135078103864254,50541.26155000002,99166.79565000001,-48625.5341,0.11448539758911305,0.0039507492898657485,0.0031373082759949687
1777880299089,24105.2,24150,0.6666666666666666,24191.166666666668,11,0.0033345311945024345,0.1903332107760642,20.69061661964426,0.24857679367018584,-0.3135078103864254,50541.26155000002,99166.79565000001,-48625.5341,0.16719181297306396,0.009049276782059386,0.003182400260397453
1777880315307,24103.8,24150,0,24192.0498046875,4.099609375,-0.03581286691513896,0.4418166711509227,20.69061661964426,0.2486061858393405,-0.30227883190231236,50541.26155000002,99166.79565000001,-48625.5341,0.1523929902343204,0.014123253413179907,0.0025970788368917565
1777880331083,24110.55,24150,-0.875,24191.25,4,-0.006033618096638124,0.7205387885447625,20.69061661964426,0.2486061858393405,-0.30227883190231236,50541.26155000002,99166.79565000001,-48625.5341,0.08859255346234907,0.000763223659967361,-0.0002489800698174979
1777880347333,24110.75,24150,0,24193.0498046875,11.900390625,-7.320084988468572e-05,0.7268320194876833,20.69061661964426,0.2486061858393405,-0.30227883190231236,50541.26155000002,99166.79565000001,-48625.5341,-0.00990410289453448,0.00031154863810305567,0.0014974037441949574
1777880363253,24109.9,24150,0.2,24194.03984375,9.900390625,0.009499216908811258,0.5895182867754859,20.69061661964426,0.2486061858393405,-0.30227883190231236,50541.26155000002,99166.79565000001,-48625.5341,-0.06325780249395674,-0.0009759479253364085,0.005290669864408116
1777880379195,24111.4,24150,-0.7333333333333333,24191.766666666666,9.5,0.017028564401742007,0.9300407902917364,20.690616619644263,0.24865207887538898,-0.3023346329809635,50541.26155000002,99166.79565000001,-48625.5341,-0.024427202016325405,0.007838314053545507,0.0010313468228908497
1777880395022,24113.55,24150,0.75,24199.375,5,0.050344771640494765,1.1314973543306377,20.690616619644263,0.24865207887538898,-0.3023346329809635,50541.26155000002,99166.79565000001,-48625.5341,0.0966180064009023,0.016388612002146568,-0.002952832644260759
1777880410042,24111.6,24150,0.6666666666666666,24199.999674479168,9.599609375,0.06274947160224568,0.9307042783755163,20.690616619644263,0.24865207887538898,-0.3023346329809635,50541.26155000002,99166.79565000001,-48625.5341,0.09766661406758817,0.0098619568855187,-0.0025458694242545374
1777880426173,24110.65,24150,0.3333333333333333,24200.93359375,1.400390625,0.061156834382412206,1.0808651247423302,20.690616619644263,0.24865207887538898,-0.3023346329809635,50541.26155000002,99166.79565000001,-48625.5341,0.13553135069274805,0.00984600766324182,-0.003328215920250279
1777880441195,24111,24150,-0.3333333333333333,24194.399739583332,6.900390625,0.0248201827353716,0.8124620474145748,20.690616619644263,0.24865671974420286,-0.30234027578666983,50541.26155000002,99166.79565000001,-48625.5341,-0.02226734820262704,0.009289628413946344,-0.002143718140366579
1777880456315,24110.65,24150,-0.06666666666666667,24196.266666666666,7,0.023690350989613935,0.6221823171550486,20.690616619644263,0.24865671974420286,-0.30234027578666983,50541.26155000002,99166.79565000001,-48625.5341,-0.04199886311845631,0.005535346658271617,-0.0016247414275690024
1777880472060,24111.1,24150,0.8333333333333334,24197.474283854168,2.69921875,0.03305133623463765,0.562053001387559,20.690616619644263,0.24865671974420286,-0.30234027578666983,50541.26155000002,99166.79565000001,-48625.5341,-0.058602236719972334,0.005878027323539808,0.0014266451087729542
1777880487332,24114.2,24150,0.42857142857142855,24200.714285714286,8,0.03366196122949428,0.6426970750308274,20.690616619644263,0.24865671974420286,-0.30234027578666983,50541.26155000002,99166.79565000001,-48625.5341,0.10323315361479352,0.0059104562568971465,0.002348687561943457
1777880502891,24113.3,24150,-0.75,24201.725341796875,2.599609375,0.042538036317009385,0.5379874714411175,20.690616619644267,0.24868765886962882,-0.3023778944913785,50541.26155000002,99166.79565000001,-48625.5341,0.06726451811730962,-0.0005932347053210526,-0.0008014534876236347
1777880518502,24113.7,24150,-0.8,24202.6603515625,2.599609375,0.02760144010077503,0.6483987169829735,20.690616619644267,0.24868765886962882,-0.3023778944913785,50541.26155000002,99166.79565000001,-48625.5341,0.006810611273851367,-0.002294320820659624,0.0017368513991850257
1777880535467,24113.95,24150,0.3333333333333333,24200.600260416668,2.400390625,0.017061409466386474,0.6344919030659533,20.690616619644267,0.24868765886962882,-0.3023778944913785,50541.26155000002,99166.79565000001,-48625.5341,0.0887509887187771,0.0027677815588773034,0.0010902848337678494
1777880550487,24118.65,24150,-0.7142857142857143,24202.7421875,7.30078125,0.026495801151126236,0.45683103232536276,20.690616619644267,0.24873922407867208,-0.30244059233255954,50541.26155000002,99166.79565000001,-48625.5341,0.04386811924922661,-0.0026422779211543674,0.000419949307639483
1777880566614,24121.35,24150,0.6,24206.63984375,6.80078125,0.02369267891052212,0.43334037311340723,20.690616619644267,0.24873922407867208,-0.30244059233255954,50541.26155000002,99166.79565000001,-48625.5341,0.03779083832526808,0.0006199912105280241,0.0006273820850902295
1777880583422,24119.3,24150,-0.8571428571428571,24201.37820870536,3.900390625,0.020740672875696954,0.42032175119777443,20.690616619644267,0.24873922407867208,-0.30244059233255954,50541.26155000002,99166.79565000001,-48625.5341,-0.04878800557214489,-0.005945844058622447,-0.001621313476373967
1777880599189,24117.8,24150,0,24206.5498046875,6.701171875,0.04132338416334881,0.2661261598624019,20.690616619644267,0.24873922407867208,-0.30244059233255954,50541.26155000002,99166.79565000001,-48625.5341,-0.1663837104147403,-0.008170672849234253,0.0007691584780140634
1777880615381,24116.3,24150,0,24201.849609375,5.30078125,0.021664028493341137,0.4550671654107713,20.690616619644267,0.24869590930307572,-0.30238792614596743,50541.26155000002,99166.79565000001,-48625.5341,-0.024886355096605375,0.000937511298928443,0.0014718802327718542
1777880631118,24119.05,24150,0.3333333333333333,24202.666666666668,4,0.013906957991916347,0.46558603589805475,20.690616619644267,0.24869590930307572,-0.30238792614596743,50541.26155000002,99166.79565000001,-48625.5341,0.03601584815103089,0.0002910139043085458,-0.0012522066512289185
1777880646772,24119.1,24150,-0.2,24201.6,4,-0.0015573108620288484,0.36281778736324877,20.690616619644267,0.24869590930307572,-0.30238792614596743,50541.26155000002,99166.79565000001,-48625.5341,0.011813997748079043,-0.008934632795906103,-0.0008532190187786609
1777880663526,24117.15,24150,-0.7142857142857143,24201.086495535714,2,-0.00895112416160975,0.2596105008898987,20.690616619644267,0.24869590930307572,-0.30238792614596743,50541.26155000002,99166.79565000001,-48625.5341,-0.1610420648562807,-0.00945111395977287,-0.0005146000702284727
1777880678532,24110.4,24150,0.6666666666666666,24192.500651041668,1.80078125,0.005057538163982779,0.03909834389544949,20.69061661964427,0.24868508060917666,-0.3023747595993194,50541.26155000002,99166.79565000001,-48625.5341,-0.07346351694789834,3.1935240022486754e-05,-0.001960939399807251
1777880694334,24108.7,24150,-0.8888888888888888,24190.428168402777,0.5,-0.013463388917299113,-0.06351897074162258,20.69061661964427,0.24868508060917666,-0.3023747595993194,50541.26155000002,99166.79565000001,-48625.5341,-0.013534872052847993,-0.005885047347039882,6.787182525432426e-05
1777880710097,24109.15,24150,-0.8181818181818182,24190.08185369318,0.900390625,-0.021607085076055563,-0.1521711742389681,20.69495115183433,0.25353619431823216,-0.30373110270010845,54498.47129999999,102648.93145000005,-48150.46015,-0.1391553782780037,-0.011221195293898265,0.0020945623495516584
1777880725835,24109.7,24150,-0.6,24191.3203125,4.599609375,-0.01356102775391613,-0.18651985937972518,20.69495115183433,0.25353619431823216,-0.30373110270010845,54498.47129999999,102648.93145000005,-48150.46015,-0.11829613432530259,-0.0073582278399506535,-0.003163400848286033
1777880741537,24110.4,24150,-0.3333333333333333,24191.800130208332,4.19921875,-0.005018424739896704,-0.16020821808576402,20.698852230805386,0.25353829753706064,-0.30373362231264633,54498.47129999999,102648.93145000005,-48150.46015,-0.13617126066000265,-0.012247974464122745,-0.0003597108311580931
1777880757425,24109.9,24150,0.5,24194.6748046875,5.69921875,0.02881870745490809,0.029871863661879418,20.698852230805386,0.25353829753706064,-0.30373362231264633,54498.47129999999,102648.93145000005,-48150.46015,-0.013074086932232833,-0.004750575480830958,-0.001166691908272367
1777880773200,24104.7,24150,0,24190.0498046875,8.900390625,-0.01869626390439219,-0.09175552924933653,20.698852230805386,0.25353829753706064,-0.30373362231264633,54498.47129999999,102648.93145000005,-48150.46015,-0.006749189794090545,-0.013301617669314323,0.000859933653717615
1777880789105,24095.55,24150,-0.5,24178.57568359375,7.099609375,-0.0089584280534351,-0.062469904714593245,20.698852230805386,0.25353829753706064,-0.30373362231264633,54498.47129999999,102648.93145000005,-48150.46015,-0.05361976623653869,-0.017825187541657857,-0.00595886513860595
1777880805016,24101.75,24150,0,24189.099609375,9.80078125,0.00841645722946668,-0.07801304130071547,20.702381778445865,0.238847924942276,-0.3264724669174869,54498.47129999999,102648.93145000005,-48150.46015,-0.1140021000799989,-0.015443341387550599,0.0013691476677313446
1777880820872,24100.55,24150,0.3333333333333333,24189.699869791668,11.400390625,0.011576390405755718,0.15597162160306952,20.702381778445865,0.238847924942276,-0.3264724669174869,54498.47129999999,102648.93145000005,-48150.46015,-0.10420568155270483,-0.015451565838871533,0.0017014065364488388
1777880836469,24105.8,24150,-0.6,24188.6,3,0.04450654747114429,0.5255815364690621,20.702381778445865,0.238847924942276,-0.3264724669174869,54498.47129999999,102648.93145000005,-48150.46015,-0.019545286422900408,-0.00917700035276096,-0.0009207482114952275
1777880851821,24104.05,24150,0.7272727272727273,24190.18181818182,6,0.0407549790287793,0.603334038062327,20.702381778445865,0.238847924942276,-0.3264724669174869,54498.47129999999,102648.93145000005,-48150.46015,-0.01641193935227808,-0.008707742049061025,-0.0019362115438586664
1777880867617,24102.2,24150,-0.6666666666666666,24184.332682291668,6.80078125,0.01823451819221042,0.6178083989675298,20.705590458119026,0.25348045901927607,-0.3157827800572369,54498.47129999999,102648.93145000005,-48150.46015,0.032787454921380896,-0.005655216726037503,-0.0013829640959184372
1777880882629,24091.6,24150,0.9534883720930233,24178.906976744187,4,0.008273309949692779,0.43503588709534813,20.705590458119026,0.25348045901927607,-0.3157827800572369,54498.47129999999,102648.93145000005,-48150.46015,0.15807303094967318,-0.004323741244877497,-0.002680305012564966
1777880898141,24081.95,24150,-0.9166666666666666,24154.357584635418,3.80078125,-0.003193142863249909,0.4386212312618925,20.705590458119026,0.25348045901927607,-0.3157827800572369,54498.47129999999,102648.93145000005,-48150.46015,0.15368015413347913,-0.004077682338589415,-0.002388797822829258
1777880913150,24090.3,24150,0.09090909090909091,24177.053977272728,14.400390625,0.009957178396519408,0.4260181688957183,20.708520122168437,0.22820994713483206,-0.326376948301784,54498.47129999999,102648.93145000005,-48150.46015,0.07907818759982854,-0.007706760805926978,-0.004362822129100376
1777880928262,24093.5,24150,0.3333333333333333,24184.233072916668,11.30078125,0.0014542688276588892,0.23910139067238897,20.708520122168437,0.22820994713483206,-0.326376948301784,54498.47129999999,102648.93145000005,-48150.46015,-0.025594461650296926,-0.00498143841215662,-0.009824204706081368
1777880944133,24102,24150,0,24186.099609375,5.80078125,0.017635238957025505,0.44168365447089153,20.708520122168437,0.22820994713483206,-0.326376948301784,54498.47129999999,102648.93145000005,-48150.46015,-0.06535463816538672,0.0047491768021401355,-0.008308575210169209
1777880959142,24102.05,24150,-0.6,24186,5,0.024502237765668393,0.21434413134598143,20.708520122168437,0.22820994713483206,-0.326376948301784,54498.47129999999,102648.93145000005,-48150.46015,-0.022149785390215806,0.00384252049250115,-0.010206152464545355
1777880974167,24105,24150,0.3333333333333333,24188.333333333332,5,0.021792591355638807,0.3196300097799881,20.71120564754706,0.2534872944804688,-0.31579129558915114,54498.47129999999,102648.93145000005,-48150.46015,-0.022384268998796832,0.00279382914141748,-0.010184958213102585
1777880989634,24103.25,24150,0,24190.2998046875,9.599609375,0.030163836203831115,0.1605331145908365,20.71120564754706,0.2534872944804688,-0.31579129558915114,54498.47129999999,102648.93145000005,-48150.46015,0.0364334113086882,0.007109718914679777,-0.012324093135434113
1777881004649,24100.3,24150,0,24187,4,0.0017336127719586013,-0.08109251652869491,20.71120564754706,0.2534872944804688,-0.31579129558915114,54498.47129999999,102648.93145000005,-48150.46015,0.16263095766792493,0.0053316358355943025,-0.01255607062391368
1777881021734,24093.2,24150,0,24176.3505859375,9.900390625,-0.020387637687318067,-0.1779595821902632,20.71120564754706,0.2534872944804688,-0.31579129558915114,54498.47129999999,102648.93145000005,-48150.46015,0.05428699553745988,-0.001107388183869138,-0.009895546397036837
1777881037502,24088.6,24150,-0.3333333333333333,24170.56640625,1.69921875,-0.042069709648315,-0.25022983658806097,20.713676330895396,0.22822178910625973,-0.32639388422655397,54498.47129999999,102648.93145000005,-48150.46015,-0.08913282979715462,-0.00047534404814733984,-0.010592613259085431
1777881052501,24082.95,24150,-0.6666666666666666,24165.666666666668,4,-0.0507337753863379,-0.1710662028422556,20.713676330895396,0.22822178910625973,-0.32639388422655397,54498.47129999999,102648.93145000005,-48150.46015,-0.150962757425588,-0.0060266371131036285,-0.009082680095621616
1777881068205,24078.8,24150,0.8461538461538461,24156.846153846152,2,-0.05271870123982533,-0.10690924384642182,20.713676330895396,0.22822178910625973,-0.32639388422655397,54498.47129999999,102648.93145000005,-48150.46015,-0.18326917575294288,-0.001559292509492632,-0.0019730965402067744
1777881083218,24075.75,24150,0.4,24151.7,1,-0.07602670786922786,-0.27771456136813977,20.713676330895396,0.22822178910625973,-0.32639388422655397,54498.47129999999,102648.93145000005,-48150.46015,-0.05348855990310725,0.0013398145163350857,-0.0045198699513071695
1777881099473,24080.45,24150,-0.45454545454545453,24159.96306818182,13.80078125,-0.07600438473832959,-0.3492918083879596,20.715956961678476,0.22807779073369916,-0.3261879433813507,54498.47129999999,102648.93145000005,-48150.46015,-0.07777589214532057,-0.006126427864587863,-0.0007782312486482384
1777881115080,24079.5,24150,-0.6666666666666666,24164.216796875,7.30078125,-0.07562567108594886,-0.3769598077383536,20.715956961678476,0.22807779073369916,-0.3261879433813507,54498.47129999999,102648.93145000005,-48150.46015,-0.21875589090883985,-0.013117071220217278,-0.0022870005448738253
1777881130436,24084.45,24150,0.2222222222222222,24171.950303819445,2.69921875,-0.07296850884198781,0.011169200329742467,20.715956961678476,0.22807779073369916,-0.3261879433813507,54498.47129999999,102648.93145000005,-48150.46015,-0.15222143433541646,-0.00476399423634866,0.0041433530115567675
1777881146405,24087.1,24150,0,24166.2001953125,10.400390625,-0.08491924511228906,-0.011348872506055773,20.715956961678476,0.22807779073369916,-0.3261879433813507,54498.47129999999,102648.93145000005,-48150.46015,0.0050063775951290235,-0.0002997250581753024,0.000548795038494853
1777881162158,24073.25,24150,-0.6,24153.03984375,5.19921875,-0.12990358305145633,-0.29612528289531354,20.71806865684799,0.22808347487998443,-0.3261960726252403,54498.47129999999,102648.93145000005,-48150.46015,-0.047852883533010565,-0.006588390730784435,-0.0013830908383690162
1777881178105,24070.65,24150,0.9787234042553191,24157.617312167553,7.69921875,-0.13606556795793073,-0.35438321578027365,20.71806865684799,0.22808347487998443,-0.3261960726252403,54498.47129999999,102648.93145000005,-48150.46015,-0.11392447791971366,-0.010866444950112835,-0.0019682020122772093
1777881193809,24067.05,24150,-0.9166666666666666,24144.299641927082,4.80078125,-0.11291008880805169,-0.27701561149356746,20.71806865684799,0.22808347487998443,-0.3261960726252403,54498.47129999999,102648.93145000005,-48150.46015,-0.10173754518032668,-0.012616835152762122,-0.006527327711219261
1777881209618,24064.3,24150,0.3333333333333333,24145.200520833332,1.80078125,-0.058225990619915895,-0.134554992873046,20.71806865684799,0.22808347487998443,-0.3261960726252403,54498.47129999999,102648.93145000005,-48150.46015,-0.11220812661007806,-0.002670305595520524,-0.0077759646281071754
1777881226226,24059.55,24150,0.8,24142.7,3,-0.06811185701008086,-0.09894296748491546,20.71806865684799,0.22793521339770986,-0.3259840348471198,54498.47129999999,102648.93145000005,-48150.46015,0.004582006133510497,0.0071670729680004255,-0.004547302867976549
1777881241974,24062.35,24150,0.5,24147.95068359375,1.400390625,-0.062050893482003884,0.20276527598907135,20.71806865684799,0.22793521339770986,-0.3259840348471198,54498.47129999999,102648.93145000005,-48150.46015,-0.0011161263878082639,0.0033963446568671006,-0.00677592236127435
1777881257695,24070.45,24150,-0.3333333333333333,24152,11.701171875,-0.03758905723916126,0.33752267408452036,20.71806865684799,0.22793521339770986,-0.3259840348471198,54498.47129999999,102648.93145000005,-48150.46015,-0.05232512355231511,0.0021789695739714804,-0.00365315895222454
1777881273690,24072.95,24150,0.3333333333333333,24163.6328125,12.19921875,-0.05725906839376413,0.5066926953013386,20.71806865684799,0.22793521339770986,-0.3259840348471198,54498.47129999999,102648.93145000005,-48150.46015,0.07932455909744818,0.015122819002142563,-0.004391110463197618
1777881289377,24073.45,24150,-0.42857142857142855,24158.5,10.5,-0.0507342401083913,0.5926207603857983,20.71806865684799,0.2280673697988428,-0.3261730397675531,54498.47129999999,102648.93145000005,-48150.46015,0.14666748423930118,0.015720641730907047,-0.004300452252653939
1777881306093,24068.75,24150,0.25,24155.87451171875,6.19921875,-0.0658669589918854,0.31979810573635753,20.71806865684799,0.2280673697988428,-0.3261730397675531,54498.47129999999,102648.93145000005,-48150.46015,0.1524244854320744,0.015970237261458315,-0.005552874568903573
1777881322971,24067.4,24150,0,24155.1494140625,3.099609375,-0.07976977063737425,0.5672536326596158,20.71806865684799,0.2280673697988428,-0.3261730397675531,54498.47129999999,102648.93145000005,-48150.46015,0.043260716717813244,0.008483076119279905,-0.0004822109598482977
1777881338390,24064.8,24150,0.7647058823529411,24154.146369485294,4.69921875,-0.032436684117494965,0.6926180963754877,20.71806865684799,0.2279816339257064,-0.32605042367221826,54498.47129999999,102648.93145000005,-48150.46015,0.1090615319556735,0.01485734049542435,0.0012173891929965113
1777881354243,24066.05,24150,0.3333333333333333,24156.633463541668,4.099609375,-0.06288946817792859,0.5768894375127271,20.71806865684799,0.2279816339257064,-0.32605042367221826,54498.47129999999,102648.93145000005,-48150.46015,0.1333371085662192,0.016691632836658126,0.008205036887498561
1777881370059,24072.8,24150,-0.7142857142857143,24154.85714285714,13,-0.050655374838264496,0.7869983886739249,20.71806865684799,0.2279816339257064,-0.32605042367221826,54498.47129999999,102648.93145000005,-48150.46015,0.13164445290463653,0.013429817260480311,0.00530363720672189
1777881385988,24080.65,24150,0.75,24169.125,7,-0.04504000683660869,0.8123999660955578,20.71806865684799,0.2279816339257064,-0.32605042367221826,54498.47129999999,102648.93145000005,-48150.46015,0.1118428348594184,0.009004746591970567,0.005020614701017031
1777881401823,24082.15,24150,0.3333333333333333,24172.333333333332,9.798828125,0.03394717214708328,0.9158867038427764,20.720029516648257,0.2281464741679797,-0.3262861717450168,54498.47129999999,102648.93145000005,-48150.46015,0.12491588821767598,0.008925544267485834,0.012128500279710346
1777881418738,24083.15,24150,0.14285714285714285,24169.82840401786,7.400390625,0.034016626599898236,0.9150682194924249,20.720029516648257,0.2281464741679797,-0.3262861717450168,54498.47129999999,102648.93145000005,-48150.46015,0.14899103842424577,0.009114948711915037,0.005893866633213872
1777881434694,24077.65,24150,-0.3333333333333333,24161.56640625,4.69921875,-0.026014579023692974,0.8362665205522863,20.720029516648257,0.2281464741679797,-0.3262861717450168,54498.47129999999,102648.93145000005,-48150.46015,0.04311076334460005,0.00782555858971262,0.004008880876627664
1777881449720,24075.45,24150,-0.6666666666666666,24158.800130208332,4.80078125,-0.052522916717476914,0.7263024003623969,20.720029516648257,0.2281464741679797,-0.3262861717450168,54498.47129999999,102648.93145000005,-48150.46015,0.07402880271103744,0.013067406087173735,0.00293644743934079
1777881466710,24073.75,24150,0.75,24160.037841796875,6.900390625,-0.05888147770825256,0.58362451737248,20.720029516648257,0.22806547508341438,-0.3261703300195899,54498.47129999999,102648.93145000005,-48150.46015,0.12540449210006552,0.014022428956394684,0.0018233496475141171
1777881482373,24072.05,24150,0,24156.25,7.1015625,-0.05619234312881717,0.46160220306638267,20.720029516648257,0.22806547508341438,-0.3261703300195899,54498.47129999999,102648.93145000005,-48150.46015,0.10863097300048505,0.006835655473847759,0.0059715123834549935
1777881499002,24067.35,24150,-0.030303030303030304,24147.424242424244,5,-0.039839650690120056,0.3799163378640111,20.720029516648257,0.22806547508341438,-0.3261703300195899,54498.47129999999,102648.93145000005,-48150.46015,0.099621877691625,0.003411724956956949,0.004314608309615799
1777881516024,24065.45,24150,-0.9512195121951219,24141.975990853658,3.099609375,-0.009354971769417835,0.24023515590574554,20.720029516648257,0.22806547508341438,-0.3261703300195899,54498.47129999999,102648.93145000005,-48150.46015,-0.028198633875667258,-0.003393312548516309,0.001692115953133427
1777881532880,24060.05,24150,-0.3333333333333333,24141.932942708332,3.701171875,-0.011203457270396148,0.23451369729170893,20.720029516648257,0.22796126573485076,-0.32602129388161377,54498.47129999999,102648.93145000005,-48150.46015,-0.13301702061080695,0.000345628701717194,0.000677052070305917
1777881549268,24043.2,24150,-0.4,24115.7201171875,2.400390625,-0.09817253818299211,0.0432016755694366,20.720029516648257,0.22796126573485076,-0.32602129388161377,54498.47129999999,102648.93145000005,-48150.46015,-0.008589410255028141,0.007610361793887148,-0.002161892558231435
1777881564271,24043.05,24150,0.8947368421052632,24122.19962993421,7.599609375,-0.07273805971282857,0.15155088985934792,20.720029516648257,0.22796126573485076,-0.32602129388161377,54498.47129999999,102648.93145000005,-48150.46015,-0.061299768853928446,-0.00011645960684347784,0.001636797157122419
1777881579785,24032.9,24150,0.23076923076923078,24112.76923076923,4.5,-0.11825090677109672,0.03854667074480916,20.720029516648257,0.22796126573485076,-0.32602129388161377,54498.47129999999,102648.93145000005,-48150.46015,-0.10078145042559446,-0.0019845243746323235,-0.0060092423992006245
1777881594908,24026.7,24150,-0.9947089947089947,24101.50925925926,3.5,-0.102938071701371,-0.06304746388968903,20.720029516648257,0.2741915629468607,-0.2741013922097246,40926.3842,90046.09964999997,-49119.71545,-0.17117450889749755,-0.009057778886011284,-0.006626293178822149
1777881609957,24016.3,24150,0.9130434782608695,24094.956521739132,1,-0.12300390242197895,-0.10880532105000956,20.720029516648257,0.2780575500417063,-0.2757432405634265,37287.78884999999,87903.73735,-50615.94850000001,-0.10158825179059246,-0.005991121667006605,-0.005357368147642689
1777881625474,24005.3,24150,-0.6666666666666666,24082.317057291668,8.5,-0.14996533072911616,-0.2647201348040857,20.720029516648257,0.2780575500417063,-0.2757432405634265,37287.78884999999,87903.73735,-50615.94850000001,-0.11216644616421613,-0.012552549716765,-0.004782883818895543
1777881641168,24008.25,24150,0.8571428571428571,24083.357561383928,0.599609375,-0.16398139594937391,-0.11185131919859473,20.720029516648257,0.2780575500417063,-0.2757432405634265,37287.78884999999,87903.73735,-50615.94850000001,-0.18854480759050118,-0.016937307978446177,0.00542767608778933
1777881657043,24016.05,24150,-0.9896907216494846,24097.705410357605,1.201171875,-0.1386063849580722,0.060519155301915595,20.720029516648257,0.2779145889690014,-0.27560146937449037,37287.78884999999,87903.73735,-50615.94850000001,-0.21650866353726878,-0.012373002656160181,0.003051959148645737
1777881672046,24019.8,24150,0,24096.599609375,2.80078125,-0.11532301616060091,0.0017477760186246655,20.720029516648257,0.2779145889690014,-0.27560146937449037,37287.78884999999,87903.73735,-50615.94850000001,-0.3233345144360471,-0.009925002492340131,0.006188048960910921
1777881687686,24028.1,24150,0.84,24116.21671875,7.30078125,-0.03843058795749631,0.13643690642118975,20.720029516648257,0.2779145889690014,-0.27560146937449037,37287.78884999999,87903.73735,-50615.94850000001,-0.2281545261370738,0.0026104486001443153,0.008799787745411677
1777881704529,24029.7,24150,0.2,24110.3796875,5.798828125,0.002343368093246858,0.08892481527796225,20.720029516648257,0.27815768067157653,-0.2758425377929242,37287.78884999999,87903.73735,-50615.94850000001,-0.07726254952406639,0.001731943514818996,0.01057303277263423
1777881720401,24028.4,24150,0,24114,2,0.03650133055964047,0.29491117364834685,20.720029516648257,0.27815768067157653,-0.2758425377929242,37287.78884999999,87903.73735,-50615.94850000001,-0.09777855051771431,-0.007255741000041174,0.006630401075029901
1777881736093,24036.8,24150,-0.5,24116.25,5,0.040309838632378636,0.21785469524387746,20.720029516648257,0.27815768067157653,-0.2758425377929242,37287.78884999999,87903.73735,-50615.94850000001,-0.19330982340569805,-0.009734308582710436,0.007722542512783617
1777881752155,24035,24150,0.5,24117.35009765625,2.599609375,0.058935722399458296,0.15829108499490419,20.720029516648257,0.27815768067157653,-0.2758425377929242,37287.78884999999,87903.73735,-50615.94850000001,-0.1478373377449191,-0.0028136556575225633,0.011885414022589549
1777881767967,24030.65,24150,-0.3333333333333333,24112.333333333332,4,0.04832594709816974,0.06101079248563213,20.77041109934813,0.2781640473590249,-0.2758488514895975,37287.78884999999,87903.73735,-50615.94850000001,0.07836806818446401,0.00692200845216701,0.0069776887188894975
1777881783996,24025.55,24150,0,24107.2001953125,3.599609375,0.05402116807284773,0.023597160429028527,20.77041109934813,0.2781640473590249,-0.2758488514895975,37287.78884999999,87903.73735,-50615.94850000001,0.12404183067526003,0.008983471554226121,0.009001540148265597
1777881800138,24027.4,24150,0.5,24108,4,0.04469213089006778,-0.030085490896487134,20.77041109934813,0.2781640473590249,-0.2758488514895975,37287.78884999999,87903.73735,-50615.94850000001,-0.03036348656649519,0.0006292266808744043,0.005797916258507301
1777881815934,24026.4,24150,-0.3333333333333333,24103.93359375,9.099609375,0.0451009523732769,-0.07275857448630929,20.77041109934813,0.2781640473590249,-0.2758488514895975,37287.78884999999,87903.73735,-50615.94850000001,-0.05098836746930914,0.002285589302683862,-0.0006957174712810046
1777881832040,24030.1,24150,-0.7777777777777778,24106.444444444445,4,0.023171331573185364,-0.11294799023622208,20.77041109934813,0.278150156404592,-0.27583507615140124,37287.78884999999,87903.73735,-50615.94850000001,-0.11650491958900988,0.0024584551348334075,-0.005746439128258699
1777881847753,24032.45,24150,0.3333333333333333,24105.900390625,3,-0.0005915119946773,-0.037230649673817465,20.77041109934813,0.278150156404592,-0.27583507615140124,37287.78884999999,87903.73735,-50615.94850000001,-0.05514881609740799,0.006818819161561387,-0.004580698232512344
1777881863653,24019.8,24150,0.5333333333333333,24103.3736328125,4.400390625,-0.03716503982883638,-0.2402396901963054,20.77041109934813,0.278150156404592,-0.27583507615140124,37287.78884999999,87903.73735,-50615.94850000001,-0.014146078529648456,0.005200988133096682,-0.007256348165583379
1777881879555,24023,24150,0.8461538461538461,24103.69230769231,4,-0.05233192381367471,-0.10868050929387194,20.77041109934813,0.278150156404592,-0.27583507615140124,37287.78884999999,87903.73735,-50615.94850000001,-0.0441397080091333,0.001502231284949496,-0.008405943263426927
1777881895132,24020.15,24150,-0.3333333333333333,24097.832682291668,7.900390625,-0.04461956474636608,-0.22708254932632735,20.77041109934813,0.2780662318882268,-0.2757518501497991,37287.78884999999,87903.73735,-50615.94850000001,-0.037110032176070284,0.003244385799669071,-0.006495065977060157
1777881911729,24016.3,24150,0,24093.5498046875,6.900390625,-0.07331941650825025,-0.2297377466056003,20.77041109934813,0.2780662318882268,-0.2757518501497991,37287.78884999999,87903.73735,-50615.94850000001,-0.053118355229420613,-0.0013284343426608885,-0.016739979598462736
1777881927923,24009.95,24150,0.3333333333333333,24089.799479166668,5.69921875,-0.07710220591775527,-0.18097452485072002,20.77041109934813,0.2780662318882268,-0.2757518501497991,37287.78884999999,87903.73735,-50615.94850000001,-0.052500796125614035,-0.001256182185707206,-0.01915009390080759
1777881944166,24009.2,24150,0,24085.5498046875,10.900390625,-0.058750346861040574,-0.10695824597242067,20.77041109934813,0.2780662318882268,-0.2757518501497991,37287.78884999999,87903.73735,-50615.94850000001,-0.1097550365176919,-0.00405067379974427,-0.017517044864650128
1777881961092,24008.95,24150,-0.6,24082.780078125,8.900390625,-0.006993645688087459,0.012286866187374639,20.77041109934813,0.2779255859745941,-0.2756123748505624,37287.78884999999,87903.73735,-50615.94850000001,-0.12902471082059094,-0.005818972490338528,-0.014721931233734779
1777881976891,24013.85,24150,0.5555555555555556,24093.63302951389,11.099609375,0.0053805038356959,0.09848213947774995,20.77041109934813,0.2779255859745941,-0.2756123748505624,37287.78884999999,87903.73735,-50615.94850000001,-0.06768045591637939,0.0010362616175825208,-0.015140676395273632
1777881992424,24012,24150,0.875,24092.781982421875,8.30078125,0.0002742034356100828,0.1351617819167734,20.77041109934813,0.2779255859745941,-0.2756123748505624,37287.78884999999,87903.73735,-50615.94850000001,-0.026785677875991926,0.0031771494594315967,-0.014862353253338201
1777882008348,24015.2,24150,0,24093.0498046875,12.701171875,-0.008594607581464249,0.36552432823517284,20.77041109934813,0.27798693769000593,-0.27567321592759575,37287.78884999999,87903.73735,-50615.94850000001,0.0008707411945406525,-0.001858083249598376,-0.007619311598439774
1777882025058,24018.9,24150,-0.2,24094,10,-0.015271551818771122,0.5457315836443317,20.77041109934813,0.27798693769000593,-0.27567321592759575,37287.78884999999,87903.73735,-50615.94850000001,0.013408190498518328,-0.00692318562766644,-0.007392886473937045
1777882040939,24021.55,24150,0.3333333333333333,24101.799479166668,10.19921875,0.02194431256447621,0.8288949023160889,20.77041109934813,0.27798693769000593,-0.27567321592759575,37287.78884999999,87903.73735,-50615.94850000001,-0.07197206493647175,-0.008834418586431898,-0.008940952407473814
1777882056724,24020.8,24150,-0.3333333333333333,24099.166666666668,10.701171875,0.03111200597768175,0.7404615371822457,20.77041109934813,0.27798693769000593,-0.27567321592759575,37287.78884999999,87903.73735,-50615.94850000001,-0.0967053901653955,-0.00490981077708212,-0.010965898815212765
1777882072532,24022.35,24150,0,24102,11.6015625,0.04019940187733267,0.7314746698761013,20.77041109934813,0.27804597424634553,-0.2757317611149296,37287.78884999999,87903.73735,-50615.94850000001,-0.0935313746567801,-0.0031485253399970575,-0.012739931364441159
1777882088187,24029.4,24150,-0.6,24111.859765625,3.80078125,0.04622770526690634,0.7437468845026908,20.77041109934813,0.27804597424634553,-0.2757317611149296,37287.78884999999,87903.73735,-50615.94850000001,-0.13905392626563873,-0.005622587300894124,-0.003649196626159794
1777882104063,24028.35,24150,0,24113.5,3,0.043618253397638466,0.9347100920426319,20.77041109934813,0.27804597424634553,-0.2757317611149296,37287.78884999999,87903.73735,-50615.94850000001,-0.14484412452551373,-0.006121729340592279,-0.002074981632026654
1777882119738,24022.55,24150,0.3333333333333333,24104.666666666668,5.201171875,0.0869050167639972,0.6805617186297138,20.77041109934813,0.27804597424634553,-0.2757317611149296,37287.78884999999,87903.73735,-50615.94850000001,-0.10740914116053173,-0.0025046898932188032,-0.0008815883310325799
1777882135474,24025,24150,-0.3333333333333333,24106.233072916668,3.69921875,0.0849450559835619,0.6705797563013368,20.77041109934813,0.2780812804221958,-0.27576677343284506,37287.78884999999,87903.73735,-50615.94850000001,-0.12278209646068208,-0.005289784663851286,0.003964348422230035
1777882152448,24029.1,24150,-0.3333333333333333,24107,6,0.08761054613244562,0.4553605236954983,20.77041109934813,0.2780812804221958,-0.27576677343284506,37287.78884999999,87903.73735,-50615.94850000001,-0.13675965042403318,-0.007490926867474098,0.0034369473968422744
1777882168024,24034.5,24150,0,24112,13.80078125,0.07651041510201717,0.2909720189576734,20.77041109934813,0.2780812804221958,-0.27576677343284506,37287.78884999999,87903.73735,-50615.94850000001,-0.1529707837023374,-0.006444132453502491,0.00393932372143663
1777882183699,24033.05,24150,0,24117,4,0.04899736196587546,0.3339938217630583,20.77041109934813,0.2780812804221958,-0.27576677343284506,37287.78884999999,87903.73735,-50615.94850000001,-0.0329006373073225,0.0013664333945612478,0.002515087079456239
1777882199670,24039.15,24150,0,24116.599609375,6.80078125,0.059829783945949906,0.2653686984625293,20.77041109934813,0.27823755365956554,-0.27592174598755254,37287.78884999999,87903.73735,-50615.94850000001,-0.07574183325853755,-0.004667119717392436,0.0044191760899767755
1777882214684,24044.45,24150,-0.8507462686567164,24116.949976679105,8.69921875,0.007653235493023178,0.15824930296257464,20.77041109934813,0.27823755365956554,-0.27592174598755254,37287.78884999999,87903.73735,-50615.94850000001,-0.05238193989824587,-0.0033081629460823842,0.003874761953460649
1777882229685,24049.65,24150,-0.44,24126.4,5,0.09315640887096541,0.31638456434310974,20.77041109934813,0.27823755365956554,-0.27592174598755254,37287.78884999999,87903.73735,-50615.94850000001,-0.03251280382499301,0.0024082824275935594,0.005801827470148472
1777882246027,24045.6,24150,-0.6,24119.980078125,12.400390625,0.08496813888959039,0.40578839357049185,20.77041109934813,0.27823755365956554,-0.27592174598755254,37287.78884999999,87903.73735,-50615.94850000001,0.013353275096542466,0.006963042718572366,0.010652623296058608
1777882261885,24055.1,24150,-0.6,24133.280078125,6.400390625,0.09869189240056668,0.38623984851927967,20.77041109934813,0.2783469449257243,-0.2760302267758477,37287.78884999999,87903.73735,-50615.94850000001,-0.013956390588923806,0.0015083243715375417,0.008371694938374254
1777882277845,24054,24150,0.2727272727272727,24133.545454545456,4,0.10354727266471768,0.5583433125619377,20.77041109934813,0.2783469449257243,-0.2760302267758477,37287.78884999999,87903.73735,-50615.94850000001,0.047774043132061,0.0047090907642079235,0.010224897093618911
1777882293726,24053.9,24150,-0.7777777777777778,24127.399305555555,10.80078125,0.09008142988238226,0.6379226044231676,20.77041109934813,0.2783469449257243,-0.2760302267758477,37287.78884999999,87903.73735,-50615.94850000001,0.04172341856164319,0.0032331438597307557,0.007186659263283565
1777882309067,24054.6,24150,0.3333333333333333,24135.5,10.5,0.09081093365615833,0.6819582910722168,20.77041109934813,0.29915182846868915,-0.2510316001485627,37287.78884999999,87903.73735,-50615.94850000001,0.10995170288866618,0.004655827944924543,0.011739085957357114
1777882324950,24059.9,24150,-0.7894736842105263,24133.02035361842,7.80078125,0.09069650102523358,0.6028818568816866,20.77041109934813,0.29915182846868915,-0.2510316001485627,37287.78884999999,87903.73735,-50615.94850000001,0.05576072606083362,0.00194610579710996,0.018543288937747357
1777882341631,24065.35,24150,-0.5,24143.9501953125,3.80078125,0.08414184557785077,0.5387003926741664,20.77041109934813,0.29915182846868915,-0.2510316001485627,37287.78884999999,87903.73735,-50615.94850000001,-0.043612195486097155,0.0034387527509957987,0.016644476992898324
1777882358314,24067.85,24150,0,24144.349609375,3.69921875,0.08870209837984998,0.46126326490962005,20.77041109934813,0.29915182846868915,-0.2510316001485627,37287.78884999999,87903.73735,-50615.94850000001,-0.04598678288284226,0.009621349802127026,0.012874403975114627
1777882374174,24080.2,24150,0.6666666666666666,24163.449869791668,3.30078125,0.120027480593704,0.7061788222942935,20.793581151108466,0.2994279158113182,-0.2512632773131507,37287.78884999999,87903.73735,-50615.94850000001,0.0381923880513725,0.016937083941038388,0.011523924968326979
1777882390040,24075.95,24150,-0.3333333333333333,24158,9,0.10488953087882255,0.6089811379464087,20.793581151108466,0.2994279158113182,-0.2512632773131507,37287.78884999999,87903.73735,-50615.94850000001,0.041766738143546804,0.011712715994270295,0.0107326948964399
1777882405816,24075.3,24150,0.9936507936507937,24165.996825396825,1,0.10635319866083968,0.642423661030804,20.793581151108466,0.2994279158113182,-0.2512632773131507,37287.78884999999,87903.73735,-50615.94850000001,0.056312470912271775,0.00890007381907887,0.010659478651021105
1777882421739,24085.8,24150,0.3333333333333333,24172.199869791668,5.400390625,0.08643973151209644,0.7582389131393502,20.793581151108466,0.2994279158113182,-0.2512632773131507,37287.78884999999,87903.73735,-50615.94850000001,0.03746367219316952,0.002413156197936678,0.0054866133511549215
1777882437484,24089.3,24150,-0.8899082568807339,24170.275229357798,5,0.05377956239648999,0.6378089969417667,20.803848405963784,0.29959207585288145,-0.2514010313029057,37287.78884999999,87903.73735,-50615.94850000001,0.05526672086767265,0.004227455739484754,0.009352842953382897
1777882454367,24083.9,24150,0.016042780748663103,24172.54010695187,5,0.050059926825336255,0.5333938591987059,20.803848405963784,0.29959207585288145,-0.2514010313029057,37287.78884999999,87903.73735,-50615.94850000001,-0.05851072588107348,0.002417090321045614,0.009330735266482629
1777882470135,24085.8,24150,-0.922077922077922,24170.02336140422,0.599609375,0.022200202619294226,0.5344133935995848,20.803848405963784,0.29959207585288145,-0.2514010313029057,37287.78884999999,87903.73735,-50615.94850000001,-0.08386007211376098,0.0022264386768883265,0.011594306058126407
1777882485755,24085.8,24150,0.3333333333333333,24173.666666666668,4,0.011835846567981064,0.5227575737907554,20.803848405963784,0.29959207585288145,-0.2514010313029057,37287.78884999999,87903.73735,-50615.94850000001,-0.0445226239309874,0.0062532178409157,0.0031084607331897276
1777882501222,24086.5,24150,-0.3333333333333333,24171.633463541668,4.900390625,0.013861674909678979,0.4423450524708563,20.813560674070164,0.2995584976625617,-0.2513728543504558,37287.78884999999,87903.73735,-50615.94850000001,-0.029524548142998968,0.001596187882744203,0.0015039487326593435
1777882516958,24083.75,24150,0.6666666666666666,24172.933919270832,11.201171875,0.0018371297418116168,0.542857074966481,20.813560674070164,0.2447993823049695,-0.32345685317644585,68338.76335000004,107011.06324999999,-38672.29989999999,0.029682929778312047,0.0015758504430670676,0.010047275100644853
1777882531980,24083.65,24100,0,24167.7998046875,12.201171875,-0.004605629601619433,0.4265799633709462,20.813560674070164,0.2447993823049695,-0.32345685317644585,68338.76335000004,107011.06324999999,-38672.29989999999,0.006097656999606024,-0.007177674134569326,0.011696192714745614
1777882547966,24084.45,24100,-0.7142857142857143,24166.14285714286,8,-0.027502792656553993,0.3038991943294907,20.813560674070164,0.2447993823049695,-0.32345685317644585,68338.76335000004,107011.06324999999,-38672.29989999999,-0.08395233006490885,-0.012804280515906635,0.008413876696294995
1777882563791,24085.75,24100,0.8461538461538461,24169.492337740383,6.599609375,-0.03382080437206816,0.37469200464044033,20.813560674070164,0.24476177957183437,-0.32340716815838655,68338.76335000004,107011.06324999999,-38672.29989999999,-0.07144050456271622,-0.009665680529743096,0.010668651871223024
1777882579988,24082.6,24100,0,24166.9501953125,9.900390625,-0.021264988004830353,0.4071927934677989,20.813560674070164,0.24476177957183437,-0.32340716815838655,68338.76335000004,107011.06324999999,-38672.29989999999,-0.05134991831154448,-0.005986447054817361,0.013397578238054694
1777882595687,24080.8,24100,0,24166,8,-0.01582547811819954,0.3020884670699315,20.813560674070164,0.24476177957183437,-0.32340716815838655,68338.76335000004,107011.06324999999,-38672.29989999999,-0.08428235051388022,-0.00451863726935202,0.018141681553131707
1777882611517,24085.8,24100,-0.8888888888888888,24165.277777777777,5,-0.009857377589510625,0.29335762643708785,20.813560674070164,0.24476177957183437,-0.32340716815838655,68338.76335000004,107011.06324999999,-38672.29989999999,-0.2239940877811521,-0.014677502631316983,0.014446727554036547
1777882628211,24085.85,24100,-0.3333333333333333,24163.06640625,8.900390625,-0.016296392375164597,0.2734342382210386,20.803143701560778,0.24478159722848666,-0.32343335350574215,68338.76335000004,107011.06324999999,-38672.29989999999,-0.1434588882834674,-0.006029924010207349,0.01533124388058953
1777882644191,24083,24100,0.8,24171.2099609375,7.900390625,-0.023310821912857247,0.33143318701830754,20.803143701560778,0.24478159722848666,-0.32343335350574215,68338.76335000004,107011.06324999999,-38672.29989999999,-0.06856628055968414,-0.0026830284957812113,0.007021892900874616
1777882659862,24090.4,24100,0,24172.5,5,-0.00969434945934205,0.37938227346559944,20.803143701560778,0.24478159722848666,-0.32343335350574215,68338.76335000004,107011.06324999999,-38672.29989999999,-0.11095837020201735,-0.005854350631873396,0.013669923859706515
1777882676024,24084.4,24100,0,24169.150390625,8.30078125,-0.012190131624329229,0.4525385311358354,20.803143701560778,0.244770926182597,-0.3234192537033199,68338.76335000004,107011.06324999999,-38672.29989999999,-0.02718456762156134,-0.0017745673571580426,0.011344277362918325
1777882693047,24087.8,24100,0,24173.5,1,0.011671728702798796,0.4343636295546472,20.803143701560778,0.244770926182597,-0.3234192537033199,68338.76335000004,107011.06324999999,-38672.29989999999,-0.005815883441792009,0.000531169106064691,-0.0024180954692458847
1777882709809,24099.4,24100,0,24175.4501953125,7.099609375,-0.004006813668451571,0.573732123680217,20.803143701560778,0.244770926182597,-0.3234192537033199,68338.76335000004,107011.06324999999,-38672.29989999999,0.04624600805397428,-0.0003832581909010541,0.007785328459142491
1777882725415,24096.9,24100,0,24180,2,0.05318798259916114,0.5929094099105691,20.803143701560778,0.244770926182597,-0.3234192537033199,68338.76335000004,107011.06324999999,-38672.29989999999,0.1627652046694872,0.003618827477543072,0.004841681346973058
1777882741411,24093.75,24100,-0.6666666666666666,24174.5,9,0.02184086028468749,0.506432934356298,20.803143701560778,0.2525109513939578,-0.32358509423657167,68338.76335000004,107011.06324999999,-38672.29989999999,-0.0021141425530641187,-0.003787890995539331,0.006073218319311292
1777882757200,24094.15,24100,-0.4666666666666667,24172.666666666668,10,0.05088445058737495,0.7905432137447224,20.803143701560778,0.2525109513939578,-0.32358509423657167,68338.76335000004,107011.06324999999,-38672.29989999999,-0.07693840505814936,-0.004316863915245118,-0.0021773120396887478
1777882773063,24094.5,24100,0.6,24178,10,0.045943796337202816,0.8066957567106056,20.803143701560778,0.2525109513939578,-0.32358509423657167,68338.76335000004,107011.06324999999,-38672.29989999999,0.038233533865309435,0.0059338022977798634,-0.0033254253307701286
1777882789181,24094.4,24100,0.8823529411764706,24179.764705882353,4,0.05675840148550075,0.8257201597705282,20.803143701560778,0.2525109513939578,-0.32358509423657167,68338.76335000004,107011.06324999999,-38672.29989999999,0.22257452766495203,0.014584301873410177,-0.003137369526479223
1777882806111,24094.7,24100,0.6666666666666666,24182.916666666668,3.5,0.09485132919818107,0.8761414263677129,20.803143701560778,0.24486798188568895,-0.3235474947634458,68338.76335000004,107011.06324999999,-38672.29989999999,0.21895228503679157,0.00808767064605857,-0.005433230523571026
1777882822416,24096.05,24100,0.7333333333333333,24180.939322916667,5.69921875,0.06554448443184802,0.7629970643215975,20.803143701560778,0.24486798188568895,-0.3235474947634458,68338.76335000004,107011.06324999999,-38672.29989999999,0.22864158010677288,0.007742617979504935,-0.00579499090633256
1777882838182,24094.65,24100,0,24180.349609375,8.69921875,0.055622704376341,0.5755151024479718,20.803143701560778,0.24486798188568895,-0.3235474947634458,68338.76335000004,107011.06324999999,-38672.29989999999,0.30156085569241964,0.01179095645112919,-0.002725696398848021
1777882853900,24096.15,24100,0.6,24182,5,0.03979891021315703,0.6650616587354473,20.803143701560778,0.24486798188568895,-0.3235474947634458,68338.76335000004,107011.06324999999,-38672.29989999999,0.241850056028221,0.005033769763699547,-0.0033770546941883956
1777882869873,24103.55,24100,-0.5555555555555556,24194.222222222223,1,0.043754827795303826,0.39903508850223823,20.803143701560778,0.25250099644486335,-0.3235723372724754,68338.76335000004,107011.06324999999,-38672.29989999999,0.027030326522000964,-0.0021263029397308665,-0.004829707078276113
1777882885567,24107.55,24100,-0.8181818181818182,24190.999289772728,3.30078125,0.04808364271598521,0.213920204196651,20.803143701560778,0.25250099644486335,-0.3235723372724754,68338.76335000004,107011.06324999999,-38672.29989999999,-0.0693224688243522,-0.0013397321346368815,-0.009879102513559205
1777882901147,24103.5,24100,0,24189.25,6.5,0.011071717642273113,0.25902547215435484,20.803143701560778,0.25250099644486335,-0.3235723372724754,68338.76335000004,107011.06324999999,-38672.29989999999,-0.13942408395415934,-3.9924288023094726e-05,-0.004565876673862334
1777882916885,24096.25,24100,0,24184.7998046875,9.599609375,0.01911648374078908,0.30898963133780855,20.803143701560778,0.252494185163904,-0.32356360882335694,68338.76335000004,107011.06324999999,-38672.29989999999,0.09098514879112649,0.011952472852664821,-0.004728494649939414
1777882933064,24093.2,24100,-0.6,24178.11953125,10.099609375,0.01682654646936434,0.466168378809993,20.803143701560778,0.252494185163904,-0.32356360882335694,68338.76335000004,107011.06324999999,-38672.29989999999,0.09610091473007512,0.012656039537814488,-0.006455414276412771
1777882950080,24093.25,24100,0,24175.0498046875,5.900390625,0.020007383526349395,-0.015503090633650973,20.803143701560778,0.252494185163904,-0.32356360882335694,68338.76335000004,107011.06324999999,-38672.29989999999,0.12310653812955712,0.008627044649197694,-0.0060577826288316225
1777882965694,24094.1,24100,0,24180.5,5,0.029331933459683882,-0.01738860404640123,20.803143701560778,0.252494185163904,-0.32356360882335694,68338.76335000004,107011.06324999999,-38672.29989999999,0.04357889845224281,5.202702833482858e-05,-0.0027269368816061775
1777882981484,24096.4,24100,0.1111111111111111,24180.555555555555,10,0.006712967239830844,-0.11611792955102551,20.77041109934813,0.24485222938937556,-0.32352668076939395,68338.76335000004,107011.06324999999,-38672.29989999999,-0.04169245849000227,-0.006421475941294734,-0.003563328655867235
1777882998225,24092.2,24100,0,24176.650390625,8.69921875,0.021277856811624946,0.0648471158884951,20.77041109934813,0.24485222938937556,-0.32352668076939395,68338.76335000004,107011.06324999999,-38672.29989999999,-0.06879796084151464,-0.0014587809301761059,-0.005111404299938547
1777883014134,24090.15,24100,0.2,24176.4,9,0.005167465349926015,0.08608386981877655,20.77041109934813,0.24485222938937556,-0.32352668076939395,68338.76335000004,107011.06324999999,-38672.29989999999,-0.07018305482566471,0.0016558829120733338,-0.007572061145057991
1777883029773,24089.9,24100,0.42857142857142855,24177.64229910714,10.69921875,-0.009813076950002188,0.04348836493629702,20.77041109934813,0.24485222938937556,-0.32352668076939395,68338.76335000004,107011.06324999999,-38672.29989999999,0.051770553335689584,0.008839551358524506,-0.0045493674790726335
1777883045661,24085.7,24100,-0.7777777777777778,24165.133680555555,6.599609375,-0.04469154850339726,0.13177983431729481,20.77041109934813,0.2448095452058168,-0.32347028155970503,68338.76335000004,107011.06324999999,-38672.29989999999,0.10951598273207476,0.005514365700107411,-0.004473794954629592
1777883061087,24084.8,24100,-0.7777777777777778,24163.88888888889,8,-0.059188838266443194,0.25250702747693987,20.77041109934813,0.2448095452058168,-0.32347028155970503,68338.76335000004,107011.06324999999,-38672.29989999999,0.13731263826580653,0.006392075254289132,-0.004381429172589562
1777883078273,24082.45,24100,0.6666666666666666,24168.333333333332,10,-0.06467025713964476,0.36952852159539035,20.77041109934813,0.2448095452058168,-0.32347028155970503,68338.76335000004,107011.06324999999,-38672.29989999999,0.14009168294640414,0.004108675791764391,-2.0830959204187228e-05
1777883095091,24084.75,24100,-0.42857142857142855,24165.285714285714,8,-0.03537919895332257,0.3748398601831401,20.77041109934813,0.2448095452058168,-0.32347028155970503,68338.76335000004,107011.06324999999,-38672.29989999999,0.044689439016058596,-0.0028303573658428377,0.003519401744480008
1777883110550,24087.45,24100,-0.3333333333333333,24166.93359375,4.599609375,-0.048322577719715015,0.4966608140847192,20.77041109934813,0.2447912519842916,-0.3234461104698384,68338.76335000004,107011.06324999999,-38672.29989999999,0.015285193793987139,-0.0019607419439144525,0.0028121109334688183
1777883126320,24086.4,24100,0.5,24167.5,2,-0.05094977150891082,0.4745912682540558,20.77041109934813,0.2447912519842916,-0.3234461104698384,68338.76335000004,107011.06324999999,-38672.29989999999,-0.10809071105270822,-0.006074929171189736,0.003160612371155612
1777883142954,24087.95,24100,-0.14285714285714285,24170.428571428572,1,-0.04092277830305054,0.5144721518514317,20.77041109934813,0.2447912519842916,-0.3234461104698384,68338.76335000004,107011.06324999999,-38672.29989999999,-0.1339730066136625,-0.0027703362040341823,0.0038601230932882066
1777883158702,24088.65,24100,0,24165.5,9,-0.04017094786956982,0.48583188601348193,20.77041109934813,0.2447912519842916,-0.3234461104698384,68338.76335000004,107011.06324999999,-38672.29989999999,-0.002873443357172261,0.0015661523407500915,0.003410238103032858
1777883174469,24077.1,24100,0.6923076923076923,24157.923076923078,7,-0.03595667690305697,0.5105790437780281,20.77041109934813,0.24481056149590155,-0.323471624398031,68338.76335000004,107011.06324999999,-38672.29989999999,-0.1195026666584396,-0.0033834164607264273,0.005552680772538592
1777883190307,24078.05,24100,0.8260869565217391,24159.304347826088,8,-0.009336723525917145,0.5831698071528447,20.77041109934813,0.24481056149590155,-0.323471624398031,68338.76335000004,107011.06324999999,-38672.29989999999,-0.10400367262965912,0.0011774378072624213,0.00553322154420332
1777883206235,24081,24100,0,24157.9501953125,4.099609375,0.0033646448839764844,0.4135278546425891,20.77041109934813,0.24481056149590155,-0.323471624398031,68338.76335000004,107011.06324999999,-38672.29989999999,-0.07694482816097681,-0.0007407150661454276,0.0009340021872762359
1777883221929,24081.85,24100,0.3333333333333333,24160.833333333332,6.5,0.019831646482597595,0.29649688570608534,20.77041109934813,0.2447282419990382,-0.32336285449363106,68338.76335000004,107011.06324999999,-38672.29989999999,-0.04399875765386609,-0.0025625491220117327,0.0007701416378161138
1777883237377,24074.75,24100,0.8,24159.5896484375,5.099609375,0.025564764919141218,0.15488161936735695,20.77041109934813,0.2447282419990382,-0.32336285449363106,68338.76335000004,107011.06324999999,-38672.29989999999,0.012422713228767339,0.0013212036246449698,0.0032952351930191095
1777883252903,24068.6,24100,-0.5555555555555556,24143.777777777777,8,0.01936780226130666,0.07045855762623121,20.77041109934813,0.2447282419990382,-0.32336285449363106,68338.76335000004,107011.06324999999,-38672.29989999999,-0.0010484550459133038,0.00036419595940101034,0.0028691543325787936
1777883268777,24068.45,24100,0,24148.849609375,12.30078125,0.012085576479698273,0.02728059521853808,20.77041109934813,0.2447282419990382,-0.32336285449363106,68338.76335000004,107011.06324999999,-38672.29989999999,-0.12642672249480458,-0.0038386790866226086,-0.003612997340265299
1777883284475,24056.6,24100,-0.7333333333333333,24134.61328125,4.599609375,-0.018063983310866668,-0.039410574869499795,20.769743271675246,0.24454022833336272,-0.32311442940333485,68338.76335000004,107011.06324999999,-38672.29989999999,-0.12932792106093438,0.0012274932090321805,-0.004445395584741665
1777883300412,24056.9,24100,-0.2,24135.99921875,14.5,-0.023574407113263127,0.025139450200907985,20.769743271675246,0.24454022833336272,-0.32311442940333485,68338.76335000004,107011.06324999999,-38672.29989999999,-0.06904667770928408,0.00332894902628104,-0.00323482169231687
1777883316689,24062.15,24100,-0.7142857142857143,24138.77176339286,13.099609375,-0.029308682706901863,-0.10983652906527047,20.769743271675246,0.24454022833336272,-0.32311442940333485,68338.76335000004,107011.06324999999,-38672.29989999999,-0.017323881058736373,0.004854848664247061,-0.007687065896551326
1777883333372,24072,24100,0,24152.900390625,12.19921875,-0.0037104531009503235,0.05264001463091261,20.769743271675246,0.24454022833336272,-0.32311442940333485,68338.76335000004,107011.06324999999,-38672.29989999999,-0.006793723133357569,0.008773997458745854,0.0005867004514516265
1777883348929,24076.9,24100,0,24159.099609375,9.80078125,0.014135974914180035,0.10904560139590005,20.769113605583666,0.24462407226535315,-0.3232252135652237,68338.76335000004,107011.06324999999,-38672.29989999999,0.08972611424949102,0.009715704267015814,-0.006773598385144393
1777883364621,24075.2,24100,0.3333333333333333,24158.100260416668,5.69921875,0.011370889801688794,0.2200236308379596,20.769113605583666,0.24462407226535315,-0.3232252135652237,68338.76335000004,107011.06324999999,-38672.29989999999,0.1420485462292059,0.0071096678293354745,-0.006784448841231577
1777883380509,24069.7,24100,0.3333333333333333,24155.666666666668,7,-0.00031359130261225155,0.15050160574556645,20.769113605583666,0.24462407226535315,-0.3232252135652237,68338.76335000004,107011.06324999999,-38672.29989999999,0.13313700836873918,0.00587275491502233,-0.007655153544839567
1777883396102,24072.55,24100,-0.9090909090909091,24151.504172585228,8.900390625,-0.020439701132153088,0.30359090498845487,20.769113605583666,0.24462407226535315,-0.3232252135652237,68338.76335000004,107011.06324999999,-38672.29989999999,0.06066954902544766,0.0045398386326471925,-0.002263795260816006
1777883412810,24076.25,24100,0.7142857142857143,24162.285714285714,5,0.09613338780515424,0.5318824406717831,20.768518920941617,0.24468860668573367,-0.32331048379891997,68338.76335000004,107011.06324999999,-38672.29989999999,0.04738387121130404,0.00546776334041551,7.461762834524627e-06
1777883428634,24078.95,24100,-0.5,24162.3505859375,10.19921875,0.11780354966037625,0.5958415411616653,20.768518920941617,0.24468860668573367,-0.32331048379891997,68338.76335000004,107011.06324999999,-38672.29989999999,0.10353526340341308,0.011465281940133725,-0.0008196521195684074
1777883444087,24079.3,24100,-0.6666666666666666,24157.333333333332,8,0.101707703651295,0.5955020169172754,20.768518920941617,0.24468860668573367,-0.32331048379891997,68338.76335000004,107011.06324999999,-38672.29989999999,0.134274143201763,0.010954207811253778,0.001831764940692116
1777883459679,24075.35,24100,-0.5,24148.72509765625,10.900390625,0.045385889592728317,0.5516584311752675,20.768518920941617,0.24468860668573367,-0.32331048379891997,68338.76335000004,107011.06324999999,-38672.29989999999,0.08719145301566206,0.0030181982814695214,0.002530824478550274
1777883475274,24065.2,24100,-0.9375,24142.96600341797,2.099609375,0.01595076826383281,0.37018992054788574,20.768518920941617,0.24467590305967452,-0.32329369831984595,68338.76335000004,107011.06324999999,-38672.29989999999,0.01906759786144711,0.00012813343606898575,-0.0013762588942010001
1777883491196,24069.2,24100,0.9047619047619048,24154.47619047619,11,0.011611680674913197,0.43954421122471427,20.768518920941617,0.24467590305967452,-0.32329369831984595,68338.76335000004,107011.06324999999,-38672.29989999999,0.06528514963162235,0.002405983963570635,-0.0015257729607741609
1777883506913,24070.4,24100,0.9090909090909091,24154.309836647728,10.80078125,0.00131620605437304,0.42435342023482964,20.768518920941617,0.24467590305967452,-0.32329369831984595,68338.76335000004,107011.06324999999,-38672.29989999999,0.13626493538559742,-0.0006057698278720982,-0.001983478556349408
1777883523814,24075.15,24100,-0.3333333333333333,24152.167317708332,7.099609375,0.0029762009620750295,0.35934618942401486,20.768518920941617,0.24467590305967452,-0.32329369831984595,68338.76335000004,107011.06324999999,-38672.29989999999,0.0866046953050522,-0.0035416121942101436,-0.003486891785129691
1777883539665,24070.9,24100,-0.8666666666666667,24150.4,6,-0.013664227866081914,0.43011281897934023,20.768518920941617,0.24467336233446269,-0.3232903412240311,68338.76335000004,107011.06324999999,-38672.29989999999,-0.1498291815633489,-0.008710918973794276,-0.005414100548774177
1777883555376,24068.45,24100,0,24147.599609375,5.19921875,-0.0018596685324189762,0.511316119205982,20.768518920941617,0.24467336233446269,-0.3232903412240311,68338.76335000004,107011.06324999999,-38672.29989999999,-0.08152587005219405,-0.001512501180030597,-0.0035760761949520654
1777883570845,24063.3,24100,0.6,24144.0796875,0.099609375,-0.022724871103720824,0.2654447812283495,20.768518920941617,0.24467336233446269,-0.3232903412240311,68338.76335000004,107011.06324999999,-38672.29989999999,0.10170849096370062,0.0011294560141831061,-0.005185215347120382
1777883586700,24061.7,24100,0,24139.650390625,6.5,-0.01595342897628295,-0.0011051957171760798,20.767956381415356,0.24455598082967606,-0.32313524339738664,68338.76335000004,107011.06324999999,-38672.29989999999,-0.03528070335795001,-0.009567913107016272,-0.005435456211337916
1777883602306,24055.3,24100,0.5,24131.67529296875,0.900390625,-0.04392100875115214,-0.21484068069318635,20.767956381415356,0.24455598082967606,-0.32313524339738664,68338.76335000004,107011.06324999999,-38672.29989999999,0.13121446806635062,-0.00541148480695617,-0.007977938130352425
1777883618149,24057.35,24100,-0.3333333333333333,24133.93359375,6.099609375,-0.052932778298102307,-0.07474069461254154,20.767956381415356,0.24455598082967606,-0.32313524339738664,68338.76335000004,107011.06324999999,-38672.29989999999,0.1189650544363825,-0.012503812311070853,-0.0024483718097483595
1777883633996,24059.55,24100,-0.2,24134.4,6,-0.029537226713275317,0.1190043842561975,20.767956381415356,0.24455598082967606,-0.32313524339738664,68338.76335000004,107011.06324999999,-38672.29989999999,0.0034189395380859605,-0.01601371497584854,-0.002501013386283045
1777883649866,24064.65,24100,0.25,24143.18701171875,6.69921875,-0.015663041271955207,0.45865162058563,20.767423449232584,0.24456868445573524,-0.3231520288764608,68338.76335000004,107011.06324999999,-38672.29989999999,0.02797730564059097,-0.012084398795057422,-0.007405284497764372
1777883666363,24062.5,24100,-0.75,24138.96240234375,7.69921875,-0.022604109532961096,0.44426507088583,20.767423449232584,0.24456868445573524,-0.3231520288764608,68338.76335000004,107011.06324999999,-38672.29989999999,-0.05546078397019953,-0.016362345516945327,-0.004174801936414603
1777883681934,24068.2,24100,0.6363636363636364,24149.090909090908,5,-0.014258563332834082,0.5162104329380579,20.767423449232584,0.24456868445573524,-0.3231520288764608,68338.76335000004,107011.06324999999,-38672.29989999999,-0.20022771573064982,-0.01770711701876885,-0.0004074870707438675
1777883698355,24069.2,24100,-0.5,24147.375,3.5,-0.010504932151884763,0.7520568624671071,20.767423449232584,0.24456868445573524,-0.3231520288764608,68338.76335000004,107011.06324999999,-38672.29989999999,-0.15343388491798188,-0.006470357634039811,0.003616738984597288
1777883713969,24070.65,24100,0.3333333333333333,24147.166666666668,5.5,-0.013984095856250933,0.7193391594011436,20.766917846905336,0.2446281374256921,-0.3232305849185274,68338.76335000004,107011.06324999999,-38672.29989999999,0.056757765130771305,0.005352270694365415,0.007209626208109513
1777883729759,24068.8,24100,-0.3333333333333333,24146.633463541668,9.400390625,-0.0042106274551156715,0.7253825713800172,20.766917846905336,0.2446281374256921,-0.3232305849185274,68338.76335000004,107011.06324999999,-38672.29989999999,0.014338269980043242,-0.005517719311017805,0.004888368589402245
1777883745406,24073.4,24100,0,24150.5498046875,10.900390625,0.007799635010342115,0.943951888102016,20.766917846905336,0.2446281374256921,-0.3232305849185274,68338.76335000004,107011.06324999999,-38672.29989999999,0.004461171237936538,-0.004974163403690766,0.009549969273455238
1777883760828,24072.35,24100,0,24150.9501953125,11.900390625,0.0017786647029591264,0.9805453350997929,20.766917846905336,0.2446281374256921,-0.3232305849185274,68338.76335000004,107011.06324999999,-38672.29989999999,0.04455922008965619,-0.00013054957910742075,0.008391420490197393
1777883775929,24074.8,24100,-0.7142857142857143,24148.985770089286,6.900390625,-8.305661934513557e-05,1.1048359811431445,20.766437524694453,0.2446311862959463,-0.3232346134335052,68338.76335000004,107011.06324999999,-38672.29989999999,-0.02055482473498945,-0.012095451192267334,0.009325234937003735
1777883791407,24076.85,24100,-0.5,24155.400390625,2,0.02669032867966327,1.1717630007461015,20.766437524694453,0.2446311862959463,-0.3232346134335052,68338.76335000004,107011.06324999999,-38672.29989999999,-0.07756981686044195,-0.00010055364002991119,0.010244382840087832
1777883807148,24075.45,24100,0,24157.4501953125,4.900390625,0.026982273607307188,1.1897158310407516,20.766437524694453,0.2446311862959463,-0.3232346134335052,68338.76335000004,107011.06324999999,-38672.29989999999,0.013186444965016749,0.005583012079717034,0.011162983007373718
1777883822943,24076.4,24100,0.9047619047619048,24155.95238095238,1,0.02316325584439857,0.998912325453412,20.766437524694453,0.2446311862959463,-0.3232346134335052,68338.76335000004,107011.06324999999,-38672.29989999999,0.04783113215971608,0.004847982665799148,0.009862191412311995
1777883838687,24069.95,24100,0.3333333333333333,24150,7.5,0.020928264097970363,0.8863151857682463,20.766437524694453,0.24467895192992872,-0.32329772683482366,68338.76335000004,107011.06324999999,-38672.29989999999,0.11667598571700191,0.005817200175343104,0.0017775456628778366
1777883854471,24070.15,24100,0.3333333333333333,24149.533854166668,6.80078125,0.006568237592240292,0.7978875937140824,20.766437524694453,0.24467895192992872,-0.32329772683482366,68338.76335000004,107011.06324999999,-38672.29989999999,0.1816369713530586,0.00680457524261349,-0.0022238259376891932
1777883871292,24069.65,24100,0.8333333333333334,24151.416666666668,7,0.018417520793183758,0.6148737235547072,20.766437524694453,0.24467895192992872,-0.32329772683482366,68338.76335000004,107011.06324999999,-38672.29989999999,0.1800909236379795,0.001996294485031456,-0.003556934446528228
1777883887222,24068.35,24100,0,24146.349609375,8.30078125,0.026115314136495073,0.6298700778873491,20.766437524694453,0.24467895192992872,-0.32329772683482366,68338.76335000004,107011.06324999999,-38672.29989999999,0.19360628564006688,-0.0015169248748500095,-0.005263213708982376
1777883902881,24068,24100,0.2,24148,5,0.03293405638311628,0.6618015495575311,20.76598063283532,0.24460425460870086,-0.3231990282178681,68338.76335000004,107011.06324999999,-38672.29989999999,0.051331229140755164,-0.002036850039512572,-0.0028429579301903034
1777883918378,24060.4,24100,0.9534883720930233,24142.441860465115,2.5,0.030294769855399174,0.6539185087434967,20.76598063283532,0.24460425460870086,-0.3231990282178681,68338.76335000004,107011.06324999999,-38672.29989999999,0.13717720079364132,0.005498009604065178,-0.007705694750062855
1777883933872,24062.35,24100,0.9,24144.75,5,0.03727240789027451,0.5659061031348164,20.76598063283532,0.24460425460870086,-0.3231990282178681,68338.76335000004,107011.06324999999,-38672.29989999999,0.197123895574262,-0.0016820087592037552,-0.007693286191006551
1777883949512,24063,24100,0.7368421052631579,24144.689812911183,5.400390625,0.04029770304383738,0.31091803892181563,20.76554549773138,0.24454988308916767,-0.32312718636743115,68338.76335000004,107011.06324999999,-38672.29989999999,0.14433612702662424,0.00011593555175609636,-0.006578316709770807
1777883965023,24065.5,24100,-0.5555555555555556,24145.444444444445,2,0.033448865304765034,0.38707398124286685,20.76554549773138,0.24454988308916767,-0.32312718636743115,68338.76335000004,107011.06324999999,-38672.29989999999,0.06396467134345492,-0.00744756173285188,-0.003921910746835779
1777883980756,24071.35,24100,0.6666666666666666,24154.4833984375,9.099609375,0.0385084609294013,0.38206433112358934,20.76554549773138,0.24454988308916767,-0.32312718636743115,68338.76335000004,107011.06324999999,-38672.29989999999,-0.06715981896585428,-0.005917342668395352,-0.0029732306272836815
1777883996506,24072,24100,0,24152.5,5,0.029448346979223997,0.5330428293383898,20.76554549773138,0.24454988308916767,-0.32312718636743115,68338.76335000004,107011.06324999999,-38672.29989999999,-0.04539881256439061,-0.005380437166408747,-0.0018650873958804515
1777884011898,24080.6,24100,-0.5555555555555556,24160.88888888889,4,0.04390317655138303,0.676325705623521,20.76554549773138,0.24469622886136916,-0.3233205550863644,68338.76335000004,107011.06324999999,-38672.29989999999,-0.07422175687660983,-0.003965888082193363,-0.0004001906058426078
1777884027747,24083.4,24100,0,24167.099609375,2.19921875,0.040785821359321274,0.774853937742963,20.76554549773138,0.24469622886136916,-0.3233205550863644,68338.76335000004,107011.06324999999,-38672.29989999999,-0.1329163636853572,-0.0018685104968865713,0.0008904038600528007
1777884044467,24083.65,24100,0.3333333333333333,24169.8671875,5.80078125,0.04504925915909542,0.6294503436412301,20.76554549773138,0.24469622886136916,-0.3233205550863644,68338.76335000004,107011.06324999999,-38672.29989999999,-0.08359796205470037,-0.0030522803294892125,0.00250682463628595
1777884060338,24086.75,24100,-0.2,24169.1203125,7.80078125,0.017478259525833244,0.5826610830208775,20.76554549773138,0.24469622886136916,-0.3233205550863644,68338.76335000004,107011.06324999999,-38672.29989999999,-0.04599788404174225,-0.00030929322153900343,0.0008636255213797522
1777884075957,24089.4,24100,-0.5,24175,4,0.01772187034990256,0.6602294043308441,20.76554549773138,0.2448085289157321,-0.32346893872137916,68338.76335000004,107011.06324999999,-38672.29989999999,-0.0075895904368731455,-0.0036434871110721787,-0.004594829554269642
1777884091668,24094.1,24100,-0.4,24182.2,4,0.05923168620753103,0.6601276776570538,20.76554549773138,0.2448085289157321,-0.32346893872137916,68338.76335000004,107011.06324999999,-38672.29989999999,-0.07276562450497019,-0.00470682064894666,0.00012690834860467227
1777884107485,24102.1,24100,-0.4782608695652174,24186.230723505436,5.099609375,0.062022164033364524,0.7985097572665295,20.76554549773138,0.2448085289157321,-0.32346893872137916,68338.76335000004,107011.06324999999,-38672.29989999999,-0.10040610582186993,0.003058668056214319,-0.0012869931773749701
1777884123073,24101.85,24100,0.2,24191.8,3,0.09798570726203078,1.035276371609281,20.76554549773138,0.2448085289157321,-0.32346893872137916,68338.76335000004,107011.06324999999,-38672.29989999999,-0.030759636854568676,0.006788419761875704,0.0003081231189901597
1777884139963,24107.5,24100,-0.7142857142857143,24191.85714285714,6,0.09754810413173562,0.9397171091690666,20.76554549773138,0.2638626471866629,-0.29914630475051773,68338.76335000004,107011.06324999999,-38672.29989999999,0.0941158293176912,0.008071558014642608,0.001003786246550047
1777884155918,24103.85,24100,-0.9310344827586207,24190.248653017243,10.099609375,0.07051077511387369,0.8313679802459981,20.76554549773138,0.2638626471866629,-0.29914630475051773,68338.76335000004,107011.06324999999,-38672.29989999999,0.021339492323330458,-0.000177966086417161,0.0007802877914346073
1777957797189,23941.35,24000,-0.9891891891891892,23995.032432432432,6,0.004798399471651989,-0.3073978255520617,17.255795478422026,0.03015839947096172,-0.040834893236264797,2223.7650500000013,9557.7586,-7333.993549999999,0.2808596933854003,0.03526916411634452,-0.006759220260454278
1777957812582,23936.85,24000,-0.6666666666666666,23988.333333333332,2,0.002666996749236149,-0.6407255328858085,17.324715066497916,0.004758347017580716,-0.052565950165356895,2223.7650500000013,9557.7586,-7333.993549999999,0.44533922225035066,0.03139862426973154,-0.0023461103264728824
1777957828034,23939.65,24000,-0.2,23987.359765625,4.400390625,0.00894052072891352,-0.7520655825086098,17.324715066497916,0.004758347017580716,-0.052565950165356895,2223.7650500000013,9557.7586,-7333.993549999999,0.4382637906131221,0.02215916928712334,-0.0014935124011026045
1777957843546,23933,24000,-0.3333333333333333,23986.533203125,1.599609375,0.006873825697639292,-0.4436991592523071,17.324715066497916,0.004758347017580716,-0.052565950165356895,2223.7650500000013,9557.7586,-7333.993549999999,0.42212307436570223,0.014613336683375732,-0.0038722836548678585
1777957860042,23936.8,24000,-0.2631578947368421,23995.61091694079,6,0.011863436293524253,-0.15425594406229343,17.324715066497916,0.004757442704376573,-0.05255596012414149,2223.7650500000013,9557.7586,-7333.993549999999,0.39662948460907177,0.01488156826077622,-0.0026034487967638424
1777957875042,23934.85,24000,-0.6,23991.20078125,4.5,0.007345680742505857,-0.084723443392792,17.324715066497916,0.004757442704376573,-0.05255596012414149,2223.7650500000013,9557.7586,-7333.993549999999,0.3192567601875477,0.005703139465337305,-0.002628926672625226
1777957890043,23933.4,24000,0,23991.349609375,2.69921875,0.0032475757274472977,0.10729579211688912,17.324715066497916,0.004757442704376573,-0.05255596012414149,2223.7650500000013,9557.7586,-7333.993549999999,0.3465318261039778,0.007439398743448173,-0.0014286032231023362
1777957905042,23934.35,24000,-0.7567567567567568,23984.385821368243,0.69921875,0.004102003742422844,0.03653015372541029,17.324715066497916,0.004757442704376573,-0.05255596012414149,2223.7650500000013,9557.7586,-7333.993549999999,0.21170133451137418,-0.0018321658009658281,-0.0017658944244084737
1777957921102,23937,24000,0.6363636363636364,23994.373046875,8.400390625,0.016101743125148987,0.01276466576120877,17.324715066497916,0.004756836516404566,-0.05254926350310699,2223.7650500000013,9557.7586,-7333.993549999999,0.23116435904857732,0.009264874406947123,-0.0019107808611975607
1777957937798,23941.45,24000,-0.3333333333333333,23997.899739583332,2.69921875,0.01938028648633638,0.18099685805758156,17.324715066497916,0.004756836516404566,-0.05254926350310699,2223.7650500000013,9557.7586,-7333.993549999999,0.2838403375899444,0.01080408615823951,-0.0021842032316372034
1777957953822,23936.25,24000,0.5,23994.97509765625,5.701171875,0.00933619884158466,0.40308161648877594,17.324715066497916,0.004756836516404566,-0.05254926350310699,2223.7650500000013,9557.7586,-7333.993549999999,0.24391454232024046,0.0017084697460619806,-0.0016312713576297087
1777957970464,23934.95,24000,0.6363636363636364,23998.045632102272,4.701171875,0.019525595672118173,0.6822137992349219,17.324715066497916,0.004756836516404566,-0.05254926350310699,2223.7650500000013,9557.7586,-7333.993549999999,0.21339088473826273,-0.0022980655990028766,-0.0021599641462706535
1777957985849,23939.2,24000,0.8666666666666667,23999.253645833334,2.201171875,0.014192743058463806,0.8410805767482997,17.324715066497916,0.004757512266930739,-0.052556728588850375,2223.7650500000013,9557.7586,-7333.993549999999,0.2507195216715853,-0.00026447470783076536,-0.0028879842516078163
1777958002669,23935.45,24000,-0.7204301075268817,23985.698924731183,5,0.0030579493269114843,0.8964641778556267,17.324715066497916,0.004757512266930739,-0.052556728588850375,2223.7650500000013,9557.7586,-7333.993549999999,0.139405699473354,-0.005258681546963139,-0.0007753975391679973
1777958018763,23935.55,24000,-0.8933333333333333,23985.266666666666,5,0.0017873415152093155,0.8476860498806194,17.324715066497916,0.004757512266930739,-0.052556728588850375,2223.7650500000013,9557.7586,-7333.993549999999,0.08217153730882826,0.0005651444401006506,-0.002208151478979278
1777958034487,23941,24000,0.7142857142857143,23994.285714285714,5,0.059945223305436994,1.0453792231128087,17.324715066497916,0.004757512266930739,-0.052556728588850375,2223.7650500000013,9557.7586,-7333.993549999999,0.10184787812357092,0.007023686921292979,-0.0020373789911594512
1777958049943,23943.3,24000,0.5,23998.900390625,4,0.06727088261150706,1.0762618445146555,17.324715066497916,0.004758148267425959,-0.05256375455190296,2223.7650500000013,9557.7586,-7333.993549999999,0.16628250299789915,0.012087189292492716,-0.0004724813694788614
1777958065744,23945.05,24000,-0.967032967032967,23993.03390066964,8.099609375,0.06755122611633986,1.0663118222299064,17.324715066497916,0.004758148267425959,-0.05256375455190296,2223.7650500000013,9557.7586,-7333.993549999999,0.15343367650925552,0.011190419330140809,0.0004702534438173906
1777958081538,23942.45,24000,-0.5,23994.97509765625,7.900390625,0.06680690699023316,1.1997292849318952,17.324715066497916,0.004758148267425959,-0.05256375455190296,2223.7650500000013,9557.7586,-7333.993549999999,0.14097430589487855,0.015568357272558018,-0.001103491498270212
1777958097350,23936.85,24000,-0.7142857142857143,23991.271484375,8.900390625,0.04414029842391383,1.0670732370007423,17.324715066497916,0.004758148267425959,-0.05256375455190296,2223.7650500000013,9557.7586,-7333.993549999999,0.10653592299261648,0.006842395485350919,0.0004305588286547337
1777958112972,23937.65,24000,-0.8461538461538461,23988.100060096152,1.30078125,0.02542383908683934,1.0161156860328528,17.324715066497916,0.004757671267054544,-0.05255848507961352,2223.7650500000013,9557.7586,-7333.993549999999,0.10413304346474611,0.003802514475351642,0.0021193138465343884
1777958128936,23941.3,24000,0.5,23996.75048828125,8.201171875,0.03916316851481694,1.076032685335276,17.324715066497916,0.004757671267054544,-0.05255848507961352,2223.7650500000013,9557.7586,-7333.993549999999,0.15688483211171045,0.010629430241337575,0.004164944770631112
1777958145574,23943.05,24000,0.5,23996.6005859375,8.80078125,0.041239654406713754,1.0286176734606567,17.324715066497916,0.004757671267054544,-0.05255848507961352,2223.7650500000013,9557.7586,-7333.993549999999,0.12181321384429855,0.009731249860876878,0.004981134546007399
1777958161162,23939.85,24000,-0.7142857142857143,23998.35714285714,2.5,0.052149636852177626,0.9102367390602634,17.324715066497916,0.004757671267054544,-0.05255848507961352,2223.7650500000013,9557.7586,-7333.993549999999,0.028000566118955367,0.011236967626531322,0.0059762511447458274
1777958176901,23936.85,24000,0.3333333333333333,23994.666666666668,6.701171875,0.056804923049133496,0.8279794119806174,17.324715066497916,0.004758545767735472,-0.052568145778810825,2223.7650500000013,9557.7586,-7333.993549999999,0.13269864695020042,0.017134420063224874,0.005417760458052693
1777958192564,23940.15,24000,0.5,23995.60009765625,7.201171875,0.054808296236262606,0.9385542872870806,17.324715066497916,0.004758545767735472,-0.052568145778810825,2223.7650500000013,9557.7586,-7333.993549999999,0.21567112762350843,0.016040981586892704,0.006386392138396375
1777958208090,23939.35,24000,-0.6666666666666666,23996.93359375,0.19921875,0.03444280546189424,0.7490891552639389,17.324715066497916,0.004758545767735472,-0.052568145778810825,2223.7650500000013,9557.7586,-7333.993549999999,0.2800659992673214,0.013649611983996914,0.005797027517642345
1777958223761,23938.55,24000,0.8947368421052632,23995.853001644737,0.900390625,0.02349819985524066,0.5477405063336922,17.324715066497916,0.004757790517147397,-0.05255980244768588,2223.7650500000013,9557.7586,-7333.993549999999,0.29824948802529827,0.01568690227867186,0.005550988499909997
1777958239622,23941.8,24000,-0.900990099009901,23998.148514851484,3,0.022249877841470627,0.7638265400402795,17.324715066497916,0.004757790517147397,-0.05255980244768588,2223.7650500000013,9557.7586,-7333.993549999999,0.3685255813150374,0.023524157828750333,0.006577791666019731
1777958255131,23947.75,24000,0.8333333333333334,24004.21630859375,4.599609375,0.04915035857226301,0.6814942711703947,17.324715066497916,0.004757790517147397,-0.05255980244768588,2223.7650500000013,9557.7586,-7333.993549999999,0.4080349136814694,0.0243133012342602,0.0054582136726795604
1777958270778,23947.8,24000,0.25,23998.562744140625,0.900390625,0.0578428455357729,0.5696652862166218,17.324715066497916,0.004757790517147397,-0.05255980244768588,2223.7650500000013,9557.7586,-7333.993549999999,0.39142307615469324,0.021147106707609015,0.0047690163879267715
1777958286394,23941.7,24000,-0.75,23998.425048828125,3.400390625,0.08686736759569806,0.42154504864132275,17.324715066497916,0.004758446392658094,-0.05256704797208386,2223.7650500000013,9557.7586,-7333.993549999999,0.33550782079167824,0.016771126730232403,0.0031564923862390207
1777958301666,23941.1,24000,-0.5,24001.20068359375,1.599609375,0.08333355669155637,0.26926308623128625,17.324715066497916,0.004758446392658094,-0.05256704797208386,2223.7650500000013,9557.7586,-7333.993549999999,0.22598441388916074,0.014201680289547011,0.0057737572672339685
1777958317339,23938.4,24000,0.4166666666666667,23998.346110026043,1.900390625,0.08105651407305076,0.205120561447626,17.324715066497916,0.004758446392658094,-0.05256704797208386,2223.7650500000013,9557.7586,-7333.993549999999,0.2469468076323704,0.020881955148111996,0.00870556322864007
1777958332889,23942.2,24000,0.7142857142857143,23999.571428571428,3,0.08239659468732287,0.25170789717730785,17.324715066497916,0.004758446392658094,-0.05256704797208386,2223.7650500000013,9557.7586,-7333.993549999999,0.3672986911176278,0.016217870561955807,0.0014500233248850988
1777958348819,23943.2,24000,-0.5555555555555556,24000.88888888889,4,0.09238026570946468,0.361874912036617,17.324715066497912,0.004758555705243211,-0.05256825555948353,2223.7650500000013,9557.7586,-7333.993549999999,0.2656616878428691,0.009621864005404627,0.0007137232179393884
1777958364436,23948.2,24000,0,24002,1.80078125,0.07932500735362134,0.31637499887692727,17.324715066497912,0.004758555705243211,-0.05256825555948353,2223.7650500000013,9557.7586,-7333.993549999999,0.1497806662150021,0.008609847756275043,0.00015218339569086578
1777958380318,23945.15,24000,-0.8666666666666667,24001.160026041667,2.400390625,0.07576400703289285,0.14106065501764076,17.324715066497912,0.004758555705243211,-0.05256825555948353,2223.7650500000013,9557.7586,-7333.993549999999,0.10677446356375957,0.013233946961653207,0.0006591052020183565
1777958396418,23946.75,24000,0.14285714285714285,24001.985770089286,3.30078125,0.07886531374414056,0.1178331361887972,17.324715066497912,0.004758555705243211,-0.05256825555948353,2223.7650500000013,9557.7586,-7333.993549999999,0.08675142233038702,0.004269456986178301,-0.003262160460376975
1777958412190,23946.8,24000,-0.75,24001.224365234375,4.201171875,0.0654525651294608,0.09142535463968694,17.324715066497912,0.004759310955831286,-0.05257659889060848,2223.7650500000013,9557.7586,-7333.993549999999,0.046800576055630795,0.00361967275817152,-0.004522645865010993
1777958427811,23943.2,24000,0.14285714285714285,24003.55636160714,5,0.05230255126422178,0.14905422153583817,17.324715066497912,0.004759310955831286,-0.05257659889060848,2223.7650500000013,9557.7586,-7333.993549999999,0.02480529766536552,0.0009272401531176143,-0.00017368178581345095
1777958443540,23945.25,24000,0.3333333333333333,24003.5,4.201171875,0.04423922091166572,0.15255525762972805,17.324715066497912,0.004759310955831286,-0.05257659889060848,2223.7650500000013,9557.7586,-7333.993549999999,0.13159937734026492,0.00888061771732096,0.00028425071458250027
1777958460486,23945.25,24000,-0.2,24002.259765625,5.400390625,0.04455769053421805,0.23949324698740151,17.324715066497912,0.004759310955831286,-0.05257659889060848,2223.7650500000013,9557.7586,-7333.993549999999,0.15666275271153277,0.013748654819466802,-0.0010163609813958565
1777958477275,23948.8,24000,-0.6666666666666666,24004.999348958332,4.80078125,0.06160993929683085,0.21692331430319214,17.324715066497912,0.004759469955955091,-0.05257835538137162,2223.7650500000013,9557.7586,-7333.993549999999,0.11866233929103505,0.002987764488775852,-0.0013527212227406988
1777958493049,23944.7,24000,0,24004.5498046875,7.099609375,0.06975071494582409,0.17174252580673469,17.324715066497912,0.004759469955955091,-0.05257835538137162,2223.7650500000013,9557.7586,-7333.993549999999,-0.019877238722894517,-0.002415762059405988,-0.006013105143231177
1777958509184,23937.3,24000,-0.2857142857142857,23998.392996651786,3.900390625,0.05370566327172881,0.06635310406336893,17.324715066497912,0.004759469955955091,-0.05257835538137162,2223.7650500000013,9557.7586,-7333.993549999999,-0.11951923343682747,-0.0077889333060462435,-0.00249985732329931
1777958524616,23941.15,24000,-0.6,24001.000390625,3,0.06445907254461931,0.11317113154538212,17.324715066497912,0.004759469955955091,-0.05257835538137162,2223.7650500000013,9557.7586,-7333.993549999999,-0.02916646372665585,-0.0023597099000172753,2.3627041287087836e-05
1777958540413,23936.45,24000,-0.5,23997.1748046875,0.30078125,0.06770949026838778,0.18655781418096085,17.32471506649791,0.004758247642503337,-0.05256485235862992,2223.7650500000013,9557.7586,-7333.993549999999,-0.0059266859830043725,-0.00203274464085543,0.00039047628001413076
1777958557518,23936.05,24000,-0.8,23996.2099609375,2.099609375,0.06131522313434976,0.09025603596722022,17.32471506649791,0.004758247642503337,-0.05256485235862992,2223.7650500000013,9557.7586,-7333.993549999999,-0.0839280096567924,-0.005370776423478272,0.0003631730227132411
1777958573405,23937.15,24000,0.6923076923076923,23998.99158653846,4.599609375,0.054792533610946624,0.18765962904679578,17.32471506649791,0.004758247642503337,-0.05256485235862992,2223.7650500000013,9557.7586,-7333.993549999999,-0.11616181004439886,-0.007211970517189819,-0.001169830911086106
1777958588972,23931.2,24000,0.5,23992.37451171875,2.900390625,0.038267740323321045,0.0460437136848238,17.32471506649791,0.004758247642503337,-0.05256485235862992,2223.7650500000013,9557.7586,-7333.993549999999,0.06037231524841547,0.001640253709652284,-0.00010083157895178496
1777958605632,23929.3,24000,0.17647058823529413,23988.576861213234,2,0.031084381576765227,-0.06764728955984961,17.32392836316557,0.009027862556619843,-0.04983706031254541,2416.297,9855.746550000003,-7439.44955,-0.03521268660521911,-0.008314916209527545,-0.0011855784835054927
1777958621617,23930.45,24000,-0.3333333333333333,23990.999348958332,2.400390625,0.03478367408263193,0.11943647839643702,17.32392836316557,0.009027862556619843,-0.04983706031254541,2416.297,9855.746550000003,-7439.44955,-0.12053318591403113,-0.009894122660713187,-0.002444288113112315
1777958637403,23922.7,24000,0.8333333333333334,23984.674641927082,5.099609375,-0.032816509871105494,0.04198818280521517,17.32392836316557,0.009027862556619843,-0.04983706031254541,2416.297,9855.746550000003,-7439.44955,0.03737239929506032,-6.260439032632363e-05,-0.005409778357040433
1777958653002,23922.45,24000,0.42857142857142855,23984.285714285714,6,-0.050634250360826916,0.025796971662674653,17.32283988759823,0.009024335340479223,-0.049817588806146965,2416.297,9855.746550000003,-7439.44955,0.2567158335416842,0.00858653662003532,-0.012839200378695518
1777958670035,23922.95,24000,0.7777777777777778,23984.444444444445,5,-0.033677255367347544,-0.0336054785473402,17.32283988759823,0.009024335340479223,-0.049817588806146965,2416.297,9855.746550000003,-7439.44955,0.10636041867700824,-0.007957799382267462,-0.009131917706057648
1777958687119,23926.6,24000,-0.625,23981.75,4,-0.013594810900968833,-0.026363053525241414,17.32283988759823,0.009024335340479223,-0.049817588806146965,2416.297,9855.746550000003,-7439.44955,-0.05701746079047451,-0.010042323311124165,-0.006339663790498595
1777958703044,23929.1,24000,0.7419354838709677,23989.354838709678,5,-0.017640674744297303,0.12276328822430421,17.32283988759823,0.009024335340479223,-0.049817588806146965,2416.297,9855.746550000003,-7439.44955,-0.06527277774413016,0.00013000301947909066,-0.006804047676944135
1777958719235,23929.25,24000,0.3333333333333333,23990.099609375,7.5,-0.014303436097744584,0.17617199232774566,17.322268720863665,0.009026957174936689,-0.049832062278817466,2416.297,9855.746550000003,-7439.44955,0.0014007588118422852,0.000537346097750349,-0.005807612458235619
1777958734818,23928.05,24000,0.8181818181818182,23991.29119318182,6.701171875,-0.0030321025637655165,0.21965649721593516,17.322268720863665,0.009026957174936689,-0.049832062278817466,2416.297,9855.746550000003,-7439.44955,0.08429078559854376,0.0033230685209642446,-0.007283758921739618
1777958750552,23929.65,24000,-0.7777777777777778,23991.73263888889,0.30078125,0.003714122950382903,0.17947739045453892,17.322268720863665,0.009026957174936689,-0.049832062278817466,2416.297,9855.746550000003,-7439.44955,0.009960226782133107,-0.005904402622124011,-0.002205506378909117
1777958766360,23925.75,24000,0.875,23988.387084960938,3.400390625,0.00538523302226029,0.31955636037520596,17.322268720863665,0.009026957174936689,-0.049832062278817466,2416.297,9855.746550000003,-7439.44955,-0.11328641113455601,-0.003473548947091901,-0.0019077409161897818
1777958782133,23925.65,24000,0.7777777777777778,23986.799913194445,1.80078125,0.004909197251639242,0.1980416858968265,17.321405927263186,0.009025297308517574,-0.049822899216982915,2416.297,9855.746550000003,-7439.44955,0.09349717875131808,0.009693060315914766,-0.006115270003844037
1777958797984,23926.1,24000,0.5294117647058824,23987.21794577206,2.900390625,0.005406723909063854,0.06482322356950947,17.321405927263186,0.009025297308517574,-0.049822899216982915,2416.297,9855.746550000003,-7439.44955,-0.007393233075916082,-0.002905735390207515,-0.0014583580720112861
1777958813826,23920.6,24000,0.3333333333333333,23979.199869791668,5.400390625,0.006663560763233995,0.18242266117928685,17.321405927263186,0.009025297308517574,-0.049822899216982915,2416.297,9855.746550000003,-7439.44955,-0.08402789966779725,-0.0052653279927350055,-0.0005608065714595053
1777958829790,23921.45,24000,0.7142857142857143,23983.343191964286,7.400390625,0.014984233314334456,0.34181334254507906,17.321405927263186,0.009025297308517574,-0.049822899216982915,2416.297,9855.746550000003,-7439.44955,-0.06992660851561677,-0.0009302220796952415,-0.001755497944058887
1777958845882,23923.3,24000,0.3333333333333333,23982.266927083332,1.900390625,-0.010709247966037892,0.24803107763145266,17.320638999618314,0.00902418444353203,-0.04981675580052564,2416.297,9855.746550000003,-7439.44955,-0.05592970304688543,-0.00023617291325562508,-0.0012783804553323562
1777958862741,23919.75,24000,0.6,23981.119921875,6.900390625,-0.023677092619192798,0.31323276659264904,17.320638999618314,0.00902418444353203,-0.04981675580052564,2416.297,9855.746550000003,-7439.44955,0.02311034547841244,0.0017326193127315934,0.00039440393857313467
1777958877790,23919.95,24000,-0.2,23978.6796875,6.69921875,-0.028457506483723454,0.1722338908061313,17.320638999618314,0.00902418444353203,-0.04981675580052564,2416.297,9855.746550000003,-7439.44955,-0.050831347058204836,-0.006130928964229491,-0.0019352821840392528
1777958893540,23922.2,24000,-0.6756756756756757,23976.64864864865,4,-0.0411935057691387,0.1503296085232672,17.31995280119922,0.009024467375308017,-0.04981831768606563,2416.297,9855.746550000003,-7439.44955,-0.16739966269207965,-0.007965363550491973,-0.0023585201328917677
1777958909711,23918.65,24000,-0.7297297297297297,23976.54054054054,4,-0.03941779309124704,0.07813902869244475,17.31995280119922,0.009024467375308017,-0.04981831768606563,2416.297,9855.746550000003,-7439.44955,-0.25788303498728543,-0.01117710208235386,-0.0009223439125436397
1777958925215,23918,24000,-0.75,23976.5,4,-0.01597035914995709,0.02613772500845168,17.31995280119922,0.009024467375308017,-0.04981831768606563,2416.297,9855.746550000003,-7439.44955,-0.31511642559705016,-0.0074652095914974235,-0.0038819353978345413
1777958941028,23927.75,24000,-0.5,23983.5,2,-0.009364457598273163,0.22674468408391926,17.31995280119922,0.009024467375308017,-0.04981831768606563,2416.297,9855.746550000003,-7439.44955,-0.1726739680574221,-0.00662423440203594,-0.00319324594320044
1777958956706,23921.45,24000,0.9183673469387755,23982.57792570153,7.900390625,-0.024573162795425155,0.43286823651898043,17.319335222622037,0.009024014684466439,-0.04981581866920166,2416.297,9855.746550000003,-7439.44955,-0.21195145025514825,-0.008337069029432225,0.004818158204430369
1777958972438,23922.75,24000,0,23980.9501953125,1.900390625,-0.03344690539039362,0.4732140829907345,17.319335222622037,0.009024014684466439,-0.04981581866920166,2416.297,9855.746550000003,-7439.44955,-0.10744784447782649,-0.0006689840791082194,0.002180814360980267
1777958989341,23925.9,24000,-0.3333333333333333,23978.666666666668,5,-0.014008369003185538,0.3830711588493709,17.319335222622037,0.009024014684466439,-0.04981581866920166,2416.297,9855.746550000003,-7439.44955,-0.0657415412149991,-0.0027314111814249584,0.000256883752268596
1777959005259,23928.3,24000,0.7777777777777778,23983.133246527777,7.80078125,-0.010575806774417511,0.3704773450427383,17.319335222622037,0.009024014684466439,-0.04981581866920166,2416.297,9855.746550000003,-7439.44955,-0.1401326158679895,0.0005409231030774882,0.0034969736361524697
1777959021085,23922.25,24000,0.2727272727272727,23986.33611505682,2.099609375,-0.00258036832427996,0.42417580092621227,17.319066936775517,0.00902595748266154,-0.0498265436165762,2416.297,9855.746550000003,-7439.44955,-0.12125409807320062,0.0038247429274623343,0.0027726423981242645
1777959036559,23919.2,24000,-0.75,23977.237548828125,1.900390625,0.0024334130234865167,0.2353099974309648,17.319066936775517,0.00902595748266154,-0.0498265436165762,2416.297,9855.746550000003,-7439.44955,-0.054586302991293405,0.00019167875154775158,0.004131648782998418
1777959052552,23921.2,24000,0,23982.9501953125,3.900390625,0.029857686812550084,0.3109008786844594,17.319066936775517,0.00902595748266154,-0.0498265436165762,2416.297,9855.746550000003,-7439.44955,-0.06038002329907171,-0.0022258128052276057,0.004208763563844573
1777959068392,23927.75,24000,-0.3333333333333333,23981,9,0.04881219499140286,0.4229428785624597,17.319066936775517,0.00902595748266154,-0.0498265436165762,2416.297,9855.746550000003,-7439.44955,0.08254113734271688,0.0016601332877660075,0.0023204591467096713
1777959084215,23932.4,24000,-0.7777777777777778,23981.555555555555,9.5,0.05822741563542545,0.4943838189838241,17.318823040551408,0.009026447897739915,-0.0498292508848455,2416.297,9855.746550000003,-7439.44955,0.062269846574572074,0.0033509676272448865,0.007703619123546725
1777959100376,23935.45,24000,0.3333333333333333,23993.333333333332,5,0.07685821864850567,0.624779368156107,17.318823040551408,0.009026447897739915,-0.0498292508848455,2416.297,9855.746550000003,-7439.44955,0.0951757680081341,0.005813297359863631,0.004558082359455277
1777959117134,23939.8,24000,0.3333333333333333,23995.600260416668,8.400390625,0.09103766535282097,0.4530932771029039,17.318823040551408,0.009026447897739915,-0.0498292508848455,2416.297,9855.746550000003,-7439.44955,0.03464082671072274,0.0046696208248624025,0.005010930701769518
1777959133123,23936.5,24000,-0.2,23993.9203125,7.30078125,0.0832861327078329,0.4566560102725277,17.318823040551408,0.009026447897739915,-0.0498292508848455,2416.297,9855.746550000003,-7439.44955,0.04311615417043274,0.004750835699084288,-0.003155941307136287
1777959149112,23929.75,24000,-0.8333333333333334,23990.291015625,1.1015625,0.08657058803682063,0.4525974764872372,17.318600352694613,0.009029654457867752,-0.04984695225429863,2416.297,9855.746550000003,-7439.44955,0.023066328796678647,0.0038320657496137916,-0.0011564233205211376
1777959166078,23927.65,24000,-0.7777777777777778,23985.655598958332,5.900390625,0.09128788332097663,0.5041271945371052,17.318600352694613,0.009029654457867752,-0.04984695225429863,2416.297,9855.746550000003,-7439.44955,0.06237295963809183,0.010409679355678257,0.0010709178706541948
1777959182893,23930.35,24000,0.6,23993.019921875,9.900390625,0.06656648761959795,0.554936778883816,17.318600352694613,0.009029654457867752,-0.04984695225429863,2416.297,9855.746550000003,-7439.44955,0.12217648593399708,0.01258782087418664,0.0011413307181058928
1777959198539,23932.65,24000,0.3333333333333333,23993.333333333332,5,0.07459802381039721,0.5195463818172442,17.31839622215922,0.009029164042789377,-0.049844244986029324,2416.297,9855.746550000003,-7439.44955,0.10931878245693773,0.012574244990814549,-0.00019027780685480962
1777959214473,23944.4,24000,-0.9215686274509803,23995.196078431374,5,0.08221197483019424,0.753535391374027,17.31839622215922,0.009029164042789377,-0.049844244986029324,2416.297,9855.746550000003,-7439.44955,0.14774504915095066,0.013663854280579578,0.0002487577205357009
1777959231515,23946.95,24000,-0.5,24006.92529296875,0.099609375,0.0931621220739075,0.7206753886537963,17.31839622215922,0.009029164042789377,-0.049844244986029324,2416.297,9855.746550000003,-7439.44955,0.06665995861735247,0.01380600863769378,-0.001132770845862431
1777959246885,23949.35,24000,-0.3333333333333333,24006.333333333332,1,0.08771776705460775,0.7079482070934796,17.31839622215922,0.009029164042789377,-0.049844244986029324,2416.297,9855.746550000003,-7439.44955,0.03358571663861578,0.015127541002009515,-0.0006016163167779555
1777959262810,23951.6,24000,0.5384615384615384,24007.23106971154,2.900390625,0.07288920007878211,0.7951311367243463,17.318208422066657,0.009034388849585908,-0.04787218792938424,2416.297,9855.746550000003,-7439.44955,0.17159334312125873,0.021757698560257943,-0.00381928462472953
1777959277886,23949.45,24000,0,24009.5,5,0.06356872392001221,0.6792093734816358,17.318208422066657,0.009034388849585908,-0.04787218792938424,2416.297,9855.746550000003,-7439.44955,0.16153784724423628,0.012426230767385051,-0.004283046774237617
1777959293510,23949.2,24000,-0.1111111111111111,24009.622395833332,5.900390625,0.060121334391658204,0.5551638829269144,17.318208422066657,0.009034388849585908,-0.04787218792938424,2416.297,9855.746550000003,-7439.44955,0.05023342945388399,0.00821951406338246,-0.003462280420163551
1777959309489,23948.25,24000,0.2,24011.68046875,2.80078125,0.07222143741202375,0.5870784681024478,17.318208422066657,0.009034388849585908,-0.04787218792938424,2416.297,9855.746550000003,-7439.44955,-0.012776724125563368,0.006762409005828438,-0.003074636744545176
1777959325083,23941.9,24000,0.9758308157099698,24006.718596582326,6.80078125,0.04364682364650142,0.5458633890284236,17.31803506813506,0.009032691258929994,-0.04986371649242776,2416.297,9855.746550000003,-7439.44955,0.028146527149902383,0.0046790102713627655,-0.004370457069081401
1777959340867,23937.85,24000,0.9215686274509803,24002.690946691175,2.80078125,0.03499990316464482,0.3873675511005854,17.31803506813506,0.009032691258929994,-0.04986371649242776,2416.297,9855.746550000003,-7439.44955,0.05795643030381086,-0.000588987761704336,-0.0006157739236276439
1777959356511,23938,24000,-0.4666666666666667,23996.7734375,2.900390625,0.03070921478900097,0.28392680663284314,17.31803506813506,0.009032691258929994,-0.04986371649242776,2416.297,9855.746550000003,-7439.44955,0.002110364390867895,-0.002535354262366645,-0.0024952288414226654
1777959373270,23944.2,24000,-0.5,23999.5498046875,9.80078125,0.028857953716740114,0.13165703453631566,17.31803506813506,0.009032691258929994,-0.04986371649242776,2416.297,9855.746550000003,-7439.44955,-0.147709988268004,-0.004103688720619775,-0.0011143633937832358
1777959389925,23944.25,24000,0.6,24004,5,0.035683462851571014,0.1903578921270811,17.317874555235434,0.00903378526179714,-0.04986975578318236,2416.297,9855.746550000003,-7439.44955,-0.028399066477983265,0.006345259699483047,-0.0009373512455577493
1777959405886,23944.1,24000,0.2,24002.159765625,3.599609375,0.02404337969823824,0.038026944699183024,17.317874555235434,0.00903378526179714,-0.04986975578318236,2416.297,9855.746550000003,-7439.44955,0.1756585898597013,0.006568595849752368,-0.0014516662586853985
1777959421487,23939,24000,0.7142857142857143,24000.285714285714,5,0.02876762644777382,-0.10727409788450103,17.317874555235434,0.00903378526179714,-0.04986975578318236,2416.297,9855.746550000003,-7439.44955,0.2317773601586584,0.0007665869980183014,-0.0017515372373659232
1777959438561,23936.65,24000,-0.13043478260869565,23996.304347826088,3,0.02056755535893734,-0.28940577681325313,17.317874555235434,0.00903378526179714,-0.04986975578318236,2416.297,9855.746550000003,-7439.44955,0.08210427313534419,-0.007181535897840884,-0.0035022534645142932
1777959454346,23928.8,24000,-0.7777777777777778,23993.222222222223,2,0.025391361644480658,-0.26277603706315916,17.317725507542924,0.009029918527525337,-0.04984841001413594,2416.297,9855.746550000003,-7439.44955,0.001954386488316835,-0.008769261288338975,-0.0012987635453221094
1777959470171,23923.4,24000,-0.5,23990.3251953125,1.30078125,-0.004664232193029438,-0.3890139629198725,17.317725507542924,0.009029918527525337,-0.04984841001413594,2416.297,9855.746550000003,-7439.44955,0.0849447615789933,-0.008671501256865635,0.0005449922638887714
1777959485904,23926.2,24000,-0.42857142857142855,23989.856863839286,4.400390625,3.9685000562102465e-05,-0.3789910730477525,17.317725507542924,0.009029918527525337,-0.04984841001413594,2416.297,9855.746550000003,-7439.44955,-0.03727200757931073,-0.013038898993263902,0.00615430436638355
1777959501447,23926.6,24000,-0.42857142857142855,23986.14285714286,4,0.03358116729257351,-0.3331510220454724,17.31758673900162,0.009026278138674324,-0.04982831375352151,2416.297,9855.746550000003,-7439.44955,-0.1353151887198566,-0.012743884036705339,0.006444573629956514
1777959517120,23932.55,24000,0,23992.2998046875,4.599609375,0.03576713033298028,-0.10271594272136604,17.31758673900162,0.009026278138674324,-0.04982831375352151,2416.297,9855.746550000003,-7439.44955,-0.07203815515121331,-0.00019036295244025204,0.0006113541262256976
1777959532997,23937.5,24000,-0.6,23990.980078125,4.900390625,0.07624089302024382,0.021767635071894154,17.31758673900162,0.009026278138674324,-0.04982831375352151,2416.297,9855.746550000003,-7439.44955,0.023695738920766807,-0.000751880985046753,0.0016990429080101222
1777959548654,23933.8,24000,-0.6666666666666666,23989.650716145832,11.099609375,0.0817351667648082,0.03313688338448672,17.31758673900162,0.009026278138674324,-0.04982831375352151,2416.297,9855.746550000003,-7439.44955,0.12784239936464753,-0.0007833027953376664,0.003444396792939829
1777959564308,23935.8,24000,-0.42857142857142855,23993.557198660714,9.298828125,0.10707035631694135,0.09659609267213823,17.317457221696408,0.009030031700235731,-0.04984903476835193,2416.297,9855.746550000003,-7439.44955,-0.022460427595013946,-0.008757243226807895,0.0064171960960669825
1777959580941,23931.5,24000,0.6666666666666666,23994.300130208332,4.19921875,0.10117162554303828,0.12454482852431119,17.317457221696408,0.009030031700235731,-0.04984903476835193,2416.297,9855.746550000003,-7439.44955,-0.08714456315651779,-0.0071314744804112,0.006878005792826654
1777959596901,23928.5,24000,-0.6,23991.20078125,2,0.07454529171678899,0.08007577747193964,17.317457221696408,0.009030031700235731,-0.04984903476835193,2416.297,9855.746550000003,-7439.44955,-0.2793998547195063,-0.013305575569684341,0.0005305177220175977
1777959612672,23932.8,24000,-0.5,23989.875,3.5,0.07525611613485525,0.0831276133983988,17.317457221696408,0.009030031700235731,-0.04984903476835193,2416.297,9855.746550000003,-7439.44955,-0.27380804224610017,-0.004310225440988241,0.004362580059858549
1777959629346,23934.05,24000,-0.6,23992.840625,0.19921875,0.09572613125485772,0.17566413031138894,17.317336060346367,0.009028409558053415,-0.04984007995792271,2416.297,9855.746550000003,-7439.44955,-0.11800409415124608,0.005428390537339537,0.002585491269631595
1777959645298,23939.85,24000,0,23998.5498046875,2.900390625,0.11712025576784361,0.4238642459069887,17.317336060346367,0.009028409558053415,-0.04984007995792271,2416.297,9855.746550000003,-7439.44955,-0.15845848819580843,0.009120812971892598,0.0038999279868099732
1777959661282,23942.7,24000,0,23998.599609375,3.19921875,0.1156390684558841,0.4426353586832635,17.317336060346367,0.009028409558053415,-0.04984007995792271,2416.297,9855.746550000003,-7439.44955,-0.001905325037596375,0.016100170727566043,-0.004685802857136679
1777959677152,23942.25,24000,0,23994.9501953125,5.900390625,0.11161554491810737,0.43329891218734207,17.317336060346367,0.009028409558053415,-0.04984007995792271,2416.297,9855.746550000003,-7439.44955,0.061168614846548355,0.011805544919357704,-0.005138115558150379
1777959693998,23946.5,24000,-0.7777777777777778,23993.444444444445,13,0.10911319295598979,0.3834791856632152,17.317222471580703,0.009032238568088418,-0.04986121747556379,2416.297,9855.746550000003,-7439.44955,-0.010741338792942309,0.007022927215176559,-0.0029527862680173147
1777959710720,23937.1,24000,-0.3333333333333333,23993.966796875,5.900390625,0.09622223222722777,0.30818174092620176,17.317222471580703,0.009032238568088418,-0.04986121747556379,2416.297,9855.746550000003,-7439.44955,0.12099753642754539,0.01262267984855829,-0.009720263306426623
1777959726771,23933.95,24000,-0.6666666666666666,23995.5,3,0.07405561760158243,0.22180524545892072,17.317222471580703,0.009032238568088418,-0.04986121747556379,2416.297,9855.746550000003,-7439.44955,0.19432580333482236,0.016682159965765286,-0.009779992729501759
1777959741935,23943.1,24000,-0.7777777777777778,23997.110460069445,8.201171875,0.12141869419719417,0.11593333780737197,17.317222471580703,0.009032238568088418,-0.04986121747556379,2416.297,9855.746550000003,-7439.44955,-0.03223779185609159,0.0005084435481830631,-0.004970551331136123
1777959757388,23942.75,24000,0.3333333333333333,24003.399739583332,5.099609375,0.13414421650443453,0.33009314119848226,17.317115766982656,0.009032351740798812,-0.049861842229779775,2416.297,9855.746550000003,-7439.44955,-0.1386154435255537,-0.00011257690326339335,-0.0039554107022284615
1777959773278,23939.75,24000,-0.6,23997.880078125,4.400390625,0.13582384920991195,0.33988000108815497,17.317115766982656,0.009032351740798812,-0.049861842229779775,2416.297,9855.746550000003,-7439.44955,-0.08608277213277721,0.0006224438948610649,-0.0031851409976431737
1777959789076,23939.2,24000,0,23997.9501953125,1.900390625,0.15500038833749213,0.3776977457147032,17.317115766982656,0.009032351740798812,-0.049861842229779775,2416.297,9855.746550000003,-7439.44955,0.038971053763348494,0.0074167753399371344,-0.0031364556016665298
1777959805903,23947.9,24000,-0.3333333333333333,24002.600260416668,3.599609375,0.1334286906120373,0.37637345243681575,17.31701533912567,0.00903376639967874,-0.04986965165747969,2416.297,9855.746550000003,-7439.44955,0.09705645391655333,0.0014781592916186359,-0.003248373324332776
1777959821527,23949.55,24000,0.6,24003.08046875,11.599609375,0.12010245017154351,0.24329694765114696,17.31701533912567,0.00903376639967874,-0.04986965165747969,2416.297,9855.746550000003,-7439.44955,0.12766414565491258,-0.0008309309101962737,-0.0010868449959883287
1777959837175,23946.3,24000,-0.3333333333333333,23997.533203125,10.30078125,0.11579478213963328,0.22785791485804513,17.31701533912567,0.00903376639967874,-0.04986965165747969,2416.297,9855.746550000003,-7439.44955,0.038498917184162304,-0.0068717562460313885,-0.0025797344701128573
1777959853041,23941.45,24000,-0.8461538461538461,23997.307391826922,9.201171875,0.12492927546369116,0.35194377166096347,17.31701533912567,0.00903376639967874,-0.04986965165747969,2416.297,9855.746550000003,-7439.44955,0.03687562105340069,-0.007458458045570835,-0.0022041310530748373
1777959868954,23936.85,24000,0.9459459459459459,24002.783783783783,8,0.07789673149466085,0.34771460343975513,17.316920650003368,0.00903125773793167,-0.04985580293902519,2416.297,9855.746550000003,-7439.44955,0.08186267909897081,-0.004028689763411237,-0.004412427598493255
1777959885571,23933.6,24000,0,23998.5498046875,7.099609375,0.07232524366667427,0.29159738329437884,17.316920650003368,0.00903125773793167,-0.04985580293902519,2416.297,9855.746550000003,-7439.44955,0.03982810334059701,-0.011750864242899185,-0.0014081782192699934
1777959901812,23937.25,24000,-0.6363636363636364,23993.055042613636,12.3984375,0.06379389831695274,0.37358213354006653,17.316920650003368,0.00903125773793167,-0.04985580293902519,2416.297,9855.746550000003,-7439.44955,-0.01607086127412615,-0.013286080929485564,-0.0012657013437573385
1777959917812,23942.8,24000,0.3333333333333333,23999.100260416668,8.69921875,0.04108438947452121,0.42554050033235574,17.316920650003368,0.00903125773793167,-0.04985580293902519,2416.297,9855.746550000003,-7439.44955,0.16207169213319703,-0.004066886713261413,-0.006925473653646572
1777959933397,23945.4,24000,0.4,24002.1201171875,9.599609375,0.04068624619648083,0.4608801992962927,17.31683122138786,0.009032087671141227,-0.049860384469942474,2416.297,9855.746550000003,-7439.44955,0.17228153703718155,0.002816986681168526,-0.011386765429740348
1777959949143,23946.85,24000,0,24002.5,5,0.038568229149958305,0.4332502454972497,17.31683122138786,0.009032087671141227,-0.049860384469942474,2416.297,9855.746550000003,-7439.44955,0.1664973067829129,-2.610902351161791e-06,-0.01703371666432888
1777959964822,23957.25,24000,-0.3333333333333333,24007.966145833332,13.099609375,0.03397512883950085,0.5508258334610657,17.31683122138786,0.009032087671141227,-0.049860384469942474,2416.297,9855.746550000003,-7439.44955,0.057773775004975096,-0.0086950029010355,-0.01593978989984334
1777959981729,23958.85,24000,0.6,24013.6,7,0.03098872223999353,0.676731131065428,17.31683122138786,0.009032087671141227,-0.049860384469942474,2416.297,9855.746550000003,-7439.44955,0.042385641605900706,-0.0018789135301335662,-0.011852253606068619
1777959997647,23955.55,24000,0.23076923076923078,24009.531099759617,13.701171875,-0.0021850816999831935,0.7365339788718781,17.316746626751574,0.013987492709852238,-0.046171492333655036,2416.297,9855.746550000003,-7439.44955,0.0460215735113402,-0.00544148271903594,-0.013944401662125717
1777960013235,23958.85,24000,-0.7777777777777778,24006.344835069445,13,0.006901875015586072,0.6595396925460563,17.316746626751574,0.013987492709852238,-0.046171492333655036,2416.297,9855.746550000003,-7439.44955,0.06351281703392732,-0.0007135319100408844,-0.01836764342322429
1777960028733,23958.45,24000,-0.6,24005.6796875,12.900390625,0.04804828013803119,0.3713691603023757,17.316746626751574,0.013987492709852238,-0.046171492333655036,2416.297,9855.746550000003,-7439.44955,0.004144514691126504,0.0019441180423274594,-0.014688568110616676
1777960044339,23956.15,24000,-0.14285714285714285,24011,7,0.043804649734651174,0.2999634808350734,17.316746626751574,0.013987492709852238,-0.046171492333655036,2416.297,9855.746550000003,-7439.44955,-0.05496862162940874,0.002781984697407664,-0.011118459831030974
1777960060430,23955.75,24000,-0.1111111111111111,24010.72265625,7.69921875,0.027548781237663213,0.3775937767056712,17.316666484464562,0.013986003976890513,-0.046166578156114066,2416.297,9855.746550000003,-7439.44955,-0.04947606227733198,0.008499147672099987,-0.011146523503482966
1777960077149,23954.75,24000,-0.5714285714285714,24003.214285714286,1,0.04486173303259299,0.35927359670810105,17.316666484464562,0.013986003976890513,-0.046166578156114066,2416.297,9855.746550000003,-7439.44955,0.06613410584596642,0.014308232925809149,-0.012094992369879118
1777960093927,23952.35,24000,-0.45454545454545453,24000.264204545456,12.69921875,-0.0023921506152105886,0.5236003434067746,17.316666484464562,0.013986003976890513,-0.046166578156114066,2416.297,9855.746550000003,-7439.44955,0.027149198466452043,0.009467896269823086,-0.010751470072291195
1777960109638,23946.8,24000,0.7142857142857143,24001.299944196428,11.900390625,-0.03387527690483639,0.5448028580569955,17.316590452038422,0.009033955020862731,-0.04987069291450635,2416.297,9855.746550000003,-7439.44955,-0.04454823512047768,0.005871466900099748,-0.0025591363228476493
1777960125763,23949.65,24000,0.14285714285714285,24000.22823660714,8.80078125,-0.03411794975723602,0.47420720336494265,17.316590452038422,0.009033955020862731,-0.04987069291450635,2416.297,9855.746550000003,-7439.44955,0.004818393132016744,0.010273756806625954,9.16189701065203e-05
1777960141710,23946.1,24000,0,23995.5,9,-0.045189509936180344,0.23198641227410943,17.316590452038422,0.009033955020862731,-0.04987069291450635,2416.297,9855.746550000003,-7439.44955,0.027571728705041765,0.010343689385758878,-0.004853579789911862
1777960157501,23943.65,24000,-0.7777777777777778,23989.844835069445,13,-0.10114025235271028,0.06325646338547396,17.316590452038422,0.009033955020862731,-0.04987069291450635,2416.297,9855.746550000003,-7439.44955,0.05183592418323786,0.007795024466427511,-0.0012498296979530526
1777960173718,23946.8,24000,-0.7777777777777778,23991.45529513889,12.201171875,-0.048478726226730495,0.2330659422564662,17.31651822123359,0.00903357777849475,-0.04986861040045303,2416.297,9855.746550000003,-7439.44955,0.041200337168258515,0.009538221966770188,0.0013571509325468916
1777960190632,23935.9,24000,-0.5,23983.22509765625,6.900390625,-0.05910980824419124,0.1187910808332789,17.31651822123359,0.00903357777849475,-0.04986861040045303,2416.297,9855.746550000003,-7439.44955,0.049355981346651236,0.010723954206800973,-0.00641099138347198
1777960206207,23934.4,24000,-0.6,23983.919921875,12.099609375,-0.09014582026204869,0.21843013375717252,17.31651822123359,0.00903357777849475,-0.04986861040045303,2416.297,9855.746550000003,-7439.44955,0.06583803950557138,0.008437559545908076,-0.003485413922928731
1777960221811,23932.5,24000,-0.2,23985.6,4,-0.07797983328376866,0.1869523425882218,17.31651822123359,0.00903357777849475,-0.04986861040045303,2416.297,9855.746550000003,-7439.44955,0.03488762010308284,0.005638791981514573,-0.01013768084734518
1777960238583,23934.15,24000,-0.6,23980.940625,3.19921875,-0.10447885301778764,0.13114830393393725,17.316449513882652,0.009029711044222948,-0.049847264631406624,2416.297,9855.746550000003,-7439.44955,-0.07466772670739699,-0.0009227011074255062,-0.008685230602180977
1777960254085,23934.8,24000,-0.6666666666666666,23980.833333333332,11,-0.0795357233219931,0.12699089039502404,17.316449513882652,0.009029711044222948,-0.049847264631406624,2416.297,9855.746550000003,-7439.44955,-0.09400962371956409,0.0030611519078386044,-0.009120099884139853
1777960269981,23929.5,24000,0.6986301369863014,23975.169199486303,0.19921875,-0.09731703033585658,-0.10309572328919099,17.316449513882652,0.009029711044222948,-0.049847264631406624,2416.297,9855.746550000003,-7439.44955,-0.09832682047044804,0.004307977053136626,-0.006284067833735767
1777960285827,23927.8,24000,-0.8333333333333334,23976.791341145832,8.30078125,-0.09438913757356336,-0.1409129974751286,17.316449513882652,0.009029711044222948,-0.049847264631406624,2416.297,9855.746550000003,-7439.44955,-0.0049716118755874185,-0.0009196852723026873,-0.00842834724272286
1777960301765,23929.2,24000,-0.391304347826087,23971.565217391304,3.5,-0.10067125444785685,-0.09986517678028144,17.31638407831033,0.009027183520357477,-0.04983331178724945,2416.297,9855.746550000003,-7439.44955,-0.05981938162858378,-0.005218873882272171,-0.008056269892841778
1777960317485,23926.65,24000,-0.9090909090909091,23973.022727272728,0.5,-0.0972755552068975,-0.05959405749882334,17.31638407831033,0.009027183520357477,-0.04983331178724945,2416.297,9855.746550000003,-7439.44955,-0.14962707866094285,-0.0059390445230219965,-0.0034010691521192517
1777960334536,23929.55,24000,-0.9047619047619048,23977.756789434523,3.30078125,-0.10889276509021627,-0.03620848550662987,17.31638407831033,0.009027183520357477,-0.04983331178724945,2416.297,9855.746550000003,-7439.44955,-0.09805022540487808,-0.001226252493347629,-0.000587350509658029
1777960350690,23932.15,24000,-0.8823529411764706,23977.246323529413,0.80078125,-0.10329604653891927,-0.060389547248385855,17.31638407831033,0.009027183520357477,-0.04983331178724945,2416.297,9855.746550000003,-7439.44955,-0.09711282154365376,-0.008752816749120458,0.0017731207059666898
1777960366612,23933.75,24000,0.14285714285714285,23979.22823660714,1.80078125,-0.0782348617733462,0.0031045394052166956,17.316321686253,0.009028239798987824,-0.04983914282659872,2416.297,9855.746550000003,-7439.44955,-0.08025451149334448,-0.006253265888512755,0.0022570700922049046
1777960382390,23933.35,24000,0.25,23978.88720703125,0.30078125,-0.08427393933555442,-0.10437112535862643,17.316321686253,0.009028239798987824,-0.04983914282659872,2416.297,9855.746550000003,-7439.44955,-0.11141896442924963,-0.005948849633388698,0.009223527275589583
1777960398195,23937.5,24000,-0.6,23987.040625,3.69921875,-0.011064045182471024,-0.1531831425371393,17.316321686253,0.009028239798987824,-0.04983914282659872,2416.297,9855.746550000003,-7439.44955,-0.08726881038004522,-0.0030712561195672455,0.010865485687803792
1777960414282,23934.2,24000,-0.8571428571428571,23982.685407366072,1.201171875,-0.0389783470902992,-0.26181734434460696,17.31626213019828,0.009028994283723784,-0.04984330785470534,2416.297,9855.746550000003,-7439.44955,0.017506822093102968,0.008475503033845784,0.008903647885168208
1777960429530,23930.65,24000,0.3333333333333333,23979.666666666668,1,-0.051032375947712594,-0.3814771168081208,17.31626213019828,0.009028994283723784,-0.04984330785470534,2416.297,9855.746550000003,-7439.44955,0.06493304319055439,0.006552224519800912,0.007445253444865978
1777960445409,23929.25,24000,-0.2,23976.9203125,2.30078125,-0.01956790215065284,-0.23564155458057592,17.31626213019828,0.009028994283723784,-0.04984330785470534,2416.297,9855.746550000003,-7439.44955,-0.026633941483443547,0.0009364950912088352,0.010322561430940009
1777960461175,23931.6,24000,0.16666666666666666,23984.208333333332,11.5,-0.02755500400573485,-0.32121825980865265,17.31626213019828,0.009028994283723784,-0.04984330785470534,2416.297,9855.746550000003,-7439.44955,-0.012305189403142605,0.009631486508291993,0.008227507132458315
1777960477435,23936.25,24000,-0.6666666666666666,23982.832682291668,3.80078125,-0.0337582588219292,-0.14433058705815363,17.31620522107932,0.00903006942447253,-0.04984924301975726,2416.297,9855.746550000003,-7439.44955,0.012662287977967342,0.00899181095834149,0.0073372520266491706
1777960494369,23933.9,24000,-0.3333333333333333,23979.666666666668,0.5,0.03830196872240358,-0.36138533752407187,17.31620522107932,0.00903006942447253,-0.04984924301975726,2416.297,9855.746550000003,-7439.44955,0.03687572642961602,0.007303958819004112,-0.0016617365996532132
1777960509433,23934.95,24000,0.5,23979.7001953125,1.19921875,0.05026589592255519,-0.26771228025270466,17.31620522107932,0.00903006942447253,-0.04984924301975726,2416.297,9855.746550000003,-7439.44955,0.031053371635896672,0.011007381843776661,0.0009445176769343246
1777960525374,23934.35,24000,-0.68,23979.751875,4.69921875,0.02540999375635511,-0.1558611816515832,17.31620522107932,0.00903006942447253,-0.04984924301975726,2416.297,9855.746550000003,-7439.44955,0.025361671378597444,0.010579403335329519,-0.002755523435432018
1777960541172,23933.85,24000,-0.9130434782608695,23978.352921195652,1.19921875,-0.002592834051004499,-0.29659655918121436,17.31615078626988,0.009029032007960583,-0.049843516106110666,2416.297,9855.746550000003,-7439.44955,0.06786515872602572,0.012016460996310189,-0.0038070373287820308
1777960557479,23931,24000,-0.9047619047619048,23975.405133928572,0.099609375,-0.004850110662308718,-0.40207957579798365,17.31615078626988,0.009029032007960583,-0.049843516106110666,2416.297,9855.746550000003,-7439.44955,0.05099268955325542,0.006218167575944626,-0.009233594205646676
1777960573065,23932.65,24000,-0.6774193548387096,23977.419291834678,2.599609375,-0.045199988685485186,-0.438329408782258,17.31615078626988,0.009029032007960583,-0.049843516106110666,2416.297,9855.746550000003,-7439.44955,0.07560706552528755,0.004576707743084843,-0.00620930091761968
1777960588953,23933.2,24000,-0.5714285714285714,23978.021344866072,0.099609375,-0.03609878101658893,-0.2003067992287413,17.31615078626988,0.009029032007960583,-0.049843516106110666,2416.297,9855.746550000003,-7439.44955,0.02008724942095041,0.002449565192591774,-0.010456112665071222
1777960604933,23937.65,24000,-0.35714285714285715,23982.228166852678,3.201171875,-0.027686591852562698,0.05001175186940515,17.316098667835313,0.009030239183538121,-0.04985018015108125,2416.297,9855.746550000003,-7439.44955,0.0024435988389869094,-0.00034193511163151845,-0.002620476840943042
1777960620693,23934.9,24000,-0.76,23981.871953125,3.099609375,-0.058642276716922424,0.08576415238135042,17.316098667835313,0.009030239183538121,-0.04985018015108125,2416.297,9855.746550000003,-7439.44955,0.014219339637500411,0.003696691659886558,-0.01080999583005952
1777960635881,23935.55,24000,-0.5,23979.24951171875,0.599609375,-0.06067605134924129,-0.034773140841812746,17.316098667835313,0.009030239183538121,-0.04985018015108125,2416.297,9855.746550000003,-7439.44955,-0.029714735885497317,-0.001697138070649848,-0.004884227796675623
1777960651865,23935.95,24000,-0.9166666666666666,23980.98828125,4.5,-0.09494492817389899,0.03151367878093529,17.316098667835313,0.009030239183538121,-0.04985018015108125,2416.297,9855.746550000003,-7439.44955,-0.13265399431027156,-0.007652043403994011,-0.0025535552988984987
1777960667476,23934.7,24000,-0.6,23978.8796875,1.400390625,-0.08984786598297613,0.007793534592842313,17.316048721002183,0.009029880803288539,-0.04984820176273061,2416.297,9855.746550000003,-7439.44955,-0.12437092061891156,-0.0028120463276164374,0.0028923681978203033
1777960683448,23933.2,24000,0.09090909090909091,23977.846235795456,1,-0.09159834791175307,-0.146042112501778,17.316048721002183,0.009029880803288539,-0.04984820176273061,2416.297,9855.746550000003,-7439.44955,-0.12482581617798774,-0.004798333399063879,-0.0011676233197291457
1777960699074,23933.25,24000,0.6896551724137931,23976.084152747844,0.099609375,-0.06654442922538352,-0.2214215224591478,17.316048721002183,0.009029880803288539,-0.04984820176273061,2416.297,9855.746550000003,-7439.44955,-0.14842800995219055,-0.0056532518630987,-0.004200041241924792
1777960714391,23937.8,24000,0.5,23981.6494140625,0.19921875,-0.031790910373916945,-0.12179297422850188,17.316048721002183,0.009029880803288539,-0.04984820176273061,2416.297,9855.746550000003,-7439.44955,-0.20265207508973385,-0.0025286533887703996,-0.0067931725686083124
1777960730960,23939.1,24000,-0.7647058823529411,23981.722886029413,0.201171875,-0.04431536020224247,0.0034479407061975493,17.316000812815304,0.009030333494130117,-0.04985070077959458,2416.297,9855.746550000003,-7439.44955,-0.12838100457159857,-0.0023773719960040467,-0.008750711109988114
1777960746197,23935.3,24000,-0.7777777777777778,23980.088975694445,0.80078125,-0.07153632971186248,-0.03955902381598253,17.316000812815304,0.009030333494130117,-0.04985070077959458,2416.297,9855.746550000003,-7439.44955,-0.2542324982814298,-0.013099034641659625,-0.004847025061883089
1777960762118,23936.2,24000,-0.3333333333333333,23981.333333333332,1,-0.11115123985257414,0.09710083433862265,17.316000812815304,0.009030333494130117,-0.04985070077959458,2416.297,9855.746550000003,-7439.44955,-0.23382936795804526,-0.009877380830123364,-0.0032933543524090703
1777960778309,23936.55,24000,-0.6,23982.040625,3.69921875,-0.1223900561398052,0.026261137694853127,17.316000812815304,0.009030333494130117,-0.04985070077959458,2416.297,9855.746550000003,-7439.44955,-0.1794714567735159,0.00320324238780111,-0.004384753823673593
1777960794211,23934.2,24000,-0.6666666666666666,23982.000325520832,9.599609375,-0.12192154464275531,-0.07041415998358488,17.315954820955902,0.009029880803288539,-0.04984820176273061,2416.297,9855.746550000003,-7439.44955,-0.11815396132904175,0.005043826857594772,-0.004823720548307274
1777960810148,23936.5,24000,0,23979.9501953125,0.099609375,-0.09502714082178276,-0.01992361609510142,17.315954820955902,0.009029880803288539,-0.04984820176273061,2416.297,9855.746550000003,-7439.44955,-0.08871082755406123,0.0026627329163536368,-0.005448440957134641
1777960826022,23935.75,24000,-0.7142857142857143,23981.59933035714,9.80078125,-0.07834694914236165,0.04728048638310432,17.315954820955902,0.009029880803288539,-0.04984820176273061,2416.297,9855.746550000003,-7439.44955,0.030991365134528725,0.00744204264336719,-0.00698793240858422
1777960842004,23939.15,24000,0,23985.2998046875,9.400390625,-0.07013223171782179,0.2239143311207317,17.312898589557037,0.009030163735064526,-0.049849763648270595,2416.297,9855.746550000003,-7439.44955,0.07353376688581655,0.00840663549695244,-0.006679169936195311
1777960857620,23942.65,24000,0.5,23988.89990234375,4.400390625,-0.048850652089793806,0.5558307834949552,17.312898589557037,0.009030163735064526,-0.049849763648270595,2416.297,9855.746550000003,-7439.44955,0.0716534930967677,0.007476829016972726,-0.008604471614949318
1777960874539,23948.1,24000,-0.5,23992.8505859375,8.19921875,-0.030599706946556178,0.4511620938968325,17.312898589557037,0.009030163735064526,-0.049849763648270595,2416.297,9855.746550000003,-7439.44955,0.010605021831427452,-0.0015829341874474337,-0.0031118619974717272
1777960890730,23944.6,24000,0.75,23997.125,7,0.010456722920978911,0.47152440846371735,17.312898589557037,0.009030163735064526,-0.049849763648270595,2416.297,9855.746550000003,-7439.44955,0.008858786910242406,0.002539909363681745,-0.003731323596077845
1777960907121,23942.85,24000,-0.05263157894736842,23994.07894736842,6.5,0.030753900848322063,0.5309645951909809,17.312919169820834,0.00903242718927241,-0.049862258732590446,2416.297,9855.746550000003,-7439.44955,0.05058682833622662,0.003705378816812314,-0.005481017854614564
1777960922940,23935.8,24000,-0.6,23989.10078125,9,0.01613279977934586,0.381195129543485,17.312919169820834,0.00903242718927241,-0.049862258732590446,2416.297,9855.746550000003,-7439.44955,0.043105519496148034,-0.001831230336344687,-0.003161456977097442
1777960938889,23936.7,24000,0,23990.5,9,0.011196259196942237,0.4033622920723221,17.312919169820834,0.00903242718927241,-0.049862258732590446,2416.297,9855.746550000003,-7439.44955,0.028832327897868725,-0.009414381991004661,-0.006070674416717343
1777960954768,23940.8,24000,0.5,23995.0751953125,7.69921875,0.016799632130746683,0.7656205932158406,17.312919169820834,0.00903242718927241,-0.049862258732590446,2416.297,9855.746550000003,-7439.44955,0.030651157327404383,-0.013074690253053065,-0.003483675711937973
1777960971757,23952.15,24000,0.3333333333333333,23997.666666666668,4,0.026080253592945645,0.7958503573109162,17.31293872107144,0.009032842155877189,-0.04986454949804909,2416.297,9855.746550000003,-7439.44955,0.0019570876033781666,-0.011224315417698413,-0.00542786781146587
1777967260525,24051,24050,-0.6,24119.2,1,0.010156933964218271,-0.16336415321587094,16.185824168002668,-0.0016284619531911385,-0.06563424002873515,3076.732100000001,11545.493050000008,-8468.76095,-0.11047766083783316,-0.003932291982167584,-0.0009055460085787398
1777967276318,24046.35,24050,0.45454545454545453,24114.045454545456,9,-0.016655785149963624,-0.3152126432002096,16.185824168002668,-0.0016284619531911385,-0.06563424002873515,3076.732100000001,11545.493050000008,-8468.76095,-0.14518644267845277,-0.002647407013837578,-0.0015714610016388565
1777967292075,24051.85,24050,0,24113.150390625,9.69921875,-0.03820071054082237,-0.27931548331969347,16.185824168002668,-0.0016284619531911385,-0.06563424002873515,3076.732100000001,11545.493050000008,-8468.76095,-0.1318832363531154,-0.006326910228218939,-0.0023708704691247466
1777967307846,24051.9,24050,-0.7777777777777778,24112.666666666668,6,-0.042187769979570015,-0.23920139441046354,16.185824168002668,-0.0016284484129148126,-0.06563369429553906,3076.732100000001,11545.493050000008,-8468.76095,-0.19184747981175201,-0.008913096570923769,-0.004563643123851098
1777967323331,24054.8,24050,0.42857142857142855,24117.071707589286,9.900390625,-0.038726697841483824,-0.029150103014746236,16.185824168002668,-0.0016284484129148126,-0.06563369429553906,3076.732100000001,11545.493050000008,-8468.76095,-0.1364136362118034,-0.0039735212721236784,0.00226560332279388
1777967339004,24047.95,24050,-0.2,24110.2,8,-0.026000422837631043,0.027932784154210518,16.185824168002668,-0.0016284484129148126,-0.06563369429553906,3076.732100000001,11545.493050000008,-8468.76095,-0.12946508889851452,-0.012060408265777279,0.0038578227827960067
1777967354923,24044.7,24050,-0.7142857142857143,24108.914620535714,7.099609375,-0.012749638759860599,0.12050513740475255,16.185824168002668,-0.0016284484129148126,-0.06563369429553906,3076.732100000001,11545.493050000008,-8468.76095,-0.20798108602143775,-0.01747099585376829,0.006888441193993984
1777967370346,24043.6,24050,-0.7777777777777778,24105.456163194445,1.3984375,0.01793667294263492,0.29476997590855447,16.194534004909784,-0.005953834259973256,-0.07035548375882016,3076.732100000001,11545.493050000008,-8468.76095,-0.2385660487140541,-0.014758065038059426,0.007184130438576659
1777967386194,24039.6,24050,-0.8461538461538461,24096.69230769231,9,0.012880187731985697,0.26825025050962154,16.194534004909784,-0.005953834259973256,-0.07035548375882016,3076.732100000001,11545.493050000008,-8468.76095,-0.2482443153452086,-0.018234948928423384,-0.0024008524655460095
1777967402037,24039.5,24050,0,24097.0498046875,0.298828125,-0.002440456056980444,0.22443293013507631,16.194534004909784,-0.005953834259973256,-0.07035548375882016,3076.732100000001,11545.493050000008,-8468.76095,-0.20675677147705646,-0.012927583943779799,-0.001961158769658718
1777967417784,24039.1,24050,-0.8666666666666667,24099.4,6,-0.01335058825317089,0.13511125397466517,16.194534004909784,-0.005953834259973256,-0.07035548375882016,3076.732100000001,11545.493050000008,-8468.76095,-0.1389925343741939,-0.013654924630032927,-0.0006382987019971239
1777967434714,24036.7,24050,-0.9310344827586207,24098.049030172413,7.19921875,-0.013989803878325371,0.049499487864515135,16.19550176456613,-0.0059521503187373245,-0.07033558490119292,3076.732100000001,11545.493050000008,-8468.76095,-0.07497586355422174,-0.012020158519994502,-0.009145359398522112
1777967450631,24043.1,24050,0.5384615384615384,24105.784705528848,9.599609375,-0.007894139308392075,0.09552699404969901,16.19550176456613,-0.0059521503187373245,-0.07033558490119292,3076.732100000001,11545.493050000008,-8468.76095,-0.1150615291697102,-0.011701362040929985,-0.010671535164273693
1777967466387,24050.65,24050,0.5555555555555556,24108.444444444445,2.5,0.00019862043572273049,0.1407955556864203,16.19550176456613,-0.0059521503187373245,-0.07033558490119292,3076.732100000001,11545.493050000008,-8468.76095,-0.06522416890035534,-0.005880433836426457,-0.009706056813711108
1777967483187,24052.1,24050,0.4444444444444444,24111.1552734375,1.599609375,0.027891056862602466,0.1912666244930681,16.19627597229121,-0.0016283604011186927,-0.06823120918764808,3076.732100000001,11545.493050000008,-8468.76095,-0.018764358767230944,-0.0040870452991275796,-0.008974021117384696
1777967500008,24052.55,24050,-0.3333333333333333,24107.199869791668,2.099609375,0.022886573665496,0.03460238228146315,16.19627597229121,-0.0016283604011186927,-0.06823120918764808,3076.732100000001,11545.493050000008,-8468.76095,0.00711552898610821,-0.0019281136692658146,-0.008245583132049207
1777967515740,24046.85,24050,-0.2857142857142857,24106.32882254464,2.599609375,0.005966330008857383,-0.008856575722614187,16.19627597229121,-0.0016283604011186927,-0.06823120918764808,3076.732100000001,11545.493050000008,-8468.76095,0.022680686214497273,0.002704533154165307,-0.007964451857080392
1777967531499,24055.55,24050,-0.3333333333333333,24113.5,7.5,0.02571635412950113,0.07955041861754887,16.19627597229121,-0.0016283604011186927,-0.06823120918764808,3076.732100000001,11545.493050000008,-8468.76095,0.078130887686137,0.0036671801619473847,-0.010732777363874362
1777967547271,24056.25,24050,-0.3333333333333333,24112.966796875,8.900390625,0.06457958119396225,0.1772447578359918,16.196909414975366,-0.0016286582871978675,-0.06564215316007863,3076.732100000001,11545.493050000008,-8468.76095,0.09693630256588862,0.002790420013745663,-0.006043601071409893
1777967563370,24050.1,24050,0,24112.150390625,9.69921875,0.06862543276454268,0.07277172685440414,16.196909414975366,-0.0016286582871978675,-0.06564215316007863,3076.732100000001,11545.493050000008,-8468.76095,0.07323681967110379,0.00020709264507264897,-0.007923844287289374
1777967579099,24054.8,24050,-0.8,24110.0103515625,11.099609375,0.08177084876087923,0.19732090460594598,16.196909414975366,-0.0016286582871978675,-0.06564215316007863,3076.732100000001,11545.493050000008,-8468.76095,0.09568450963335563,0.000546573395406615,-0.007932684149392192
1777967596129,24051.8,24050,-0.3333333333333333,24111.533854166668,7.900390625,0.07224205784628669,0.3166499349942175,16.196909414975366,-0.0016286582871978675,-0.06564215316007863,3076.732100000001,11545.493050000008,-8468.76095,0.05353862780178379,-0.002479984980766989,-0.0037148468152616732
1777967612064,24050.8,24050,-0.6,24110.2,6,0.0632371576806464,0.2837794273035112,16.197437283878827,-0.0016282723893225727,-0.06822752133619461,3076.732100000001,11545.493050000008,-8468.76095,-0.014473501913830848,-0.002561898645856896,-0.003206032201076119
1777967629018,24054.15,24050,0.3333333333333333,24112.633463541668,7.099609375,0.026644182135262165,0.2705229761710492,16.197437283878827,-0.0016282723893225727,-0.06822752133619461,3076.732100000001,11545.493050000008,-8468.76095,0.025471426899838955,-0.002126459088751851,-0.005197296721157526
1777967644726,24054,24050,0,24108.349609375,4.5,-0.008236813263834691,0.06781019654211096,16.197437283878827,-0.0016282723893225727,-0.06822752133619461,3076.732100000001,11545.493050000008,-8468.76095,0.020083767864584434,-0.005284856234201687,-0.006751521187242563
1777967660902,24050.05,24050,0.75,24113.95068359375,14.80078125,0.007410559650186629,0.09779551032793739,16.197437283878827,-0.0016282723893225727,-0.06822752133619461,3076.732100000001,11545.493050000008,-8468.76095,-0.029241952023744702,-0.010156013274686508,-0.00450843051470395
1777967676538,24041.35,24050,-0.2,24106.36015625,8.400390625,-0.014945727774769367,-0.03213218618181362,16.197883942181758,-0.00305324746285225,-0.07037099316255903,3076.732100000001,11545.493050000008,-8468.76095,-0.03754443643930204,-0.01237766521091224,-0.007654805375049188
1777967692373,24041.45,24050,0.2,24105.740234375,7.900390625,-0.012389806272892717,0.09697364122336623,16.197883942181758,-0.00305324746285225,-0.07037099316255903,3076.732100000001,11545.493050000008,-8468.76095,-0.08201579292017358,-0.015121391320486937,-0.005962142627261475
1777967708043,24040.8,24050,0.14285714285714285,24105.514508928572,7.900390625,-0.029274581457305212,0.16929390008805595,16.197883942181758,-0.00305324746285225,-0.07037099316255903,3076.732100000001,11545.493050000008,-8468.76095,-0.07205830369429465,-0.010597293276403102,-0.00953195582821721
1777967723912,24034.2,24050,0,24093.1494140625,1.900390625,-0.04359118917634782,0.25618968727401575,16.197883942181758,-0.00305324746285225,-0.07037099316255903,3076.732100000001,11545.493050000008,-8468.76095,-0.08530539407924777,-0.011386014768044106,-0.007820486021283272
1777967739629,24033.85,24050,0,24093.9501953125,0.900390625,-0.047434068803291596,0.21468134270544814,16.198266792155696,-0.005951791243032605,-0.07033134176243416,3076.732100000001,11545.493050000008,-8468.76095,-0.06022431490977004,-0.01075643807933603,-0.007543749539782807
1777967756627,24033.15,24050,0.6,24098.219921875,8.900390625,-0.04547111412743787,0.20403912830226953,16.198266792155696,-0.005951791243032605,-0.07033134176243416,3076.732100000001,11545.493050000008,-8468.76095,-0.05337439618814318,-0.008653662320613502,-0.010585971276934857
1777967772240,24038.85,24050,-0.7142857142857143,24093.48604910714,7.599609375,-0.029790954829212436,0.4063711827086405,16.198266792155696,-0.005951791243032605,-0.07033134176243416,3076.732100000001,11545.493050000008,-8468.76095,-0.054835553485753245,-0.01428242862360229,-0.007375216098620831
1777967788041,24045.9,24050,0,24106.650390625,3.30078125,-0.03541375528051168,0.5653563974058927,16.198598595466443,-0.005954403828332468,-0.07036221425478231,3076.732100000001,11545.493050000008,-8468.76095,0.011877876131084812,-0.010232429789768096,-0.006662628612514802
1777967803550,24040.5,24050,0,24095.7001953125,7.400390625,-0.05476864738607871,0.23835462244456332,16.198598595466443,-0.005954403828332468,-0.07036221425478231,3076.732100000001,11545.493050000008,-8468.76095,-0.08482405833159161,-0.013394673702659671,-0.0020134813845473893
1777967819320,24041.75,24050,0.8461538461538461,24098.98497596154,5.400390625,-0.02014798026916075,0.37364538344780424,16.198598595466443,-0.005954403828332468,-0.07036221425478231,3076.732100000001,11545.493050000008,-8468.76095,-0.039668932338871435,-0.005708690192906715,-0.0018182197241683972
1777967835037,24045.8,24050,0.3333333333333333,24104.800130208332,9.30078125,-0.028954860944996268,0.2939838398469816,16.198598595466443,-0.005954403828332468,-0.07036221425478231,3076.732100000001,11545.493050000008,-8468.76095,-0.09677523390711598,-0.008752133198829433,-0.0020307063222480704
1777967850738,24044.1,24050,0.8,24104.4,6,-0.0062839857920362115,0.4171328610550497,16.19888892336335,-0.005954540029461846,-0.07036382372120804,3076.732100000001,11545.493050000008,-8468.76095,-0.11947118011203961,-0.006208956288369493,-0.0011871162707962565
1777967866728,24045.6,24050,0.3333333333333333,24101.06640625,1.30078125,-0.01299953584169686,0.3310124660069597,16.19888892336335,-0.005954540029461846,-0.07036382372120804,3076.732100000001,11545.493050000008,-8468.76095,-0.1125274433010082,-0.0065889441471090856,0.0009331623903602968
1777967883486,24047.45,24050,0,24107.400390625,3.19921875,0.05005191499011579,0.1518467337415862,16.19888892336335,-0.005954540029461846,-0.07036382372120804,3076.732100000001,11545.493050000008,-8468.76095,-0.1673322674123568,-0.013253012189358392,0.0015378649070698863
1777967900132,24046.2,24050,-0.3333333333333333,24106,6,0.08498943053935554,0.10160148893067991,16.19888892336335,-0.005954540029461846,-0.07036382372120804,3076.732100000001,11545.493050000008,-8468.76095,-0.2603933571675679,-0.011882423574118521,-9.24817964124806e-05
1777967915828,24031.45,24050,-0.3333333333333333,24100.333333333332,7,0.09512194321558784,0.06242717716857006,16.19914509503709,-0.005954341918728206,-0.07036148267913424,3076.732100000001,11545.493050000008,-8468.76095,-0.3228534716313956,-0.006555178559923252,0.0010731593978252963
1777967931892,24034.6,24050,0.42857142857142855,24099.571428571428,1.5,0.10641896202478093,0.13661344131687023,16.19914509503709,-0.005954341918728206,-0.07036148267913424,3076.732100000001,11545.493050000008,-8468.76095,-0.3227690490333305,-0.004786940823981368,-0.00025127567957080915
1777967947707,24032.9,24050,-0.3333333333333333,24093.999348958332,3.900390625,0.0874806850177091,0.027657990552900694,16.19914509503709,-0.005954341918728206,-0.07036148267913424,3076.732100000001,11545.493050000008,-8468.76095,-0.33396363341041996,-0.007383952107010071,0.001489558473349965
1777967963474,24038.75,24050,0,24095.25,3.5,0.10175509244034917,0.030504488141588362,16.19914509503709,-0.005954341918728206,-0.07036148267913424,3076.732100000001,11545.493050000008,-8468.76095,-0.28301707632718065,-0.004639649748453434,0.000996545148593121
1777967979358,24038.45,24050,-0.2,24096.81953125,5.30078125,0.11477186229481086,-0.030632197132041857,16.199372803191523,-0.005952596067888012,-0.07034085224585894,3076.732100000001,11545.493050000008,-8468.76095,-0.25850248683757765,-0.0086979471286328,2.360940051033491e-05
1777967995931,24041.95,24050,-0.6666666666666666,24095.499674479168,5.400390625,0.0976073330329463,0.0664269071036572,16.199372803191523,-0.005952596067888012,-0.07034085224585894,3076.732100000001,11545.493050000008,-8468.76095,-0.3689935460779843,-0.011829004655730878,0.002478731434742018
1777968011636,24039.5,24050,-0.3333333333333333,24097.733072916668,12.69921875,0.07178520646718779,0.07421201485128773,16.199372803191523,-0.005952596067888012,-0.07034085224585894,3076.732100000001,11545.493050000008,-8468.76095,-0.304967338352975,-0.005031927696086912,0.0011098660844547398
1777968027425,24033.35,24050,0.9545454545454546,24102.134854403408,7.30078125,0.0276286803554456,0.2235167215448334,16.199372803191523,-0.005952596067888012,-0.07034085224585894,3076.732100000001,11545.493050000008,-8468.76095,-0.28054408230155664,-0.0007925925783662559,-0.004217783226333143
1777968043306,24033.35,24050,0.8571428571428571,24103.35714285714,9,-0.022657488396488026,0.3402453674694046,16.19957654206654,-0.005951580750378113,-0.07032885440523076,3076.732100000001,11545.493050000008,-8468.76095,-0.1341284108699973,0.010696644687496716,-0.005978631637992331
1777968059137,24019.05,24050,-0.3333333333333333,24090.833333333332,8.5,-0.050207413341744694,0.19833667112448813,16.19957654206654,-0.005951580750378113,-0.07032885440523076,3076.732100000001,11545.493050000008,-8468.76095,-0.05138231855705071,0.004979656656513003,-0.0035012328227980887
1777968342108,24026.15,24050,-0.9259259259259259,24090.185185185186,5,0.013111486828524097,-0.42957931068510197,16.12414135805093,0.012366082264950536,-0.05904526324605698,2474.753449999998,11332.525099999999,-8857.771649999999,-0.534676504432221,-0.001905183328902754,0.013029287423464897
1777968357670,24024.45,24050,-0.9285714285714286,24087.285714285714,8,0.008069304537290161,-0.4913219952630622,16.12414135805093,0.012366082264950536,-0.05904526324605698,2474.753449999998,11332.525099999999,-8857.771649999999,-0.5989707869157976,-0.012229931951069186,0.0019082318168521448
1777968373326,24027.85,24050,-0.9230769230769231,24091.153846153848,4,0.006885116982564399,-0.4351404207180968,16.17117687241415,0.0024528810361349154,-0.06785496029035065,2474.753449999998,11332.525099999999,-8857.771649999999,-0.6173623253242612,-0.018587387752303237,0.0036046584043788353
1777968389285,24027.8,24050,-0.92,24091.16,4,0.00709394082774957,-0.2896613333816569,16.17117687241415,0.0024528810361349154,-0.06785496029035065,2474.753449999998,11332.525099999999,-8857.771649999999,-0.49447186863715353,-0.007392139415237473,-0.002392041692455749
1777968404823,24031.9,24050,-0.8333333333333334,24088.166666666668,2,0.003620652291201152,-0.0903569730131548,16.17117687241415,0.0024528810361349154,-0.06785496029035065,2474.753449999998,11332.525099999999,-8857.771649999999,-0.565277788726432,-0.008941044783707188,0.0009272807725330709
1777968420495,24044.5,24050,0.2,24098.780078125,2.80078125,0.013894126137116953,0.03416427727311141,16.17117687241415,0.0024528810361349154,-0.06785496029035065,2474.753449999998,11332.525099999999,-8857.771649999999,-0.49941197561563944,-0.009029340481879792,0.0007313342876162526
1777968437109,24043.9,24050,-0.8709677419354839,24101.862021169356,8.69921875,0.015225936684656834,0.32622433794439276,16.169557114832088,0.002455055879298863,-0.06791512378558479,2474.753449999998,11332.525099999999,-8857.771649999999,-0.40361760912574113,-0.0037903700822774448,-0.004184366677087866
1777968452788,24039.1,24050,0.3333333333333333,24103.233723958332,11,0.014251272955692939,0.2480376835966454,16.169557114832088,0.002455055879298863,-0.06791512378558479,2474.753449999998,11332.525099999999,-8857.771649999999,-0.2927628623558622,-0.0005398603352143982,-0.0016163330638389887
1777968468839,24039.05,24050,-0.5,24096.4248046875,9.69921875,0.02669977170865237,0.23937288830238418,16.169557114832088,0.002455055879298863,-0.06791512378558479,2474.753449999998,11332.525099999999,-8857.771649999999,-0.13589696033690424,-0.002575135718180781,-0.001276267571814886
1777968484537,24032.65,24050,0,24099.400390625,5.19921875,0.025739522955592457,0.24363394532390686,16.169557114832088,0.002455055879298863,-0.06791512378558479,2474.753449999998,11332.525099999999,-8857.771649999999,-0.10093766837043892,-0.004553126607281512,-0.0008558046752289172
1777968500182,24035.15,24050,0.3333333333333333,24099.333333333332,8,-0.004334858164528456,0.2995841672945178,16.169017195638066,0.002453861247138385,-0.06788207623186464,2474.753449999998,11332.525099999999,-8857.771649999999,0.02407648922087212,-0.0049832123765546,-0.0012021981042532573
1777968515992,24034,24050,-0.5,24095.5,6,0.011852614411655176,0.4592385260948002,16.169017195638066,0.002453861247138385,-0.06788207623186464,2474.753449999998,11332.525099999999,-8857.771649999999,-0.07039719399697676,-0.011655734496474928,-0.0035805760486154917
1777968531636,24037.95,24050,0,24097.5,5,0.009039860813404375,0.40020348416325013,16.169017195638066,0.002453861247138385,-0.06788207623186464,2474.753449999998,11332.525099999999,-8857.771649999999,-0.0317673594579142,-0.008841927294907959,-0.0017661240014555611
1777968547241,24037.2,24050,-0.2,24097.859765625,6.900390625,0.02909926564706603,0.5460436815590425,16.169017195638066,0.002453861247138385,-0.06788207623186464,2474.753449999998,11332.525099999999,-8857.771649999999,0.19669460021907056,-0.0006886590057951038,-0.002185462572001759
1777968562863,24036.8,24050,-0.5,24095.5,6,0.052092462993257316,0.5807090551629268,16.168747236041057,0.0024543258263119046,-0.06789492805831138,2474.753449999998,11332.525099999999,-8857.771649999999,0.11596491701763761,-0.010606761545002326,-0.0031928772312608887
1777968579738,24033.75,24050,0,24096,6,0.05427530016209551,0.5218667503759302,16.168747236041057,0.0024543258263119046,-0.06789492805831138,2474.753449999998,11332.525099999999,-8857.771649999999,0.16786804227147015,-0.003992702877130121,-0.003829369557781863
1777968595389,24037.75,24050,-0.6,24096.4796875,1.900390625,0.018600378001531234,0.1634192621324907,16.168747236041057,0.0024543258263119046,-0.06789492805831138,2474.753449999998,11332.525099999999,-8857.771649999999,0.147282805616954,-0.006648502581992304,-0.0016471055299915414
1777968612186,24039.05,24050,0.6363636363636364,24101.636363636364,2,0.053929640574213025,0.19996686126364854,16.16858526028285,0.0024546015106566305,-0.06790255441686217,2474.753449999998,11332.525099999999,-8857.771649999999,0.054556514444906876,-0.010632651186846791,-0.0035873955657857166
1777968627950,24044.95,24050,-0.9047619047619048,24102.762276785714,7.599609375,0.04436587030127453,0.23514788805739273,16.16858526028285,0.0024546015106566305,-0.06790255441686217,2474.753449999998,11332.525099999999,-8857.771649999999,-0.14917883359274398,-0.01507184563820005,-0.00031221624603583025
1777968643804,24044.85,24050,0.38461538461538464,24107.846153846152,7,0.029312261909279824,0.3854355627906877,16.16858526028285,0.0024546015106566305,-0.06790255441686217,2474.753449999998,11332.525099999999,-8857.771649999999,-0.18005738028390134,-0.003559047101248384,-0.0029534210892846065
1777968659661,24035.5,24050,0.6,24108.6,7,0.03748950357651073,0.4641021691691117,16.16858526028285,0.0024546015106566305,-0.06790255441686217,2474.753449999998,11332.525099999999,-8857.771649999999,-0.10348706012242263,0.002083440682680195,-0.007013844277909428
1777968676507,24040.95,24050,-0.45454545454545453,24111.363636363636,5,0.036663401106110854,0.5541831717022578,16.168477276444047,0.0024544024052965507,-0.06789704649124215,2474.753449999998,11332.525099999999,-8857.771649999999,-0.05387337157316246,0.0005684413675791468,-0.005845451787638162
1777968693092,24052.95,24050,-0.5,24110.5,6,0.022856693072343514,0.6078614673732021,16.168477276444047,0.0024544024052965507,-0.06789704649124215,2474.753449999998,11332.525099999999,-8857.771649999999,0.06732195765701669,0.005116874977950121,-0.005238978364635752
1777968708518,24050,24050,0.3333333333333333,24111.333333333332,11,-0.0006161890758728021,0.7047622974639101,16.168477276444047,0.0024544024052965507,-0.06789704649124215,2474.753449999998,11332.525099999999,-8857.771649999999,0.0626191684597629,0.0050413829867494795,-0.008057296790697761
1777968724388,24050.6,24050,-0.3333333333333333,24109.733072916668,7.900390625,0.03292352119523575,0.5574938807925823,16.168477276444047,0.0024544024052965507,-0.06789704649124215,2474.753449999998,11332.525099999999,-8857.771649999999,-0.03475225569111693,-5.243642966840203e-05,-0.00621961468146591
1777968740062,24051.05,24050,0,24110.900390625,7.80078125,0.03078384721071323,0.6432038513743931,16.168400145130615,0.006886265430623626,-0.06547315575225522,2474.753449999998,11332.525099999999,-8857.771649999999,-0.014569791359215845,0.005408444320101,-0.006603040553343761
1777968755489,24047.55,24050,0,24112.400390625,4.80078125,0.04452856773664635,0.643803854194176,16.168400145130615,0.006886265430623626,-0.06547315575225522,2474.753449999998,11332.525099999999,-8857.771649999999,-0.040209892386590194,0.003148553616888476,-0.006932109074516739
1777968771091,24043.45,24050,0.3333333333333333,24110.333333333332,5,0.023426522015435144,0.5897200218380569,16.168400145130615,0.006886265430623626,-0.06547315575225522,2474.753449999998,11332.525099999999,-8857.771649999999,0.028114342513321285,0.002490585169916744,-0.006753103255098905
1777968786901,24051.85,24050,0.3333333333333333,24115.06640625,9.099609375,0.018769414500430046,0.6586806289720908,16.168400145130615,0.006886265430623626,-0.06547315575225522,2474.753449999998,11332.525099999999,-8857.771649999999,0.024285513969359827,-4.480479631295495e-05,-0.0029465693241952314
1777968803722,24049.75,24050,-0.3333333333333333,24114.333333333332,7,0.009265628229305836,0.7567745114060483,16.16834229664554,0.005372565981914111,-0.06792910544292793,2474.753449999998,11332.525099999999,-8857.771649999999,0.028533899172008798,-0.0053920350687988216,-0.0060985944938185465
1777968819211,24041.8,24050,0.2,24113.8,3,-0.009999685330940752,0.5785988981970467,16.16834229664554,0.005372565981914111,-0.06792910544292793,2474.753449999998,11332.525099999999,-8857.771649999999,-0.05456537169422424,-0.011457423517511323,-0.0038602148063527457
1777968834733,24044.3,24050,0.5,24114.25,3,-0.008565690611515318,0.6231131764650709,16.16834229664554,0.005372565981914111,-0.06792910544292793,2474.753449999998,11332.525099999999,-8857.771649999999,-0.09836773919790782,-0.01007480587888517,-0.0018576316622848153
1777968851664,24044.7,24050,-0.8461538461538461,24108.53846153846,7,-0.00720272921260094,0.5377434829085095,16.168297303379372,0.002455091616158365,-0.06791611238761916,2474.753449999998,11332.525099999999,-8857.771649999999,-0.10854392861870941,-0.006085448180827299,-0.0027144945738170117
1777968867426,24043.55,24050,-0.3333333333333333,24111.666666666668,5,0.01832697377480888,0.5551486923242657,16.168297303379372,0.002455091616158365,-0.06791611238761916,2474.753449999998,11332.525099999999,-8857.771649999999,-0.2064491828410584,-0.0023323601504129966,-0.003736336146583763
1777968884209,24051.6,24050,-0.3333333333333333,24114.166666666668,6.5,0.04083640761423302,0.5388429610768611,16.168297303379372,0.002455091616158365,-0.06791611238761916,2474.753449999998,11332.525099999999,-8857.771649999999,-0.2526189950049317,-0.003896548660222018,-0.00030612366408734094
1777968900006,24051.75,24050,-0.42857142857142855,24112.571428571428,9,-0.012156372823348551,0.7791639221685354,16.168297303379372,0.002455091616158365,-0.06791611238761916,2474.753449999998,11332.525099999999,-8857.771649999999,-0.07043102679760778,0.005946948190350438,-0.005264245648400433
1777968916790,24060.5,24050,0,24117.849609375,4.30078125,0.04028626535250174,0.7535050336105841,16.16826130876644,0.006888284002655097,-0.06311802730583728,2474.753449999998,11332.525099999999,-8857.771649999999,-0.1511392431901237,-0.002405093384952684,-0.0022710183046343183
1777968932372,24057.65,24050,-0.7777777777777778,24113.711805555555,12.69921875,0.062156575877707856,0.7832157661814274,16.16826130876644,0.006888284002655097,-0.06311802730583728,2474.753449999998,11332.525099999999,-8857.771649999999,-0.180214815778825,0.0012389335470418972,0.00251746528429388
1777968947772,24050.65,24050,0.42857142857142855,24118.885881696428,8.80078125,0.03867832719907591,0.9665025516185038,16.16826130876644,0.006888284002655097,-0.06311802730583728,2474.753449999998,11332.525099999999,-8857.771649999999,-0.07783264823653102,0.008673942441224531,0.005421380638184164
1777968963210,24047.85,24050,0.5,24115.64990234375,9.400390625,0.016917048668598576,0.7254514586736772,16.16826130876644,0.006888284002655097,-0.06311802730583728,2474.753449999998,11332.525099999999,-8857.771649999999,-0.0032945882795062595,0.00953790527129691,0.0027752624330097155
1777968978974,24045.35,24050,0.9393939393939394,24113.63068181818,8.900390625,0.012734143053991008,0.6636691720987795,16.168231858628584,0.002455260089924586,-0.06792077294006686,2474.753449999998,11332.525099999999,-8857.771649999999,0.12713192596861667,0.009601708405931945,-0.0008885670435156771
1777968994834,24040.4,24050,0.2,24106.2,2,0.020046803478842405,0.5664432632427905,16.168231858628584,0.002455260089924586,-0.06792077294006686,2474.753449999998,11332.525099999999,-8857.771649999999,0.1448893370314693,-0.004405452663046831,0.0005261666125653207
1777969010614,24046.95,24050,-0.2727272727272727,24105.727272727272,2,0.01605216799465827,0.5631634714079956,16.168231858628584,0.002455260089924586,-0.06792077294006686,2474.753449999998,11332.525099999999,-8857.771649999999,-0.09233912176419318,-0.01439389514162758,0.001311017192434647
1777969026516,24047.9,24050,-0.2,24106.940234375,0.099609375,0.01524001861799084,0.4621845838970223,16.168231858628584,0.002455260089924586,-0.06792077294006686,2474.753449999998,11332.525099999999,-8857.771649999999,-0.12191020735215946,-0.0076157483468673424,-0.002154830104356204
1777969041569,24053.35,24050,0.3333333333333333,24116,9,0.0011529787205700629,0.5528041533020877,16.168207316847035,0.00537248779260741,-0.06792811684089359,2474.753449999998,11332.525099999999,-8857.771649999999,-0.15977014874372797,-0.017262396036561715,-0.003241025359674039
1777969057320,24050.25,24050,-0.5,24112.5,10,0.007469883373123139,0.6825980207491551,16.168207316847035,0.00537248779260741,-0.06792811684089359,2474.753449999998,11332.525099999999,-8857.771649999999,-0.09426753852579922,-0.01367549287496578,-0.00404958311056687
1777969072875,24050.5,24050,0.2,24113,5,0.003239320986926333,0.5516206660408814,16.168207316847035,0.00537248779260741,-0.06792811684089359,2474.753449999998,11332.525099999999,-8857.771649999999,-0.24365594549551592,-0.01803782688107814,0.0003267882554613431
1777969088703,24051.1,24050,-0.14285714285714285,24112.100167410714,4.900390625,-0.0025128829537013554,0.4480068697253663,16.168207316847035,0.00537248779260741,-0.06792811684089359,2474.753449999998,11332.525099999999,-8857.771649999999,-0.08682611700209793,-0.014519919479564403,-0.0035090245815855804
1777969104476,24050.55,24050,-0.09090909090909091,24115.41796875,8.400390625,-0.0051601962845467565,0.4774543591500319,16.16818655072419,0.00688658038512499,-0.0654761502730634,2474.753449999998,11332.525099999999,-8857.771649999999,-0.12589776393659668,-0.015164058200470867,-0.006585938589459314
1777969120284,24054.95,24050,-0.75,24111.774658203125,9.400390625,-0.010512766705444515,0.4157294780083692,16.16818655072419,0.00688658038512499,-0.0654761502730634,2474.753449999998,11332.525099999999,-8857.771649999999,-0.24530706721585882,-0.02352736384237578,-0.0063086300860038585
1777969136316,24050.5,24050,-0.75,24112.475341796875,8.599609375,-0.007803971643229051,0.5723971802759483,16.16818655072419,0.00688658038512499,-0.0654761502730634,2474.753449999998,11332.525099999999,-8857.771649999999,-0.4087684545925311,-0.024560058633992334,-0.006236866630508374
1777969151792,24050.35,24050,-0.3333333333333333,24113.600260416668,6.599609375,0.0013443762183942087,0.6215230360945165,16.16818655072419,0.00688658038512499,-0.0654761502730634,2474.753449999998,11332.525099999999,-8857.771649999999,-0.506696763639402,-0.02089461489150549,-0.005778670715210313
1777969167497,24047.75,24050,-0.3333333333333333,24112.06640625,4.400390625,0.005152303955054673,0.6286511124387008,16.16816875119032,0.006886150901714038,-0.06547206683559768,2474.753449999998,11332.525099999999,-8857.771649999999,-0.38183782859742205,-0.008990590601180277,-0.008499666373781908
1777969184131,24045.95,24050,0.6,24110.0796875,0.099609375,0.023025275122965497,0.5195222013119195,16.16816875119032,0.006886150901714038,-0.06547206683559768,2474.753449999998,11332.525099999999,-8857.771649999999,-0.1323563693834073,-0.00018769811632673782,-0.009926551379047775
1777969199898,24044.55,24050,0,24109,2,-0.0006825195115863677,0.39184705247636503,16.16816875119032,0.006886150901714038,-0.06547206683559768,2474.753449999998,11332.525099999999,-8857.771649999999,-0.0864637957735988,-0.011650682630679058,-0.009211809020456057
1777969215709,24049.05,24050,-0.5,24111.25,5,-0.01628262120654144,0.25505010439585085,16.168153324927633,0.005372465452805494,-0.06792783438316946,2474.753449999998,11332.525099999999,-8857.771649999999,-0.16420168059680407,-0.01394343164176789,-0.008052583885496054
1777969231466,24048.1,24050,0,24106.5,3,-0.018890277602920332,0.03758459315955264,16.168153324927633,0.005372465452805494,-0.06792783438316946,2474.753449999998,11332.525099999999,-8857.771649999999,-0.06421889054769023,-0.003629378692026636,-0.006794193918749616
1777969246982,24046,24050,-0.2,24106.2,3,-0.020294180948444884,-0.19931509921740437,16.168153324927633,0.005372465452805494,-0.06792783438316946,2474.753449999998,11332.525099999999,-8857.771649999999,-0.09303851854721358,-0.009004273826536412,-0.009305119798042471
1777969263193,24043.55,24050,-0.7647058823529411,24101.470588235294,4,-0.020031685216462168,-0.13125471434252967,16.168153324927633,0.005372465452805494,-0.06792783438316946,2474.753449999998,11332.525099999999,-8857.771649999999,-0.21408471844670238,-0.014836365156187968,-0.006599460127990321
1777969279045,24041.85,24050,-0.6363636363636364,24099.92791193182,6.19921875,-0.029828972441942856,-0.16033778575922122,16.168139826947783,0.0024549027213295713,-0.06791088691972323,2474.753449999998,11332.525099999999,-8857.771649999999,-0.413801121484459,-0.009015631938383069,-0.004680802400357644
1777969295140,24037.4,24050,-0.8709677419354839,24096.492817540322,12.30078125,-0.020841760118668406,-0.09788213011091428,16.168139826947783,0.0024549027213295713,-0.06791088691972323,2474.753449999998,11332.525099999999,-8857.771649999999,-0.22964805976347985,-0.00043218416615448764,-0.004496034378020572
1777971511830,24043.15,24050,-0.5,24103.97509765625,3.900390625,-0.025124798931517752,0.31199236628158267,16.00723058846979,0.0033869322079135584,-0.0725819878955839,3316.0660000000003,12388.021750000007,-9071.955750000001,0.3391482867219667,-0.004552360426710784,-0.005900946783046275
1777971527444,24043.45,24050,0.7272727272727273,24106.232155539772,4.900390625,-0.032270018012326394,0.6093527550455853,16.007230588469785,0.003386925164526909,-0.0725818369557442,3316.0660000000003,12388.021750000007,-9071.955750000001,0.362088807795486,-0.0016088792485645408,-0.004093050946271745
1777971542474,24050.2,24050,0.8260869565217391,24113.18257472826,9.400390625,-0.008414487331196131,0.6918573459240144,16.007230588469785,0.003386925164526909,-0.0725818369557442,3316.0660000000003,12388.021750000007,-9071.955750000001,0.4019121461199248,0.0035527543602732483,-0.0008591727496623528
1777971557716,24052.85,24050,-0.5,24111.2998046875,4.80078125,-0.01575159325698613,0.6782568116997035,16.007230588469785,0.003386925164526909,-0.0725818369557442,3316.0660000000003,12388.021750000007,-9071.955750000001,0.42421141732559675,0.006387746481132423,-0.0024100147808864152
1777971572963,24057.35,24050,0.7777777777777778,24115.344835069445,0.5,-0.01371029461309771,0.7284236701522632,16.007230588469785,0.003386925164526909,-0.0725818369557442,3316.0660000000003,12388.021750000007,-9071.955750000001,0.4217225494627955,-0.0017078449199778994,-0.00035136250731568114
1777971588208,24056.7,24050,-0.3333333333333333,24113.099609375,2.701171875,0.0029297524960814262,0.6782578375144911,16.007230588469785,0.008815574356488411,-0.06735842944806608,3316.0660000000003,12388.021750000007,-9071.955750000001,0.3402365187868485,-0.0067646767872471805,0.0016077870425202066
1777971604081,24058.75,24050,0.7142857142857143,24117.686104910714,1.5,0.005289722676051506,0.6939099329469052,16.007230588469785,0.008815574356488411,-0.06735842944806608,3316.0660000000003,12388.021750000007,-9071.955750000001,0.18447675745678316,-0.008786709219208053,0.001511737895889329
1777971619195,24058.45,24050,-0.8367346938775511,24117.244897959183,3,0.012111767481773505,0.5680359377208357,16.007230588469785,0.008815574356488411,-0.06735842944806608,3316.0660000000003,12388.021750000007,-9071.955750000001,0.10163189636026808,-0.013337919156825645,0.0007824236864331466
1777971634659,24052.65,24050,0.047619047619047616,24113.718843005954,7.099609375,0.011340620735751294,0.6865826724301597,16.007230588469785,0.008815574356488411,-0.06735842944806608,3316.0660000000003,12388.021750000007,-9071.955750000001,-0.000918766596453866,-0.00370184596570384,0.0023238298131280965
1777971650492,24037.25,24050,0.6,24098.5203125,4.400390625,-0.011171685847122106,0.7188356946095855,16.007230588469785,0.003387030815326649,-0.07258410105333965,3316.0660000000003,12388.021750000007,-9071.955750000001,-0.022028481922626134,-0.0027891612016095325,0.0008821781017153854
1777971666338,24046,24050,0.3333333333333333,24104.999348958332,11.099609375,0.0304671710207896,0.8204594994756524,16.007230588469785,0.003387030815326649,-0.07258410105333965,3316.0660000000003,12388.021750000007,-9071.955750000001,-0.12859477037263667,-0.00638343936548579,0.0017670565062543767
1777971682083,24046.35,24050,-0.16666666666666666,24106.625162760418,3.900390625,0.028112601673797102,0.7747206894576806,16.007230588469785,0.003387030815326649,-0.07258410105333965,3316.0660000000003,12388.021750000007,-9071.955750000001,-0.18089358047038923,-0.007346321944976877,0.0011310735211343735
1777971698085,24044.35,24050,0.7857142857142857,24107.14285714286,8,0.022903076720930258,0.5535314975902907,16.007230588469785,0.003387030815326649,-0.07258410105333965,3316.0660000000003,12388.021750000007,-9071.955750000001,-0.09329416789859991,0.001619275220906408,-0.0012923706363039157
1777971714025,24043.6,24050,0.9473684210526315,24107.692485608553,7.900390625,-0.02503080029370858,0.5636736024842015,16.007230588469785,0.0033868969909803116,-0.0725812331963854,3316.0660000000003,12388.021750000007,-9071.955750000001,0.07460306657868984,-0.0019272730890238744,-0.005237720079285531
1777971729131,24044.95,24050,0.7142857142857143,24106.785993303572,7.80078125,-0.02189882284168272,0.3818442615103365,16.007230588469785,0.0033868969909803116,-0.0725812331963854,3316.0660000000003,12388.021750000007,-9071.955750000001,0.11920709659499724,-0.004896098971625555,-0.0062102176342810796
1777971744959,24047.9,24050,-0.9354838709677419,24101.1935483871,6,-0.020409156580877982,0.3646236993617236,16.007230588469785,0.0033868969909803116,-0.0725812331963854,3316.0660000000003,12388.021750000007,-9071.955750000001,0.13137588664203384,-0.007764159527479383,-0.010401907241362984
1777971760870,24046.05,24050,-0.5,24101.82421875,6.5,-0.021171899482092933,0.6221233599892924,16.007230588469785,0.0033868969909803116,-0.0725812331963854,3316.0660000000003,12388.021750000007,-9071.955750000001,0.06515000825090653,0.0027140382551042457,-0.005136082211775538
1777971776754,24044.25,24050,-0.6,24102.6,3,-0.031628096305973054,0.5524777009534126,16.007230588469785,0.0033867279497007273,-0.07257761064023269,3316.0660000000003,12388.021750000007,-9071.955750000001,0.02743022342564677,-0.0013600897933600635,-0.005333779820229265
1777971792533,24046.6,24050,-0.5555555555555556,24104.155381944445,0.69921875,-0.04614727595599157,0.5078564220457275,16.007230588469785,0.0033867279497007273,-0.07257761064023269,3316.0660000000003,12388.021750000007,-9071.955750000001,-0.0728330582823329,-0.003340291098661626,-0.006557788893880022
1777971808267,24046.85,24050,0.4857142857142857,24103.742857142857,1,-0.041081455183094,0.40126144063558067,16.007230588469785,0.0033867279497007273,-0.07257761064023269,3316.0660000000003,12388.021750000007,-9071.955750000001,-0.010563073106369631,0.004816138969671306,-0.004273597915057516
1777971824093,24044.1,24050,0.35135135135135137,24103.675675675677,1,-0.034870038135999745,0.2637686059826523,16.007230588469785,0.0033867279497007273,-0.07257761064023269,3316.0660000000003,12388.021750000007,-9071.955750000001,0.0902589333414071,0.006842422643791835,-0.0018019721161936578
1777971839907,24034.95,24050,0.6190476190476191,24101.55738467262,1.80078125,-0.045892857713843535,0.2870222427946244,16.007230588469785,0.0033867772534072723,-0.07257866721911056,3316.0660000000003,12388.021750000007,-9071.955750000001,0.18418214893792037,0.009535941431447908,-0.005197660333225903
1777971855729,24033.3,24050,0.48717948717948717,24101.43865184295,1.80078125,-0.04461243112136759,0.12692137212465682,16.007230588469785,0.0033867772534072723,-0.07257866721911056,3316.0660000000003,12388.021750000007,-9071.955750000001,0.266355539178415,0.0075409993083901125,-0.0045446136539086125
1777971871479,24030.35,24050,0.08333333333333333,24092.654378255207,4.900390625,-0.06069427893638661,0.11614747579937149,16.007230588469785,0.0033867772534072723,-0.07257866721911056,3316.0660000000003,12388.021750000007,-9071.955750000001,0.31531900515195155,0.0045322902829331106,-0.0022724924534898573
1777971888335,24030.45,24050,0,24087.9501953125,5.900390625,-0.06825243179322295,0.022483739257624927,16.007230588469785,0.0033867772534072723,-0.07257866721911056,3316.0660000000003,12388.021750000007,-9071.955750000001,0.0825362351556266,-0.00507512949359879,-0.0009072166227011551
1777971904098,24037.3,24050,0,24092.9501953125,4.099609375,-0.06036686984593887,0.1357081558703853,16.007230588469785,0.0033852840554376104,-0.07254666797309481,3316.0660000000003,12388.021750000007,-9071.955750000001,0.005119096699906402,0.0022951187725117487,-0.004948434193804396
1777971920191,24044.6,24050,0,24096.2001953125,9.599609375,-0.055444783216180134,0.13934780116256348,16.007230588469785,0.0033852840554376104,-0.07254666797309481,3316.0660000000003,12388.021750000007,-9071.955750000001,0.07947163621498478,0.01244045047074407,-0.002951903179916758
1777971935901,24041.9,24050,-0.6666666666666666,24093.750651041668,8.69921875,-0.046175893000587886,0.14577856869965158,16.007230588469785,0.0033852840554376104,-0.07254666797309481,3316.0660000000003,12388.021750000007,-9071.955750000001,0.034635848068229794,-0.005450719501584336,-0.003971495896707699
1777971951752,24034.4,24050,0.3333333333333333,24095.799479166668,8.400390625,-0.054015840442940305,0.1490066456825199,16.007230588469785,0.0033852840554376104,-0.07254666797309481,3316.0660000000003,12388.021750000007,-9071.955750000001,0.11616159907674646,0.005577389208857565,-0.002206733450225732
1777971967737,24034.6,24050,0.2222222222222222,24090.828016493055,7.900390625,-0.06363379444624863,-0.08215184922643334,16.007230588469785,0.0033856714417033248,-0.07255496966427814,3316.0660000000003,12388.021750000007,-9071.955750000001,0.2294947444985408,0.008516511779202212,-0.004962766001212832
1777971983784,24034.3,24050,-0.75,24086.85009765625,6.80078125,-0.07802939061696278,0.026822377844870706,16.007230588469785,0.0033856714417033248,-0.07255496966427814,3316.0660000000003,12388.021750000007,-9071.955750000001,0.10003719063785406,-0.005172648612132894,-0.005494571894272718
1777972000613,24036.3,24050,-0.5,24091.625,6.5,-0.07673718240235312,0.20680027232676437,16.007230588469785,0.0033856714417033248,-0.07255496966427814,3316.0660000000003,12388.021750000007,-9071.955750000001,-0.025446037812073885,0.004271260331369146,-0.000507323834193819
1777972017666,24040.5,24050,-0.6666666666666666,24088.7666015625,10.599609375,-0.07225014029871761,0.20299629355630397,16.007230588469785,0.003386608212127688,-0.07257504466295783,3316.0660000000003,12388.021750000007,-9071.955750000001,0.0008716060478609298,0.008560633138361237,0.0008418192899461647
1777972032802,24036.75,24050,-0.3333333333333333,24091.833333333332,8.5,-0.07100187154072743,0.2608168474164788,16.007230588469785,0.003386608212127688,-0.07257504466295783,3316.0660000000003,12388.021750000007,-9071.955750000001,-0.04523586776773886,0.006061383615763583,0.0004516936033930905
1777972048805,24035.65,24050,-0.5,24091.02490234375,8.099609375,-0.05703870238473619,0.22915872612774502,16.007230588469785,0.003386608212127688,-0.07257504466295783,3316.0660000000003,12388.021750000007,-9071.955750000001,0.06030644283416697,0.009434154060713807,-0.0012170852994819294
1777972064263,24030.45,24050,-0.5,24087.52490234375,6.099609375,-0.0706952942576739,0.1726924798346603,16.007230588469785,0.003386608212127688,-0.07257504466295783,3316.0660000000003,12388.021750000007,-9071.955750000001,0.1181500125350272,0.015753606530731018,0.00011802463288465214
1777972080199,24026.95,24050,-0.6666666666666666,24086.666666666668,4,-0.09018571818378734,0.04872448998099304,16.007230588469785,0.003385037536904883,-0.0725413850787054,3316.0660000000003,12388.021750000007,-9071.955750000001,0.08789775583684,0.00660434629620894,0.002274134138792966
1777972097023,24034.25,24050,0.6,24090.8,6,-0.0751953285013812,0.1345028065766684,16.007230588469785,0.003385037536904883,-0.0725413850787054,3316.0660000000003,12388.021750000007,-9071.955750000001,0.17161928803754437,0.014416818078210235,0.002224415329358619
1777972112698,24023.45,24050,-0.7142857142857143,24087.657087053572,4.599609375,-0.07275216000049539,0.12988720138550813,16.007230588469785,0.003385037536904883,-0.0725413850787054,3316.0660000000003,12388.021750000007,-9071.955750000001,0.24469304039801465,0.006485601879941431,0.0014999022579165523
1777972128240,24019.8,24050,0.3333333333333333,24089.266927083332,4.900390625,-0.06335075156077295,0.2929399154862106,16.007230588469785,0.003385037536904883,-0.0725413850787054,3316.0660000000003,12388.021750000007,-9071.955750000001,0.23545249562637466,0.002534644538736302,0.003817323124928194
1777972144169,24021.7,24050,-0.5,24086.60009765625,6.400390625,-0.06295775494484283,0.46146681534973416,16.007230588469785,0.01393201862067569,-0.06237774212523894,3027.1247500000018,12440.5905,-9413.465749999998,0.23084833179831235,0.006582172544052803,0.007650625714838283
1777972160012,24028,24050,-0.2,24089,10,-0.053711777944804716,0.4712201409236394,16.007230588469785,0.01393201862067569,-0.06237774212523894,3027.1247500000018,12440.5905,-9413.465749999998,0.30048839813065975,0.008911428896595101,0.002643603513778145
1777972176893,24037.8,24050,-0.6,24088.2,11,-0.040107485372467125,0.48737282336597537,16.007230588469785,0.01393201862067569,-0.06237774212523894,3027.1247500000018,12440.5905,-9413.465749999998,0.25551634342305796,-0.0002642691515077118,0.003779382076489938
1777972193635,24035.1,24050,-0.5,24091.8251953125,7.30078125,-0.042612501299735886,0.49364764927389676,16.007230588469785,0.01393201862067569,-0.06237774212523894,3027.1247500000018,12440.5905,-9413.465749999998,0.16353950611141255,0.007531381266001809,0.0026551265757341655
1777972209606,24028.15,24050,0,24094.9501953125,5.900390625,-0.0337243646801839,0.45233102805362124,16.007230588469785,0.013940341454972341,-0.06241500590054979,3027.1247500000018,12440.5905,-9413.465749999998,0.2193429337893781,0.00922075443980453,0.0020852879333881466
1777972226531,24025.25,24050,0.8,24092.679296875,5.19921875,-0.034555375001549295,0.3392699385074936,16.007230588469785,0.013940341454972341,-0.06241500590054979,3027.1247500000018,12440.5905,-9413.465749999998,0.3600981892521971,0.019902082314462676,-0.0019885025560725444
1777972242358,24033.3,24050,-0.967741935483871,24090.16129032258,10,0.0034448747208019074,0.5296446366543337,16.007230588469785,0.013940341454972341,-0.06241500590054979,3027.1247500000018,12440.5905,-9413.465749999998,0.19338410795798427,0.0025939513408359785,-0.0031583715080566598
1777972258328,24032.8,24050,0.42857142857142855,24096.528738839286,11.80078125,0.008262087086978715,0.5647951721753598,16.000238294249943,0.01393863048903679,-0.06240734540318623,3027.1247500000018,12440.5905,-9413.465749999998,0.22788298598701887,0.009854976336574551,-0.0008317386825053588
1777972274390,24033,24050,0.6666666666666666,24098.300455729168,9.599609375,0.009732866562788964,0.662910736904632,16.000238294249943,0.01393863048903679,-0.06240734540318623,3027.1247500000018,12440.5905,-9413.465749999998,0.1952284264583169,0.01474306072350459,1.5845836925854484e-05
1777972291283,24031.6,24050,-0.8,24091.270703125,9.69921875,0.032526676195338534,0.4687472274974923,16.000238294249943,0.01393863048903679,-0.06240734540318623,3027.1247500000018,12440.5905,-9413.465749999998,0.17713937794521714,0.013332143130311686,-0.00103576867626672
1777972307325,24035.85,24050,-0.75,24092.112548828125,8.900390625,0.025993260209245535,0.37079013343690875,16.000238294249943,0.01393863048903679,-0.06240734540318623,3027.1247500000018,12440.5905,-9413.465749999998,0.08465481496230667,0.01194948099341111,-0.00503558794853565
1777972324354,24035.8,24050,-0.125,24094.893920898438,8.900390625,0.03114643387371869,0.3887821078460361,16.000238294249943,0.013940254456704434,-0.0624146163837347,3027.1247500000018,12440.5905,-9413.465749999998,0.12592414905981114,0.012344960341849127,-0.007646253172950333
1777972340006,24036.9,24050,-0.7142857142857143,24095.700055803572,4.900390625,0.0008508159955361015,0.2457666157840209,16.000238294249943,0.013940254456704434,-0.0624146163837347,3027.1247500000018,12440.5905,-9413.465749999998,0.21549735190043048,0.01080929416286598,-0.008212237767597727
1777972355226,24043.35,24050,0,24097.75,4.5,0.02314588323381631,0.34813652361447006,16.000238294249943,0.013940254456704434,-0.0624146163837347,3027.1247500000018,12440.5905,-9413.465749999998,0.29254290937350047,0.009953195326129097,-0.005487396780164325
1777972371163,24042.15,24050,0.25,24101.525390625,13,0.0134720441775207,0.2700948785342159,16.000238294249943,0.013940254456704434,-0.0624146163837347,3027.1247500000018,12440.5905,-9413.465749999998,0.28122635178052596,0.004618224368653147,-0.0034395908574575917
1777972387055,24044.95,24050,-0.6,24105.4,2,0.02517631979980767,0.44782964314473733,16.000238294249943,0.010762059388754212,-0.06272462666856597,3868.2026500000015,12880.3181,-9012.11545,0.05169046624317728,-0.006697546559216211,0.00017533535190089212
1777972402962,24046.6,24050,0.7142857142857143,24106.456473214286,1.69921875,0.023851951807842317,0.6327709195222306,16.000238294249943,0.010762059388754212,-0.06272462666856597,3868.2026500000015,12880.3181,-9012.11545,0.08250262073678352,0.007900671135000092,0.001685759378520471
1777972419003,24044.7,24050,0.7777777777777778,24105.088541666668,0.099609375,0.03162701099642738,0.5357571509101743,16.000238294249943,0.010762059388754212,-0.06272462666856597,3868.2026500000015,12880.3181,-9012.11545,0.2939511457078564,0.004710630086870965,-0.0005714085788779985
1777972435772,24046.7,24050,-0.8333333333333334,24105.166666666668,2,0.02226110220482362,0.3719300115326329,16.000238294249943,0.010762059388754212,-0.06272462666856597,3868.2026500000015,12880.3181,-9012.11545,0.24840807673648505,0.0001647748062565881,7.722275856536913e-05
1777972452767,24044.05,24050,-0.14285714285714285,24103.200334821428,6.30078125,0.02390963874782041,0.36438485141962856,16.000238294249943,0.010761499932456816,-0.06272136598340118,3868.2026500000015,12880.3181,-9012.11545,0.15271391546018961,0.004676839377632901,-0.0034141484663132477
1777972469619,24038.05,24050,-0.5,24098.22509765625,8.900390625,0.02352755092357165,0.3452392930763163,16.000238294249943,0.010761499932456816,-0.06272136598340118,3868.2026500000015,12880.3181,-9012.11545,0.21339374989849294,0.007012451494499785,-0.0010160497591784725
1777972485252,24042.25,24050,-0.8461538461538461,24101.69200721154,7.701171875,0.031681913504390126,0.22035563650303336,16.000238294249943,0.010761499932456816,-0.06272136598340118,3868.2026500000015,12880.3181,-9012.11545,-0.010191650991072256,-0.004393089080031062,-0.0006473195340549714
1777972502170,24041.55,24050,0,24105.25,6.5,0.015237228506380747,0.2965193878881975,16.000238294249943,0.010760739071892355,-0.06271693145157704,3868.2026500000015,12880.3181,-9012.11545,-0.047140771261566836,0.0009905570320537659,0.00392502524795554
1777972518878,24042.1,24050,-0.6,24103.3,6.5,0.010005263676763241,0.20923583985474564,16.000238294249943,0.010760739071892355,-0.06271693145157704,3868.2026500000015,12880.3181,-9012.11545,-0.03908648530058068,-0.0021039529577556496,0.002319975713819377
1777972534702,24045.1,24050,-0.3333333333333333,24105.133463541668,9.400390625,-0.003846482011934233,0.12011152993545939,16.000238294249943,0.010760739071892355,-0.06271693145157704,3868.2026500000015,12880.3181,-9012.11545,0.03705588735353189,0.003639694754549293,0.0006167531489906581
1777972550224,24035.5,24050,0,24098.25,6.5,-0.03165717090977159,0.18777956142443664,16.000238294249943,0.010760739071892355,-0.06271693145157704,3868.2026500000015,12880.3181,-9012.11545,0.08088324323433706,0.012471224767251455,2.722230318246151e-05
1777972565959,24034,24050,-0.45454545454545453,24093.590909090908,9.5,-0.00815407277143419,0.14308349474185675,16.000238294249943,0.01075664385179541,-0.06269306323617073,3868.2026500000015,12880.3181,-9012.11545,0.1200564936398028,-0.0018707028422180767,-0.00556218802049073
1777972582232,24034.9,24050,0.2,24098.540234375,5.900390625,0.001269547121897405,0.17730673195349478,16.000238294249943,0.01075664385179541,-0.06269306323617073,3868.2026500000015,12880.3181,-9012.11545,0.06265861079708376,-0.0003813420730770063,-0.004710995094965757
1777972597818,24035.1,24050,0,24097.5,5,0.0036834547911097845,0.26187548451142684,16.000238294249943,0.01075664385179541,-0.06269306323617073,3868.2026500000015,12880.3181,-9012.11545,0.0779866708881572,-0.0006456472319571085,-0.0026936734017800343
1777972614424,24022.75,24050,0.5,24092.4755859375,3.30078125,-0.04448749363991495,0.19188679384015692,16.000238294249943,0.01075664385179541,-0.06269306323617073,3868.2026500000015,12880.3181,-9012.11545,0.13561999647976142,0.002271170172528064,-0.004261255245458258
1777972630472,24021.5,24050,0.7142857142857143,24091.14285714286,6,-0.018663146668425872,0.11875673667724827,16.000238294249943,0.01075122831483661,-0.06266149980377547,3868.2026500000015,12880.3181,-9012.11545,0.08954794818800041,-0.003153764818356678,-0.0029263813747553687
1777972646395,24017.2,24050,-0.5,24087.60009765625,6.400390625,-0.03904106259082691,0.19341615516115665,16.000238294249943,0.01075122831483661,-0.06266149980377547,3868.2026500000015,12880.3181,-9012.11545,0.10859121072429416,-0.0018661228390501744,-0.001537329823159107
1777972663023,24027.8,24050,-0.23809523809523808,24091.181733630954,11.5,-0.04535413632922714,0.23125033306355808,16.000238294249943,0.01075122831483661,-0.06266149980377547,3868.2026500000015,12880.3181,-9012.11545,0.17753225038592393,-0.0023871253880048543,-0.0008121659196176517
1777972678615,24032.9,24050,-0.9642857142857143,24090.178571428572,10,-0.03112319485404752,0.27462098210169805,16.000238294249943,0.01075122831483661,-0.06266149980377547,3868.2026500000015,12880.3181,-9012.11545,-0.022103155493436475,-0.010816975695352886,0.00045525080400923547
1777972694327,24025.05,24050,-0.8461538461538461,24088.56926081731,7.400390625,-0.04632876632071856,0.3418225735374007,15.96948083782612,0.010755278778429763,-0.06268510716436862,3868.2026500000015,12880.3181,-9012.11545,-0.042744589353928185,-0.006596988508224476,0.0013500287840652566
1777972710085,24020.4,24050,0.9166666666666666,24091.708333333332,7,-0.05696899727298425,0.47879685249111015,15.96948083782612,0.010755278778429763,-0.06268510716436862,3868.2026500000015,12880.3181,-9012.11545,0.00768227946818039,-0.0006559858492409731,-0.002519592272076803
1777972725828,24028.15,24050,-0.09090909090909091,24092.33611505682,10.201171875,-0.01729399977120941,0.33436583714076085,15.96948083782612,0.010755278778429763,-0.06268510716436862,3868.2026500000015,12880.3181,-9012.11545,0.007795813676894084,-0.007744076747734058,0.0033337322483364303
1777972741454,24027.5,24050,0.7142857142857143,24094.30078125,10.5,-0.03840852952381809,0.1825080002254818,15.96948083782612,0.010755278778429763,-0.06268510716436862,3868.2026500000015,12880.3181,-9012.11545,0.016551538278150667,-0.00648693967122988,0.003942239838394675
1777972756959,24027.4,24050,0.7142857142857143,24094.04296875,10.19921875,-0.04260297452619087,0.21792148893239008,15.96948083782612,0.010754025596323593,-0.06267780322959947,3868.2026500000015,12880.3181,-9012.11545,-0.10259176639178999,-0.010778642911019765,0.0045200474075853285
1777972772890,24027.25,24050,0.6666666666666666,24093.833658854168,9.400390625,-0.04600467509561972,0.3424709809237484,15.96948083782612,0.010754025596323593,-0.06267780322959947,3868.2026500000015,12880.3181,-9012.11545,-0.07910596766240277,-0.006091850132780069,0.0010490906783904039
1777972788497,24027.95,24050,0.6666666666666666,24093.5,9,-0.003446647878005098,0.4040136850477418,15.96948083782612,0.010754025596323593,-0.06267780322959947,3868.2026500000015,12880.3181,-9012.11545,-0.07263889373945304,-0.0025195771633270136,0.0016212763434142038
1777972804152,24025.2,24050,0.42857142857142855,24090.97098214286,11.298828125,0.009692938549631885,0.48036729138736656,15.960467042153315,0.010752839548973114,-0.0626708905770501,3868.2026500000015,12880.3181,-9012.11545,-0.12573229754605145,-0.0030997385990563816,-0.003610557623020226
1777972819878,24027.5,24050,0.23076923076923078,24089.923076923078,8,0.029524233174165665,0.33218428058414917,15.960467042153315,0.010752839548973114,-0.0626708905770501,3868.2026500000015,12880.3181,-9012.11545,-0.13796652289660286,-0.006410293670288226,-0.0021326980552834164
1777972835730,24030.1,24050,-0.5294117647058824,24088.269990808825,8.80078125,0.034674099762148206,0.3885498341400632,15.960467042153315,0.010752839548973114,-0.0626708905770501,3868.2026500000015,12880.3181,-9012.11545,-0.10707630737469236,-0.003161938857182849,-0.0038725543217923808
1777972851232,24031.9,24050,-0.45454545454545453,24088.59943181818,8.80078125,0.020635671434830628,0.3207986246465807,15.960467042153315,0.010752839548973114,-0.0626708905770501,3868.2026500000015,12880.3181,-9012.11545,-0.21164834747505287,-0.00973615079538113,-0.0051365214807411
1777972866851,24027.8,24050,0.25,24090.662353515625,8.900390625,0.04194846234240428,0.4010779332100618,15.960467042153315,0.010754003218071698,-0.06267767280219287,3868.2026500000015,12880.3181,-9012.11545,-0.04099996609185993,0.0007085681887772306,-0.003980301519940455
1777972882582,24025,24050,0.14285714285714285,24089.257254464286,10.6015625,-0.023583187543829848,0.3190273828662143,15.960467042153315,0.010754003218071698,-0.06267767280219287,3868.2026500000015,12880.3181,-9012.11545,-0.05906769476345451,-0.0022846084711103513,0.000642960537421447
1777972898423,24027.3,24050,-0.5652173913043478,24084.813349184784,11.099609375,-0.03438268728141789,0.26964997703199134,15.960467042153315,0.010754003218071698,-0.06267767280219287,3868.2026500000015,12880.3181,-9012.11545,-0.09321826210332071,-0.007650488449341381,-0.002921590739429401
1777972914357,24028.95,24050,0.14285714285714285,24087.314453125,8.599609375,-0.030287877917430102,0.32453313679354207,15.960467042153315,0.010754003218071698,-0.06267767280219287,3868.2026500000015,12880.3181,-9012.11545,-0.20078851303414438,-0.005131178298747845,-0.00035904415040859203
1777972929814,24031.2,24050,0,24090.7001953125,8.599609375,-0.00997216391934071,0.312898388801131,15.960467042153315,0.010755054995910805,-0.0626838028903027,3868.2026500000015,12880.3181,-9012.11545,-0.13818183045766227,0.004898783715505898,-0.0036415762840569126
1777972945056,24029.9,24050,0.7142857142857143,24094.027901785714,11.69921875,-0.020857591536126756,0.24452524232751488,15.960467042153315,0.010755054995910805,-0.0626838028903027,3868.2026500000015,12880.3181,-9012.11545,-0.06027187559203959,-0.00045906276053081166,-0.004863474614109789
1777972961006,24028.2,24050,0,24089.75,10.5,-0.02486132955671586,0.24012269209672815,15.960467042153315,0.010755054995910805,-0.0626838028903027,3868.2026500000015,12880.3181,-9012.11545,-0.044681706337756685,-0.004640226220021065,-0.0025901735792318386
1777972976913,24011.45,24050,-0.3333333333333333,24078,3,-0.04825144734301223,0.15100899052934344,15.960467042153315,0.010755054995910805,-0.0626838028903027,3868.2026500000015,12880.3181,-9012.11545,-0.027696740511173462,-0.00767573525392427,-0.0004359970447541614
1777972992617,24017.1,24050,-0.38461538461538464,24079.107421875,11.400390625,-0.03369454262948367,0.2994031895813108,15.820176403203908,0.010747155472991562,-0.06263776201577574,3868.2026500000015,12880.3181,-9012.11545,-0.04112959693529043,-0.008464933913181453,-0.002281446269885942
1777973008152,24009.45,24050,-0.2549019607843137,24075.35661764706,7.400390625,-0.04105967967339637,0.3106147347614834,15.820176403203908,0.010747155472991562,-0.06263776201577574,3868.2026500000015,12880.3181,-9012.11545,-0.06781028312039683,-0.004728570134596972,-0.0033145151315655728
1777973025065,24002.5,24050,-0.8461538461538461,24070.39197716346,3.80078125,-0.05170649706473645,0.26361566930754543,15.820176403203908,0.010747155472991562,-0.06263776201577574,3868.2026500000015,12880.3181,-9012.11545,0.09552346173054103,0.0052468915272058225,-0.004475819216925889
1777973041651,24009.05,24050,0,24073.349609375,11.30078125,-0.03152314647704515,0.32977986221911554,15.820176403203908,0.010747155472991562,-0.06263776201577574,3868.2026500000015,12880.3181,-9012.11545,0.04183351762007269,-0.0012807155357667211,-0.0017704321470716627
1777973057397,24012.85,24050,0.3333333333333333,24075.8671875,9.099609375,-0.028339420910192745,0.3760890892171087,15.799807224731646,0.01074673028620554,-0.06263528389505049,3868.2026500000015,12880.3181,-9012.11545,0.06433605727143443,0.0017449496093033682,-0.0017763306772906099
1777973072996,24015.65,24050,0.42857142857142855,24081.428571428572,12.5,-0.016589967041330037,0.3638663993656904,15.799807224731646,0.01074673028620554,-0.06263528389505049,3868.2026500000015,12880.3181,-9012.11545,0.09908638165857052,0.007845133639100294,0.005323540944644189
1777973088725,24018.1,24050,-0.5,24078.02490234375,11.701171875,0.016596877290695835,0.4202568373391846,15.799807224731646,0.01074673028620554,-0.06263528389505049,3868.2026500000015,12880.3181,-9012.11545,0.14922187215668714,0.0030391266745594006,-0.00026154162138087455
1777973104466,24021.75,24050,0.6,24086.86015625,10.201171875,0.044723658783174414,0.39608413249455166,15.799807224731646,0.01074673028620554,-0.06263528389505049,3868.2026500000015,12880.3181,-9012.11545,0.15702725421774283,-0.0038578227732518878,0.0012071377992216006
1777973119946,24020.7,24050,0.1111111111111111,24081.333550347223,11.400390625,0.035158854825485066,0.35441864338970297,15.79603515464419,0.010751250693088507,-0.06266163023118207,3868.2026500000015,12880.3181,-9012.11545,-0.025370438482819183,-0.015069583036594406,0.0026554888837472777
1777973135537,24025.15,24050,0.8181818181818182,24086.95490056818,10.400390625,0.02291964970075311,0.4275881195310455,15.79603515464419,0.010751250693088507,-0.06266163023118207,3868.2026500000015,12880.3181,-9012.11545,-0.012901809165209154,-0.005378923572775574,0.001897936197487865
1777973152519,24024.25,24050,0,24083.650390625,10.69921875,0.06913738054977925,0.54427658119213,15.79603515464419,0.010751250693088507,-0.06266163023118207,3868.2026500000015,12880.3181,-9012.11545,0.08801810299344774,-0.0034430644440042553,0.0022633423362580633
1777973168354,24025,24050,-0.3333333333333333,24081.300130208332,11.400390625,0.05263213786039231,0.5677057766773195,15.793017498574226,0.010752235336171924,-0.06266736903707211,3868.2026500000015,12880.3181,-9012.11545,0.03809342907676162,-0.005132077199668238,2.655957209540704e-05
1777973184234,24026.7,24050,0.8888888888888888,24086.5888671875,7.400390625,0.07176133476657545,0.5345390507061248,15.793017498574226,0.010752235336171924,-0.06266736903707211,3868.2026500000015,12880.3181,-9012.11545,-0.00098743313325335,0.0032988086391257236,0.005563623084328135
1777973199954,24025.25,24050,-0.45454545454545453,24083.009765625,13.599609375,0.11869821308609846,0.49987453313057406,15.793017498574226,0.010752235336171924,-0.06266736903707211,3868.2026500000015,12880.3181,-9012.11545,0.016576891047491507,0.004008345880634954,0.002169240056777909
1777973215811,24020.65,24050,-0.5,24080.7998046875,11.19921875,0.10314677747375782,0.4709842658361582,15.793017498574226,0.010752235336171924,-0.06266736903707211,3868.2026500000015,12880.3181,-9012.11545,-0.029931117759834865,-5.231037316491425e-05,0.0007861784682013074
1777973231798,24020,24050,0,24077.5,6.6015625,0.07200395853941625,0.36026300621241786,15.790548507244255,0.010750131780493713,-0.06265510886085247,3868.2026500000015,12880.3181,-9012.11545,-0.08738765822635201,-0.000794064463349748,0.0027398241905144433
1777973247647,24024.85,24050,0.3333333333333333,24085.300130208332,8.099609375,0.09062235072633186,0.32639729633667075,15.790548507244255,0.010750131780493713,-0.06265510886085247,3868.2026500000015,12880.3181,-9012.11545,-0.046152856264229096,0.003081743081205007,0.0011544990590162188
1777973263148,24027.7,24050,-0.7777777777777778,24079.25564236111,11.30078125,0.09329138435048534,0.31867111384748253,15.790548507244255,0.010750131780493713,-0.06265510886085247,3868.2026500000015,12880.3181,-9012.11545,-0.072864746275663,-0.0027611423773640474,0.001949372547107123
1777973278982,24025,24050,-0.23076923076923078,24080.900390625,13,0.0654312769861186,0.29001071948793894,15.790548507244255,0.010750131780493713,-0.06265510886085247,3868.2026500000015,12880.3181,-9012.11545,-0.108902271812332,-0.0035897322558305898,0.001902229208375052
1777973294641,24024.05,24050,-0.7777777777777778,24075.621527777777,12.80078125,0.044280627959338036,0.30425583962668784,15.788491014469278,0.010752615766454154,-0.06266958630298418,3868.2026500000015,12880.3181,-9012.11545,-0.09427044417012642,-9.609249155507637e-05,0.0018676104106771715
1777973310310,24024.5,24050,-0.6,24078.86015625,9.30078125,0.07862448583639876,0.2702801376436513,15.788491014469278,0.010752615766454154,-0.06266958630298418,3868.2026500000015,12880.3181,-9012.11545,-0.044266787438243416,0.0019377068051446998,-0.0002715175988964034
1777973326441,24018.8,24050,-0.6,24077.740625,9.69921875,-0.026493815475411377,0.2432553648068128,15.788491014469278,0.010752615766454154,-0.06266958630298418,3868.2026500000015,12880.3181,-9012.11545,-0.15469394764940508,0.0008521001413437239,0.0008632425553550089
1777973342469,24020.35,24050,0.8,24084.4603515625,9.400390625,0.023175743318608836,0.291209688327327,15.788491014469278,0.010752615766454154,-0.06266958630298418,3868.2026500000015,12880.3181,-9012.11545,0.06283722456680751,0.009347826202611625,-8.643972908726557e-05
1777973358268,24009.9,24050,-0.5,24076.4248046875,1.69921875,-0.06509148426173844,0.0874332113900703,15.771722902356588,0.010746954068724498,-0.06263658816911641,3868.2026500000015,12880.3181,-9012.11545,0.10705768099067807,-0.001648585800859932,-0.001854852775404492
1777973374913,24013.7,24050,-0.8461538461538461,24075.384615384617,5,-0.09779051194638265,0.11387223280900834,15.771722902356588,0.010746954068724498,-0.06263658816911641,3868.2026500000015,12880.3181,-9012.11545,-0.04777799287684366,-0.007245638524491773,-0.0006234921948299229
1777973390692,24015.5,24050,0,24075.0498046875,7.900390625,-0.09939673235331771,0.08939502491573631,15.771722902356588,0.010746954068724498,-0.06263658816911641,3868.2026500000015,12880.3181,-9012.11545,0.04727040613818656,0.005400758953826233,1.7627376895320626e-05
1777973405693,24007.4,24050,-0.2857142857142857,24072.6787109375,1.900390625,-0.05262808873707264,0.24391603896420563,15.771722902356588,0.010746954068724498,-0.06263658816911641,3868.2026500000015,12880.3181,-9012.11545,0.05337774270219956,0.0020898751131238893,-0.00031164675839317086
1777973421365,24002.95,24050,-0.5384615384615384,24070.392127403848,1.69921875,-0.07236061713186417,-0.08915045369077458,15.771467932425628,0.010742970739887035,-0.06261337209074305,3868.2026500000015,12880.3181,-9012.11545,0.012110455086380362,-0.004886629537666817,-5.72029561920917e-05
1777973437479,24010.2,24050,0.25,24073.76220703125,11.30078125,-0.05734672493904,0.061173678527674864,15.771467932425628,0.010742970739887035,-0.06261337209074305,3868.2026500000015,12880.3181,-9012.11545,0.03245919994066704,0.0030239032886988488,0.0007785815062898469
1777973453352,24005.8,24050,-0.3333333333333333,24071.200520833332,4.19921875,-0.09058690100417485,-0.003326531596995534,15.771467932425628,0.010742970739887035,-0.06261337209074305,3868.2026500000015,12880.3181,-9012.11545,0.02401733356206645,0.002626377575208421,-0.002871426813964786
1777973470272,24012.3,24050,0.5384615384615384,24076.17683293269,7.900390625,-0.008218063273454186,0.0614247851796495,15.771467932425628,0.010742970739887035,-0.06261337209074305,3868.2026500000015,12880.3181,-9012.11545,0.1033165537403122,0.012458518610117712,0.0015952838923317483
1777973486834,24015.35,24050,-0.2,24073.6,9,-0.022555885552934713,-0.04488372343056158,15.771234209988917,0.010747065959983978,-0.06263724030614938,3868.2026500000015,12880.3181,-9012.11545,0.03154146829621957,0.006711617210935733,0.001208046464135243
1777973502393,24014.2,24050,0,24074,8,0.007405850872848177,0.0026458125652408723,15.771234209988917,0.010747065959983978,-0.06263724030614938,3868.2026500000015,12880.3181,-9012.11545,0.15888957900713366,0.013169985501442683,0.003942271920783869
1777973518277,24021.8,24050,-0.6,24075.6,5.5,0.058061477818818694,-0.012189116439495565,15.771234209988917,0.010747065959983978,-0.06263724030614938,3868.2026500000015,12880.3181,-9012.11545,0.02497410349928039,0.0012905636753077294,0.00564089724209707
1777973534018,24015.3,24050,-0.3333333333333333,24077.067057291668,9.798828125,0.05233986323357559,0.14097601920945035,15.771019185347141,0.010749728971959586,-0.06265276116753381,3868.2026500000015,12880.3181,-9012.11545,0.01047125381831101,0.009457876160795145,0.00538437222448044
1777973549138,24008.75,24050,-0.42857142857142855,24076.2578125,8.599609375,0.07086590163522243,0.2520621757122394,15.771019185347141,0.010749728971959586,-0.06265276116753381,3868.2026500000015,12880.3181,-9012.11545,0.06060505690347901,0.01668096447962232,0.0028270020767220475
1777973565205,24003.35,24050,0.9746835443037974,24079.87341772152,10,0.0780126318940669,0.402408018237016,15.771019185347141,0.010749728971959586,-0.06265276116753381,3868.2026500000015,12880.3181,-9012.11545,0.18173949104867365,0.010108143307065411,-0.0015262506749795814
1777973580887,24000.45,24050,0.8554216867469879,24079.277108433736,10,0.07498651881807959,0.36097452159101007,15.771019185347141,0.010749728971959586,-0.06265276116753381,3868.2026500000015,12880.3181,-9012.11545,0.13611083703722562,-0.004047323432825653,0.0005413572995053207
1777973596709,24010.25,24050,-0.3333333333333333,24074.1328125,7.30078125,0.08963394099163197,0.5172395938421434,15.770820701062425,0.010745186186824724,-0.06262628440399565,3868.2026500000015,12880.3181,-9012.11545,-0.013146735647044156,-0.005522806107805966,0.0011234348229699131
1777973612559,24018.4,24050,-0.5,24074.5,6,0.09531854076524669,0.40908225826224126,15.770820701062425,0.010745186186824724,-0.06262628440399565,3868.2026500000015,12880.3181,-9012.11545,-0.0523195146945227,-0.002980323471963466,7.360813122638107e-05
1777973628363,24018.15,24050,0.2,24076.36015625,6.599609375,0.014360713441976463,0.3639578911032675,15.770820701062425,0.010745186186824724,-0.06262628440399565,3868.2026500000015,12880.3181,-9012.11545,-0.08804042381741674,-0.007660006738489052,0.00047352816286746693
1777973644171,24015.6,24050,0.7894736842105263,24078.174033717107,6.900390625,0.007046503156595579,0.4608610792786237,15.770820701062425,0.010745186186824724,-0.06262628440399565,3868.2026500000015,12880.3181,-9012.11545,-0.06223192524636241,-0.008249595096344556,0.004381337851390606
1777973660009,24016.85,24050,-0.2222222222222222,24074.722222222223,7,-0.007338300247196561,0.4290054993254078,15.770636919317317,0.010749303785173565,-0.06265028304680857,3868.2026500000015,12880.3181,-9012.11545,-0.1132052309730102,-0.00738044894401672,0.0029656216251429945
1777973675943,24017.55,24050,-0.16666666666666666,24074.916666666668,7,-0.03387362292244957,0.3400525407805019,15.770636919317317,0.010749303785173565,-0.06265028304680857,3868.2026500000015,12880.3181,-9012.11545,-0.21353268560164942,-0.011262209630787614,0.002886859426994915
1777973691157,24012.2,24050,-0.5,24073.82470703125,6.900390625,-0.04576101074114643,0.22877088480545824,15.770636919317317,0.010749303785173565,-0.06265028304680857,3868.2026500000015,12880.3181,-9012.11545,-0.25858538999973874,-0.009985567597412946,-0.0009124318366108879
1777973707123,24010.45,24050,-0.42857142857142855,24072.999441964286,9.80078125,-0.04083982151674756,0.20226719826022463,15.770636919317317,0.010749303785173565,-0.06265028304680857,3868.2026500000015,12880.3181,-9012.11545,-0.21693246856945364,-0.0032679852737468656,0.0004140849349311868
1777973723088,24008.3,24050,0.9074074074074074,24079.537037037036,10,-0.025206225895266915,0.278794287634601,15.770466264839717,0.010745342834587996,-0.0626271973958418,3868.2026500000015,12880.3181,-9012.11545,-0.12333788103872569,0.0011701033131844185,0.0006582517952022405
1777973739302,24005.4,24050,0.979381443298969,24079.798324742267,9.900390625,-0.022602096688277683,0.14498770787111728,15.770466264839717,0.010745342834587996,-0.0626271973958418,3868.2026500000015,12880.3181,-9012.11545,-0.06527366724192676,0.0004353419162703298,0.0028427158977939477
1777973754579,24000.9,24050,0.9529411764705882,24079.373736213234,9.599609375,-0.02491666888200586,0.2202559111816769,15.770466264839717,0.010745342834587996,-0.0626271973958418,3868.2026500000015,12880.3181,-9012.11545,-0.057769005377556096,-0.002027656463524448,0.002221596999408343
1777973770535,24004.45,24050,0.8695652173913043,24079.254712975544,9.900390625,-0.028406882995218416,0.2302566569992404,15.770466264839717,0.010745342834587996,-0.0626271973958418,3868.2026500000015,12880.3181,-9012.11545,0.058124360442157456,0.005055747020234534,-0.0026603596053012078
1777973785598,24008.9,24050,0.5,24077.80078125,8,-0.014463054735092785,0.39697889000601266,15.770307379636435,0.010743552574436328,-0.06261676320331445,3868.2026500000015,12880.3181,-9012.11545,0.07284203847378139,0.004535416566432802,0.0031576555751863227
1777973801342,24016.2,24050,0,24078.5,9,0.0035476034316360714,0.3205247441900846,15.770307379636435,0.010743552574436328,-0.06261676320331445,3868.2026500000015,12880.3181,-9012.11545,-0.042765185816244,0.0010832134578115699,0.005938465007184233
1777973817042,24020.8,24050,0,24079,10,0.0021833104081540257,0.2093350841022329,15.770307379636435,0.010743552574436328,-0.06261676320331445,3868.2026500000015,12880.3181,-9012.11545,-0.13387405464543126,-0.001517571750388741,0.001794953468680141
1777973832602,24023.5,24050,-0.7333333333333333,24075.205989583334,11.30078125,0.0009805089746718423,0.24951656293770333,15.770307379636435,0.010743552574436328,-0.06261676320331445,3868.2026500000015,12880.3181,-9012.11545,-0.1638452380311029,-0.0027177929189729525,0.0007240713429988918
1777973848764,24018.7,24050,0.5,24081.75,9,0.009789409130214852,0.33765500249414176,15.770159086780039,0.010752078688408653,-0.06266645604522597,3868.2026500000015,12880.3181,-9012.11545,0.019274982001083574,0.007767583887399943,-0.003986066828920051
1777973864917,24021.65,24050,-0.8620689655172413,24075.131398168105,10.599609375,0.007747964594668657,0.4006034585845239,15.770159086780039,0.010752078688408653,-0.06266645604522597,3868.2026500000015,12880.3181,-9012.11545,0.08333242768815499,0.00815245122959264,0.00200154537626772
1777973880743,24022.05,24050,-0.6,24077.1203125,11.099609375,0.010281713584949389,0.4847241238112904,15.770159086780039,0.010752078688408653,-0.06266645604522597,3868.2026500000015,12880.3181,-9012.11545,-0.010458566971639723,0.002164091175682256,-0.003183480185077041
1777973897741,24024.6,24050,0,24086.5,13,0.013881299299916557,0.46538502009581134,15.770020361204699,0.010752571009950362,-0.062669325448171,3868.2026500000015,12880.3181,-9012.11545,-0.11443209296388207,0.0016613967271823726,0.002150870422853718
1777973913428,24027.05,24050,0.3333333333333333,24088.932942708332,11.298828125,0.013561495916916843,0.41231777521500684,15.770020361204699,0.010752571009950362,-0.062669325448171,3868.2026500000015,12880.3181,-9012.11545,-0.18604261740733963,0.0019032413409780732,-0.001106694974745836
1777973929143,24029.15,24050,-0.75,24084.1875,5.5,0.039824670274353095,0.34856506535850806,15.770020361204699,0.010752571009950362,-0.062669325448171,3868.2026500000015,12880.3181,-9012.11545,-0.21223817743797824,0.00047514663070531466,-0.003218238687509334
1777973945027,24024.15,24050,0.5,24087.72509765625,9.099609375,0.03755066435101116,0.44363220684265664,15.770020361204699,0.010752571009950362,-0.062669325448171,3868.2026500000015,12880.3181,-9012.11545,-0.3212639660753791,-4.957087953147478e-05,-0.001305145673979759
1777973960578,24024.35,24050,0,24086.5,3,0.028215307084320317,0.4217467310175848,15.76989030597782,0.010751810149385903,-0.06266489091634687,3868.2026500000015,12880.3181,-9012.11545,-0.16546915765952078,0.0021299024124097044,0.003969874611681269
1777973976060,24028.25,24050,0,24086.2998046875,5.400390625,0.025317559575685985,0.36613404628645135,15.76989030597782,0.010751810149385903,-0.06266489091634687,3868.2026500000015,12880.3181,-9012.11545,-0.07258296977343993,0.0025783553908020527,0.0027866322744951716
1777973992924,24034.1,24050,-0.2,24090.58046875,5.69921875,0.05369855756494935,0.4508463520956106,15.76989030597782,0.010751810149385903,-0.06266489091634687,3868.2026500000015,12880.3181,-9012.11545,0.03925956541271515,0.002530725142125577,0.0035798384481068478
1777974008815,24031.25,24050,0,24088.900390625,8.19921875,0.041563512219809154,0.5027791001547591,15.76989030597782,0.010751810149385903,-0.06266489091634687,3868.2026500000015,12880.3181,-9012.11545,0.07857781070096596,0.005141347918538879,0.0016703785987757232
1777974023917,24023.85,24050,0,24088,6,0.04081852167778104,0.2983941443703915,15.769288084868288,0.010753891326812218,-0.06267702066515991,3868.2026500000015,12880.3181,-9012.11545,0.03846994038480658,0.0010183055726162961,0.0018726299937977249
1777974039705,24020.9,24050,-0.8113207547169812,24087.754716981133,8,0.0031850924823549746,0.45218287702044274,15.769288084868288,0.010753891326812218,-0.06267702066515991,3868.2026500000015,12880.3181,-9012.11545,0.0653456170546362,-0.003311377104844153,0.003378353858398979
1777974056796,24026.55,24050,-0.9344262295081968,24089.293064805326,5.900390625,-0.0015900037942868381,0.4278278163640818,15.769288084868288,0.010753891326812218,-0.06267702066515991,3868.2026500000015,12880.3181,-9012.11545,-0.04568339438233408,-0.0032913346484199813,-0.00044566704168999316
1777974925431,24040.6,24100,-0.6666666666666666,24113.150390625,1.5,-0.017674604598050116,-0.18563464752004266,15.30128678626409,0.01621919579589964,-0.07189499084846078,3656.7641499999945,13861.979950000006,-10205.215800000004,-0.11396964582099023,0.011653555805374928,0.0019382257675177382
1777974941320,24046.2,24100,-0.9726027397260274,24114.449700342466,3.599609375,-0.00207722870530331,-0.22739618405133458,15.325685435329307,0.00445819616137068,-0.08029326232909573,3656.7641499999945,13861.979950000006,-10205.215800000004,-0.05239696516912466,0.009298458029816005,-0.00486892411581873
1777974957032,24045.65,24100,-0.6901408450704225,24115.803147007042,2.599609375,0.000939223754493383,-0.2939511581291284,15.325685435329307,0.00445819616137068,-0.08029326232909573,3656.7641499999945,13861.979950000006,-10205.215800000004,-0.012427218344356866,0.018968278768667104,0.003598736482885867
1777974973779,24047.55,24100,0,24113.7001953125,2.599609375,0.0022218340035880086,-0.13094500153391567,15.325685435329307,0.00445819616137068,-0.08029326232909573,3656.7641499999945,13861.979950000006,-10205.215800000004,0.11076102927601837,0.012560469237948917,-0.00270855810861958
1777974989507,24048.85,24100,0,24114.4501953125,1.099609375,0.0038349158175987343,-0.29691636258111836,15.325685435329307,0.00445819616137068,-0.08029326232909573,3656.7641499999945,13861.979950000006,-10205.215800000004,0.084158425781907,0.013795851766635312,-0.004664849394693084
1777975005113,24049.1,24100,0.6666666666666666,24117.583658854168,1.900390625,0.019637836670440775,-0.08270553482788852,15.350084084394524,0.0077451630135939075,-0.08030277871599767,3656.7641499999945,13861.979950000006,-10205.215800000004,0.1393101429064958,0.013842102076453497,-0.000535400947908572
1777975021785,24049.5,24100,0.5,24117.50048828125,1.201171875,0.025248852255375327,-0.07128588995263374,15.350084084394524,0.0077451630135939075,-0.08030277871599767,3656.7641499999945,13861.979950000006,-10205.215800000004,0.2175683659716985,0.011888575987306986,-0.0032140459944354958
1777975037572,24045.2,24100,0.3333333333333333,24119.100260416668,1.19921875,0.022727258873216236,0.12039878611191261,15.350084084394524,0.0077451630135939075,-0.08030277871599767,3656.7641499999945,13861.979950000006,-10205.215800000004,0.25393652946665685,0.00984716637624259,-0.003805723855301919
1777975053455,24049.35,24100,0.7777777777777778,24121.555555555555,4,0.04805808563349645,0.08885446605903448,15.350084084394524,0.0077451630135939075,-0.08030277871599767,3656.7641499999945,13861.979950000006,-10205.215800000004,0.2534063787019965,0.005771731038262423,-0.0007981547172571582
1777975069147,24052.65,24100,0.5,24123.5,2,0.046333124075864464,0.15682068686179632,15.350084084394524,0.009852362732779767,-0.07831928297257115,3656.7641499999945,13861.979950000006,-10205.215800000004,0.30517329048402336,0.007555770015391612,-0.007372093096913756
1777975084892,24053.45,24100,0,24122.7001953125,4.400390625,0.039417458810653866,0.2543858962776085,15.350084084394524,0.009852362732779767,-0.07831928297257115,3656.7641499999945,13861.979950000006,-10205.215800000004,0.2630672893927157,0.00438131804934447,-0.005754449910853677
