symbol,year,month,quarter,open,high,low,close,percent_change,volume,trading_days,avg_daily_volume,up_days,down_days,unchanged_days,range,volatility,avg_true_range,avg_daily_range,highest_day,lowest_day
GRMOVER,2026,6,,163,164.32,81.95,90.71,-44.3496932515337,109386884,21,5208899.23809524,8,12,0,82.37,0.762338973041344,8.47857142857143,8.36380952380953,2026-06-01T00:00:00+05:30,2026-06-11T00:00:00+05:30
AQYLON,2026,6,,66.98,66.98,38.01,41.2,-38.489101224246,89870379,21,4279541.85714286,7,13,0,28.97,0.55733995382755,3.02238095238095,2.84428571428572,2026-06-01T00:00:00+05:30,2026-06-29T00:00:00+05:30
LEMERITE,2026,6,,36.15,36.15,22.25,23.25,-35.6846473029046,35067457,21,1669878.9047619,6,14,0,13.9,0.502599951788973,1.72285714285714,1.33238095238095,2026-06-01T00:00:00+05:30,2026-06-30T00:00:00+05:30
VEDL,2026,6,,355.1,356.65,270.5,280.75,-20.937764010138,605657000,21,28840809.5238095,7,13,0,86.15,0.283079980284621,11.9547619047619,11.1238095238095,2026-06-01T00:00:00+05:30,2026-06-29T00:00:00+05:30
NATIONALUM,2026,6,,425.45,444.5,331.4,339.6,-20.1786343871195,279187916,21,13294662.6666667,9,11,0,113.1,0.298203322159027,15.3738095238095,13.2785714285714,2026-06-02T00:00:00+05:30,2026-06-25T00:00:00+05:30
EXCELSOFT,2026,6,,90.5,91.5,73.55,74.67,-17.4917127071823,10244333,21,487825.380952381,6,14,0,17.95,0.221897148508324,3.04238095238095,2.98333333333333,2026-06-01T00:00:00+05:30,2026-06-30T00:00:00+05:30
PERSISTENT,2026,6,,5238,5612,4244.5,4326.5,-17.401680030546,19258891,21,917090.047619048,9,11,0,1367.5,0.277090298583069,200.452380952381,171.642857142857,2026-06-02T00:00:00+05:30,2026-06-30T00:00:00+05:30
JAYNECOIND,2026,6,,102.34,103.55,83.75,84.95,-16.9923783466875,88604335,21,4219254.04761905,8,12,0,19.8,0.217876568051058,4.06190476190476,3.94285714285714,2026-06-01T00:00:00+05:30,2026-06-24T00:00:00+05:30
WIPRO,2026,6,,205.1,210.18,170.05,170.39,-16.9234519746465,625418348,21,29781826.0952381,8,12,0,40.13,0.216913893886628,5.08333333333333,4.30619047619047,2026-06-02T00:00:00+05:30,2026-06-30T00:00:00+05:30
SILVERCASE,2026,6,,26.99,26.99,21.5,22.54,-16.4875879955539,269145943,21,12816473.4761905,8,12,0,5.49,0.225824143537108,0.927142857142857,0.736190476190476,2026-06-01T00:00:00+05:30,2026-06-25T00:00:00+05:30
ASTRAL,2026,6,,1595,1595,1329,1335.6,-16.2633228840125,15027954,21,715616.857142857,10,10,0,266,0.175701816466148,46.4428571428572,42.252380952381,2026-06-01T00:00:00+05:30,2026-06-30T00:00:00+05:30
SUMICHEM,2026,6,,502.05,507.3,411.55,420.85,-16.1736878796933,7695693,21,366461.571428571,7,13,0,95.75,0.209495678809758,15.3857142857143,14.9642857142857,2026-06-01T00:00:00+05:30,2026-06-30T00:00:00+05:30
HINDZINC,2026,6,,635.95,639.95,516.85,533.15,-16.164792829625,91689925,21,4366186.90476191,8,12,0,123.1,0.217619328226282,17.8452380952381,15.5619047619048,2026-06-01T00:00:00+05:30,2026-06-25T00:00:00+05:30
SAIL,2026,6,,205.2,206.9,165.36,173.49,-15.453216374269,407435983,21,19401713.4761905,6,14,0,41.54,0.226084432430471,5.91666666666666,5.74619047619047,2026-06-03T00:00:00+05:30,2026-06-24T00:00:00+05:30
HINDALCO,2026,6,,1130,1161,948.8,956.6,-15.3451327433628,149763728,21,7131606.0952381,7,13,0,212.2,0.204949661728656,28.6238095238095,25.2380952380952,2026-06-02T00:00:00+05:30,2026-06-30T00:00:00+05:30
VOGL,2026,6,,38,38,30.42,32.24,-15.1578947368421,758397558,11,68945232.5454546,3,7,0,7.58,0.226459165104973,2.33545454545455,2.11363636363636,2026-06-15T00:00:00+05:30,2026-06-19T00:00:00+05:30
INFY,2026,6,,1175,1278.9,996,1000.4,-14.8595744680851,325083440,21,15480163.8095238,7,13,0,282.9,0.250844466212907,36.7428571428571,27.4809523809524,2026-06-02T00:00:00+05:30,2026-06-30T00:00:00+05:30
SILVER1,2026,6,,25.32,25.8,20.55,21.56,-14.8499210110585,220409332,21,10495682.4761905,8,12,0,5.25,0.22584808259587,0.936666666666667,0.749523809523809,2026-06-02T00:00:00+05:30,2026-06-25T00:00:00+05:30
TATSILV,2026,6,,25.4,25.65,20.01,21.64,-14.8031496062992,1504479292,21,71641871.047619,8,12,0,5.64,0.242521039375883,0.903333333333333,0.735714285714286,2026-06-02T00:00:00+05:30,2026-06-25T00:00:00+05:30
SILVER,2026,6,,260.14,263.84,212.18,222.02,-14.6536480356731,33240109,21,1582862.33333333,8,12,0,51.66,0.215972909321479,8.74238095238095,6.83571428571428,2026-06-02T00:00:00+05:30,2026-06-25T00:00:00+05:30
HDFCSILVER,2026,6,,249.76,252.89,200.39,213.25,-14.6180333119795,109978092,21,5237052,8,12,0,52.5,0.229089481000638,7.95380952380952,6.13,2026-06-02T00:00:00+05:30,2026-06-25T00:00:00+05:30
SILVERIETF,2026,6,,259.9,264.09,212.1,222.25,-14.4863409003463,98331331,21,4682444.33333333,8,12,0,51.99,0.217275100897129,8.87095238095238,7.45714285714285,2026-06-02T00:00:00+05:30,2026-06-25T00:00:00+05:30
GROWWSLVR,2026,6,,25.5,26,20.79,21.85,-14.3137254901961,62990805,21,2999562.14285714,8,11,1,5.21,0.221953990343652,0.814285714285715,0.541904761904762,2026-06-15T00:00:00+05:30,2026-06-25T00:00:00+05:30
ZENSARTECH,2026,6,,495.1,529.4,424,425.3,-14.0981619874773,17872896,21,851090.285714286,7,13,0,105.4,0.227682084462709,16.8428571428571,16.5357142857143,2026-06-02T00:00:00+05:30,2026-06-30T00:00:00+05:30
SBISILVER,2026,6,,254.36,258.88,208.26,218.5,-14.0981286365781,43612831,21,2076801.47619048,8,12,0,50.62,0.215641089098869,8.19238095238095,6.11333333333333,2026-06-02T00:00:00+05:30,2026-06-25T00:00:00+05:30
VAML,2026,6,,522,537,425,448.46,-14.088122605364,264334772,11,24030433.8181818,4,6,0,112,0.242530188315242,28.8572727272727,25.8554545454545,2026-06-15T00:00:00+05:30,2026-06-29T00:00:00+05:30
SILVERBEES,2026,6,,246.65,252.99,202.58,212.82,-13.7157916075411,660746416,21,31464115.0476191,8,12,0,50.41,0.220022114237495,7.58761904761905,5.34523809523809,2026-06-02T00:00:00+05:30,2026-06-25T00:00:00+05:30
KPITTECH,2026,6,,776.05,826,669.35,671.55,-13.4656272147413,32034526,21,1525453.61904762,8,12,0,156.65,0.208440521600284,26.952380952381,25.9190476190476,2026-06-02T00:00:00+05:30,2026-06-30T00:00:00+05:30
OIL,2026,6,,479.75,495.4,404.1,416.95,-13.0901511203752,96424155,21,4591626.42857143,9,11,0,91.3,0.207329469267702,11.8785714285714,11.2714285714286,2026-06-03T00:00:00+05:30,2026-06-25T00:00:00+05:30
JINDALSTEL,2026,6,,1219,1222.9,1054.4,1060.1,-13.0352748154225,26717683,21,1272270.61904762,7,13,0,168.5,0.148136209119681,27.9142857142858,27.4761904761905,2026-06-01T00:00:00+05:30,2026-06-30T00:00:00+05:30
GMDCLTD,2026,6,,670.95,690.25,571.75,583.95,-12.9666890230271,31738933,21,1511377.76190476,8,12,0,118.5,0.191101144994202,20.8666666666667,20.1309523809524,2026-06-01T00:00:00+05:30,2026-06-30T00:00:00+05:30
FSL,2026,6,,261.75,274.8,227.2,228.45,-12.7220630372493,27375020,21,1303572.38095238,6,14,0,47.6,0.190659660299265,8.80476190476191,8.59047619047619,2026-06-02T00:00:00+05:30,2026-06-30T00:00:00+05:30
HARDWYN,2026,6,,27.48,28.28,23.46,24.05,-12.4818049490539,91601737,21,4361987.47619048,10,10,0,4.82,0.195085284764383,1.28238095238095,1.27857142857143,2026-06-01T00:00:00+05:30,2026-06-17T00:00:00+05:30
RHETAN,2026,6,,30.03,32.41,25.5,26.32,-12.3543123543124,175744124,21,8368767.80952381,8,12,0,6.91,0.236852414063265,1.62904761904762,1.62761904761905,2026-06-12T00:00:00+05:30,2026-06-29T00:00:00+05:30
SUPREMEIND,2026,6,,3589,3685.7,3147.2,3157.8,-12.0144887155196,4214839,21,200706.619047619,11,9,0,538.5,0.153970263867331,98.604761904762,94.6809523809524,2026-06-04T00:00:00+05:30,2026-06-30T00:00:00+05:30
ONGC,2026,6,,266.55,271.15,227.65,234.9,-11.8739448508723,336214043,21,16010192.5238095,8,12,0,43.5,0.173537234042553,5.77142857142857,5.66666666666667,2026-06-04T00:00:00+05:30,2026-06-30T00:00:00+05:30
GPIL,2026,6,,290,292.5,254.9,255.65,-11.8448275862069,30101145,21,1433387.85714286,5,15,0,37.6,0.136739111611395,7.37619047619048,7.31190476190476,2026-06-01T00:00:00+05:30,2026-06-30T00:00:00+05:30
GOLDCASE,2026,6,,25,25.21,21.27,22.05,-11.8,214752726,21,10226320.2857143,8,12,0,3.94,0.169174777132576,0.740952380952381,0.685714285714286,2026-06-03T00:00:00+05:30,2026-06-29T00:00:00+05:30
UPL,2026,6,,647.25,655.6,564.1,571.2,-11.7497103128621,49358105,21,2350385.95238095,6,14,0,91.5,0.149240400149124,15.1428571428571,14.4690476190476,2026-06-01T00:00:00+05:30,2026-06-29T00:00:00+05:30
INDUSTOWER,2026,6,,443.7,446.4,386.35,391.7,-11.719630380888,132001593,21,6285790.14285714,7,13,0,60.05,0.144964105275863,9.56904761904762,9.29047619047619,2026-06-01T00:00:00+05:30,2026-06-29T00:00:00+05:30
SOLARWORLD,2026,6,,207.64,211.04,179.46,183.36,-11.6933153534964,4479052,21,213288.19047619,7,13,0,31.58,0.167400792098202,6.93904761904762,6.90857142857143,2026-06-01T00:00:00+05:30,2026-06-29T00:00:00+05:30
RSYSTEMS,2026,6,,266,283.3,233.6,234.9,-11.6917293233083,5860982,21,279094.380952381,10,10,0,49.7,0.195922734696176,10.2214285714286,9.80714285714286,2026-06-02T00:00:00+05:30,2026-06-30T00:00:00+05:30
VIKRAMSOLR,2026,6,,202.73,221.9,177.35,179.66,-11.3796675381049,71103419,21,3385877.0952381,9,11,0,44.55,0.220125268230245,9.38809523809524,9.26857142857143,2026-06-10T00:00:00+05:30,2026-06-30T00:00:00+05:30
RPOWER,2026,6,,28,28.94,24.01,24.84,-11.2857142857143,756925364,21,36044064.952381,10,10,0,4.93,0.186389413988658,1.0847619047619,1.04619047619048,2026-06-05T00:00:00+05:30,2026-06-29T00:00:00+05:30
NSLNISP,2026,6,,48.3,53.75,42.5,42.85,-11.2836438923395,304235350,21,14487397.6190476,4,16,0,11.25,0.237103572862304,1.86047619047619,1.79,2026-06-02T00:00:00+05:30,2026-06-30T00:00:00+05:30
BSOFT,2026,6,,322.3,356.8,285,286.3,-11.1697176543593,36273164,21,1727293.52380952,7,13,0,71.8,0.225661134142509,11.8380952380952,11.0571428571429,2026-06-02T00:00:00+05:30,2026-06-30T00:00:00+05:30
ITBEES,2026,6,,32.84,34.65,29.12,29.2,-11.0840438489647,518738281,21,24701822.9047619,7,13,0,5.53,0.17611197889022,1.08666666666667,1.02904761904762,2026-06-02T00:00:00+05:30,2026-06-30T00:00:00+05:30
TATAELXSI,2026,6,,4306.9,4542.8,3813.8,3829.7,-11.0798950521257,6213121,21,295862.904761905,9,11,0,729,0.176018322738201,114.87619047619,107.352380952381,2026-06-02T00:00:00+05:30,2026-06-30T00:00:00+05:30
TCS,2026,6,,2284,2457.4,2018.8,2031.5,-11.0551663747811,120106353,21,5719350.14285714,9,11,0,438.6,0.201933701657459,67.1714285714286,58.2095238095238,2026-06-02T00:00:00+05:30,2026-06-30T00:00:00+05:30
ITIETF,2026,6,,32.79,35.15,29.12,29.22,-10.8874656907594,39050626,21,1859553.61904762,6,14,0,6.03,0.192006186411123,1.09666666666667,1.05904761904762,2026-06-03T00:00:00+05:30,2026-06-30T00:00:00+05:30
ABFRL,2026,6,,65.15,65.66,57.88,58.06,-10.8825786646201,78647466,21,3745117.42857143,7,13,0,7.77999999999999,0.128879072335726,1.86095238095238,1.81142857142857,2026-06-01T00:00:00+05:30,2026-06-30T00:00:00+05:30
TMPV,2026,6,,395,407.8,343.3,352.2,-10.8354430379747,282653896,21,13459709.3333333,9,11,0,64.5,0.171765526424246,12.8309523809524,11.947619047619,2026-06-15T00:00:00+05:30,2026-06-30T00:00:00+05:30
SANDUMA,2026,6,,227,235,201.45,202.85,-10.6387665198238,20397193,21,971294.904761905,6,14,0,33.55,0.156047894112019,6.49857142857143,6.16666666666667,2026-06-01T00:00:00+05:30,2026-06-30T00:00:00+05:30
TATASTEEL,2026,6,,210,213.46,187.05,188.06,-10.447619047619,672173002,21,32008238.1904762,7,13,0,26.41,0.132294745278766,4.15047619047619,3.96190476190476,2026-06-02T00:00:00+05:30,2026-06-30T00:00:00+05:30
HDFCGOLD,2026,6,,133.63,137.09,117.32,119.76,-10.3794058220459,92644629,21,4411649,8,12,0,19.77,0.156276937322849,3.19857142857143,2.58095238095238,2026-06-02T00:00:00+05:30,2026-06-30T00:00:00+05:30
DCAL,2026,6,,195.65,202,167.25,175.37,-10.3654485049834,7488205,21,356581.190476191,8,12,0,34.75,0.192755713334813,7.59857142857143,7.38190476190476,2026-06-01T00:00:00+05:30,2026-06-17T00:00:00+05:30
MANINFRA,2026,6,,116,120.95,102.75,104.18,-10.1896551724138,49537699,21,2358938.04761905,8,12,0,18.2,0.165608683406634,4.72761904761905,4.71666666666667,2026-06-03T00:00:00+05:30,2026-06-29T00:00:00+05:30
PATANJALI,2026,6,,457.45,460.6,406.35,411.05,-10.1431850475462,68379708,21,3256176.57142857,6,14,0,54.25,0.128066053643292,10.7761904761905,10.6214285714286,2026-06-01T00:00:00+05:30,2026-06-30T00:00:00+05:30
MUTHOOTFIN,2026,6,,3330,3334,2822.6,2997.3,-9.99099099099099,19846873,21,945089.190476191,8,12,0,511.4,0.164785237854849,101.685714285714,87.1809523809524,2026-06-01T00:00:00+05:30,2026-06-11T00:00:00+05:30
HCLTECH,2026,6,,1190.1,1257,1068.6,1071.8,-9.9403411478027,83702698,21,3985842.76190476,6,14,0,188.4,0.165142439737034,32.9809523809524,28.5238095238095,2026-06-02T00:00:00+05:30,2026-06-30T00:00:00+05:30
ASIANTILES,2026,6,,60,62.95,52.07,54.1,-9.83333333333333,59846328,21,2849825.14285714,8,12,0,10.88,0.186477751297705,2.2652380952381,2.22619047619048,2026-06-15T00:00:00+05:30,2026-06-30T00:00:00+05:30
GOLDIETF,2026,6,,133.12,137.46,117.64,120.1,-9.78064903846155,129709010,21,6176619.52380952,7,13,0,19.82,0.156369046277303,4.09619047619048,3.47,2026-06-16T00:00:00+05:30,2026-06-30T00:00:00+05:30
HAPPSTMNDS,2026,6,,378,394.4,335.1,341.05,-9.77513227513227,17746358,21,845064.666666667,7,13,0,59.3,0.167743152138041,9.84523809523809,9.33571428571428,2026-06-02T00:00:00+05:30,2026-06-29T00:00:00+05:30
POWERINDIA,2026,6,,38700,38785,33010,34920,-9.76744186046512,3712345,21,176778.333333333,11,9,0,5775,0.163939412373015,1394.7619047619,1319.28571428571,2026-06-01T00:00:00+05:30,2026-06-11T00:00:00+05:30
GOLD1,2026,6,,129.69,130.8,114.27,117.06,-9.73860744853111,57576050,21,2741716.66666667,8,12,0,16.53,0.133926194563938,3.13,2.61904761904762,2026-06-04T00:00:00+05:30,2026-06-25T00:00:00+05:30
GOLDETF,2026,6,,151.05,151.26,134.65,136.34,-9.73849718636214,33380073,21,1589527.28571429,8,12,0,16.61,0.115501529821587,3.25238095238095,2.49333333333333,2026-06-04T00:00:00+05:30,2026-06-30T00:00:00+05:30
IT,2026,6,,32.31,34.62,29.1,29.19,-9.65645311049211,25029259,21,1191869.47619048,6,14,0,5.52,0.176065857622382,0.992380952380952,0.933809523809524,2026-06-02T00:00:00+05:30,2026-06-30T00:00:00+05:30
GOLDBEES,2026,6,,128.32,130.83,113.33,115.97,-9.62437655860349,597263425,21,28441115.4761905,8,12,0,17.5,0.142949942236554,2.8552380952381,2.16571428571429,2026-06-04T00:00:00+05:30,2026-06-11T00:00:00+05:30
SETFGOLD,2026,6,,132.3,136.08,116.32,119.58,-9.61451247165534,121707879,21,5795613.28571429,7,13,0,19.76,0.156475308455761,3.44142857142857,2.85333333333333,2026-06-03T00:00:00+05:30,2026-06-11T00:00:00+05:30
MSPL,2026,6,,44.85,46.12,39.5,40.66,-9.34225195094761,89971190,21,4284342.38095238,9,11,0,6.62,0.159065424838097,1.85666666666667,1.80476190476191,2026-06-22T00:00:00+05:30,2026-06-11T00:00:00+05:30
VIDYAWIRES,2026,6,,109.84,115.78,84.84,99.62,-9.30444282592862,68749103,21,3273766.80952381,9,11,0,30.94,0.310875920441333,5.50190476190476,4.88904761904762,2026-06-02T00:00:00+05:30,2026-06-11T00:00:00+05:30
DELTACORP,2026,6,,69.91,71.4,62.86,63.7,-8.88284937777141,89384398,21,4256399.90476191,10,9,1,8.54000000000001,0.130756219195661,2.40809523809524,2.36619047619048,2026-06-03T00:00:00+05:30,2026-06-29T00:00:00+05:30
TATACONSUM,2026,6,,1178.4,1182.5,1065.1,1075.6,-8.72369314324509,36159222,21,1721867.71428571,8,12,0,117.4,0.105061748387042,27.4380952380952,25.9952380952381,2026-06-01T00:00:00+05:30,2026-06-30T00:00:00+05:30
ADANIPOWER,2026,6,,245,245.69,214.8,223.77,-8.66530612244898,655696118,21,31223624.6666667,8,12,0,30.89,0.135839929639402,7.31142857142857,7.23238095238095,2026-06-01T00:00:00+05:30,2026-06-11T00:00:00+05:30
TATAPOWER,2026,6,,421.7,423.75,384,385.5,-8.58430163623429,108635079,21,5173099,4,16,0,39.75,0.099151319345049,7.44285714285714,7.23571428571428,2026-06-01T00:00:00+05:30,2026-06-30T00:00:00+05:30
PIIND,2026,6,,2789.8,2921.9,2541,2555.1,-8.41278944727221,8074361,21,384493.380952381,7,13,0,380.9,0.138101601508277,76.2476190476191,75.0666666666667,2026-06-15T00:00:00+05:30,2026-06-30T00:00:00+05:30
ARFIN,2026,6,,93.5,101.9,80,85.8,-8.23529411764706,55262937,21,2631568.42857143,10,10,0,21.9,0.242380483074474,4.82809523809524,4.71238095238095,2026-06-18T00:00:00+05:30,2026-06-11T00:00:00+05:30
NLCINDIA,2026,6,,350.6,352.85,305.1,322,-8.15744438106104,168197479,21,8009403.76190476,7,13,0,47.75,0.146514125408201,11.6142857142857,11.3380952380952,2026-06-03T00:00:00+05:30,2026-06-11T00:00:00+05:30
WEBELSOLAR,2026,6,,110,115.43,98.51,101.29,-7.91818181818181,51244331,21,2440206.23809524,10,10,0,16.92,0.161344079918265,4.05571428571429,3.83666666666667,2026-06-05T00:00:00+05:30,2026-06-29T00:00:00+05:30
HINDCOPPER,2026,6,,544,551.65,485.15,501.1,-7.8860294117647,77883606,21,3708743.14285714,9,11,0,66.5,0.129175781737791,14.5857142857143,13.3952380952381,2026-06-02T00:00:00+05:30,2026-06-24T00:00:00+05:30
ITETF,2026,6,,30.45,33.04,27.75,28.05,-7.88177339901477,16762638,21,798220.857142857,6,14,0,5.29,0.176824512534819,1.06952380952381,1.02571428571429,2026-06-02T00:00:00+05:30,2026-06-30T00:00:00+05:30
NTPC,2026,6,,386.9,389,346.95,356.65,-7.81855776686482,326451282,21,15545299.1428571,9,10,1,42.05,0.116854244824232,8.08809523809524,7.98571428571429,2026-06-01T00:00:00+05:30,2026-06-15T00:00:00+05:30
IRFC,2026,6,,98.2,101.2,90.19,90.53,-7.81059063136456,340084306,21,16194490.7619048,9,11,0,11.01,0.114703431032088,2.32857142857143,1.97380952380953,2026-06-22T00:00:00+05:30,2026-06-30T00:00:00+05:30
NTPCGREEN,2026,6,,103.48,104.18,94.17,95.5,-7.71163509856978,68740725,21,3273367.85714286,9,11,0,10.01,0.102210898411479,2.17428571428571,2.11857142857143,2026-06-01T00:00:00+05:30,2026-06-29T00:00:00+05:30
MOSCHIP,2026,6,,223.7,229.6,198.61,206.49,-7.69333929369691,47707606,21,2271790.76190476,8,12,0,30.99,0.146449644221811,9.22714285714286,8.56190476190476,2026-06-05T00:00:00+05:30,2026-06-11T00:00:00+05:30
SWIGGY,2026,6,,259.1,270,235.75,239.35,-7.62253956001545,235026343,21,11191730.6190476,8,12,0,34.25,0.13732827998358,8.98571428571429,8.60952380952381,2026-06-17T00:00:00+05:30,2026-06-30T00:00:00+05:30
BSE,2026,6,,4180,4219.9,3784.8,3865.6,-7.52153110047847,79830310,21,3801443.33333333,11,9,0,435.099999999999,0.109516846256188,141.157142857143,137.295238095238,2026-06-17T00:00:00+05:30,2026-06-08T00:00:00+05:30
BAJAJ-AUTO,2026,6,,10500,10619,9501,9716,-7.46666666666667,8261635,21,393411.190476191,6,14,0,1118,0.110966168505232,209.714285714286,200.52380952381,2026-06-01T00:00:00+05:30,2026-06-30T00:00:00+05:30
ATGL,2026,6,,784,803.4,690.4,731.55,-6.69005102040817,118601316,21,5647681.71428572,11,9,0,113,0.155147219870351,31.4738095238095,31.1238095238095,2026-06-01T00:00:00+05:30,2026-06-18T00:00:00+05:30
SIEMENS,2026,6,,3850,3856.7,3501,3599.9,-6.49610389610389,8051240,21,383392.380952381,11,9,0,355.7,0.0973347197898423,95.404761904762,92.7761904761905,2026-06-01T00:00:00+05:30,2026-06-11T00:00:00+05:30
CMRGREEN,2026,6,,268,268.96,231.3,250.7,-6.45522388059702,107145869,14,7653276.35714286,7,6,0,37.66,0.152147565015641,15.7821428571429,15.7371428571429,2026-06-10T00:00:00+05:30,2026-06-16T00:00:00+05:30
WAAREEENER,2026,6,,3149.3,3163,2836,2947,-6.42364969993333,18931484,21,901499.238095238,8,12,0,327,0.107525534770034,76.1619047619048,74.6285714285714,2026-06-01T00:00:00+05:30,2026-06-29T00:00:00+05:30
SINDHUTRAD,2026,6,,26.52,27.08,24.12,24.82,-6.41025641025641,43072097,21,2051052.23809524,9,11,0,2.96,0.117185732599351,1.04,1.01619047619048,2026-06-16T00:00:00+05:30,2026-06-11T00:00:00+05:30
RHIM,2026,6,,392.35,404.95,333.8,367.75,-6.26991206830637,19820372,21,943827.238095238,8,12,0,71.15,0.189264677940338,17.4261904761905,16.4285714285714,2026-06-04T00:00:00+05:30,2026-06-02T00:00:00+05:30
TDPOWERSYS,2026,6,,1318.7,1374,1115,1238.3,-6.09691362705696,24602461,21,1171545.76190476,12,8,0,259,0.208172263600664,68.2857142857143,67.2,2026-06-23T00:00:00+05:30,2026-06-11T00:00:00+05:30
TECHM,2026,6,,1495.2,1589,1344,1404.7,-6.05270197966827,56239931,21,2678091.95238095,7,13,0,245,0.167599403222339,47.4,43.6714285714286,2026-06-02T00:00:00+05:30,2026-06-19T00:00:00+05:30
ELGIRUBCO,2026,6,,47.5,52.8,43,44.63,-6.04210526315789,1125631,21,53601.4761904762,10,10,0,9.8,0.204590867970295,3.22095238095238,3.15190476190476,2026-06-17T00:00:00+05:30,2026-06-04T00:00:00+05:30
AMBUJACEM,2026,6,,448.6,452,404.8,421.85,-5.96299598751672,71696640,21,3414125.71428571,9,11,0,47.2,0.111493554700682,10.8666666666667,10.5404761904762,2026-06-01T00:00:00+05:30,2026-06-11T00:00:00+05:30
SUVEN,2026,6,,297.95,297.95,230.6,280.65,-5.80634334619903,39026410,21,1858400.47619048,10,9,1,67.35,0.254352048340107,17.2047619047619,17.0928571428571,2026-06-01T00:00:00+05:30,2026-06-08T00:00:00+05:30
ENRIN,2026,6,,3900,3932,3373.7,3683.3,-5.55641025641025,10104131,21,481149.095238095,9,11,0,558.3,0.152726775351227,149.019047619048,145.933333333333,2026-06-01T00:00:00+05:30,2026-06-11T00:00:00+05:30
TATACHEM,2026,6,,758,775,708,715.95,-5.54749340369393,21400461,21,1019069.57142857,8,12,0,67,0.0918212520189907,22.45,22.4166666666667,2026-06-25T00:00:00+05:30,2026-06-08T00:00:00+05:30
MPHASIS,2026,6,,2286,2430.5,2150,2161.6,-5.44181977252844,11756706,21,559843.142857143,11,9,0,280.5,0.12232882686437,73.4142857142857,67.452380952381,2026-06-02T00:00:00+05:30,2026-06-19T00:00:00+05:30
MFSL,2026,6,,1674,1713.6,1541,1584,-5.37634408602151,16443772,21,783036.761904762,10,10,0,172.6,0.106779556160461,47.1095238095238,45.3,2026-06-23T00:00:00+05:30,2026-06-03T00:00:00+05:30
AWL,2026,6,,194,198.95,179.5,183.61,-5.35567010309278,69570741,21,3312892.42857143,7,12,1,19.45,0.10344434595416,5.25428571428571,5.03952380952381,2026-06-16T00:00:00+05:30,2026-06-29T00:00:00+05:30
CUMMINSIND,2026,6,,5979.5,5979.5,5505.5,5659.5,-5.35161802826323,10356801,21,493181,10,10,0,474,0.0832218580696943,158.5,151.761904761905,2026-06-01T00:00:00+05:30,2026-06-29T00:00:00+05:30
BHARATCOAL,2026,6,,41.5,44.4,36.4,39.33,-5.22891566265061,1007433526,21,47973025.047619,10,10,0,8,0.201089233347298,2.13380952380952,2.09333333333333,2026-06-18T00:00:00+05:30,2026-06-11T00:00:00+05:30
SBICARD,2026,6,,624.8,638.8,565.45,593.2,-5.05761843790011,26972072,21,1284384.38095238,9,11,0,73.3499999999999,0.121789423331607,16.6166666666667,15.3690476190476,2026-06-25T00:00:00+05:30,2026-06-11T00:00:00+05:30
GENUSPOWER,2026,6,,315,358.95,282.1,299.4,-4.95238095238096,84673982,21,4032094.38095238,11,9,0,76.85,0.241053024645258,14.2142857142857,13.2857142857143,2026-06-24T00:00:00+05:30,2026-06-30T00:00:00+05:30
RVNL,2026,6,,248.1,251.38,221.55,235.83,-4.94558645707375,182234505,21,8677833.57142857,8,12,0,29.83,0.125357704607035,6.88047619047619,6.07142857142857,2026-06-18T00:00:00+05:30,2026-06-11T00:00:00+05:30
SHK,2026,6,,134.99,145.84,120.61,128.33,-4.93369879250315,8971539,21,427216.142857143,7,13,0,25.23,0.192255774966798,5.13904761904762,4.99047619047619,2026-06-17T00:00:00+05:30,2026-06-11T00:00:00+05:30
RTNINDIA,2026,6,,35,41.34,32.59,33.36,-4.68571428571429,77958538,21,3712311.33333333,10,10,0,8.75,0.246733715574772,1.65619047619048,1.5947619047619,2026-06-04T00:00:00+05:30,2026-06-29T00:00:00+05:30
CANBK,2026,6,,131.45,138.26,124.61,125.52,-4.51122099657664,726417386,21,34591304.0952381,10,10,0,13.65,0.103538327060472,3.60190476190476,3.59142857142857,2026-06-10T00:00:00+05:30,2026-06-30T00:00:00+05:30
SAGILITY,2026,6,,41.25,41.89,38.52,39.4,-4.48484848484849,316268609,21,15060409.952381,8,12,0,3.37,0.0843152439387621,1.08428571428571,1.01714285714286,2026-06-02T00:00:00+05:30,2026-06-19T00:00:00+05:30
NMDC,2026,6,,89.1,97.49,83.92,85.16,-4.42199775533109,735201317,21,35009586.5238095,8,12,0,13.57,0.15198318942299,2.61523809523809,2.51714285714286,2026-06-03T00:00:00+05:30,2026-06-30T00:00:00+05:30
MCX,2026,6,,2967,2987.5,2707,2837.2,-4.3747893495113,69265159,21,3298340.90476191,9,11,0,280.5,0.0986680111624417,96.6047619047619,95.4904761904762,2026-06-01T00:00:00+05:30,2026-06-08T00:00:00+05:30
POLICYBZR,2026,6,,1702.5,1711.3,1478.3,1628.6,-4.34067547723936,37579853,21,1789516.80952381,10,10,0,233,0.146555803825487,53.3095238095238,52.5095238095238,2026-06-22T00:00:00+05:30,2026-06-09T00:00:00+05:30
DHANBANK,2026,6,,33,35.17,31.02,31.57,-4.33333333333333,30660821,21,1460039.0952381,9,11,0,4.15,0.125801143253075,1.46047619047619,1.44190476190476,2026-06-03T00:00:00+05:30,2026-06-11T00:00:00+05:30
IRCON,2026,6,,136.98,142.9,130,131.07,-4.31449846692948,38715366,21,1843588.85714286,9,11,0,12.9,0.095121051984761,3.83380952380952,3.45999999999999,2026-06-18T00:00:00+05:30,2026-06-11T00:00:00+05:30
DABUR,2026,6,,441,442,414.6,422.2,-4.26303854875284,39934108,21,1901624.19047619,9,11,0,27.4,0.0644850386641264,8.55952380952381,8.30714285714286,2026-06-01T00:00:00+05:30,2026-06-04T00:00:00+05:30
JSWSTEEL,2026,6,,1279.5,1320.2,1221.5,1226.4,-4.15005861664712,30481523,21,1451501.0952381,9,11,0,98.7000000000001,0.0774392408137341,26.0285714285715,25.1809523809524,2026-06-15T00:00:00+05:30,2026-06-30T00:00:00+05:30
VBL,2026,6,,529,555.8,502.35,507.55,-4.05482041587902,113562386,21,5407732.66666667,9,11,0,53.4499999999999,0.102057145454959,13.5166666666667,13.1738095238095,2026-06-17T00:00:00+05:30,2026-06-29T00:00:00+05:30
RAIN,2026,6,,189.5,214.17,179.65,181.82,-4.05277044854882,126027766,21,6001322.19047619,10,10,0,34.52,0.178140596701701,10.3709523809524,10.1628571428571,2026-06-15T00:00:00+05:30,2026-06-24T00:00:00+05:30
JWL,2026,6,,279,286.5,260.35,267.8,-4.01433691756272,30702544,21,1462025.9047619,8,12,0,26.15,0.0951296198453049,8.80238095238095,8.5642857142857,2026-06-04T00:00:00+05:30,2026-06-25T00:00:00+05:30
SBILIFE,2026,6,,1839,1846.4,1700.4,1765.7,-3.98586188145731,23907248,21,1138440.38095238,9,11,0,146,0.0824475022386675,37.9857142857143,37.5190476190476,2026-06-01T00:00:00+05:30,2026-06-12T00:00:00+05:30
FCL,2026,6,,40.35,47.18,36.66,38.8,-3.84138785625776,391244639,21,18630697.0952381,10,10,0,10.52,0.254777363886935,2.95761904761905,2.81380952380953,2026-06-23T00:00:00+05:30,2026-06-08T00:00:00+05:30
COALINDIA,2026,6,,456.55,484.45,432,439.05,-3.83309604643522,240858138,21,11469435.1428571,7,13,0,52.45,0.115311533247138,10.7095238095238,10.602380952381,2026-06-04T00:00:00+05:30,2026-06-25T00:00:00+05:30
RENUKA,2026,6,,23.01,24.89,21.05,22.13,-3.82442416340723,180528302,21,8596585.80952381,8,12,0,3.84,0.170277461041429,0.780000000000001,0.74952380952381,2026-06-15T00:00:00+05:30,2026-06-03T00:00:00+05:30
VMM,2026,6,,122.6,122.98,113.55,117.95,-3.79282218597063,240065355,21,11431683.5714286,12,8,0,9.43000000000001,0.0796580852775544,3.36666666666667,3.33285714285714,2026-06-01T00:00:00+05:30,2026-06-29T00:00:00+05:30
ATALREAL,2026,6,,29.3,32,22.93,28.19,-3.78839590443686,180096773,21,8576036.80952381,10,10,0,9.07,0.306458360149311,1.88809523809524,1.81238095238095,2026-06-17T00:00:00+05:30,2026-06-09T00:00:00+05:30
ICICIPRULI,2026,6,,506.95,523.9,459.5,487.95,-3.74790413255745,36556756,21,1740797.9047619,8,12,0,64.4,0.132262765156331,13.1761904761905,12.5095238095238,2026-06-18T00:00:00+05:30,2026-06-11T00:00:00+05:30
GLENMARK,2026,6,,2288.8,2300,2101,2204.3,-3.69189094722125,15006375,21,714589.285714286,11,9,0,199,0.0915040694020814,61.7476190476191,61.5714285714286,2026-06-01T00:00:00+05:30,2026-06-17T00:00:00+05:30
VEDPOWER,2026,6,,41.8,45.23,39,40.28,-3.63636363636363,627510300,11,57046390.9090909,4,6,0,6.23,0.149218307712407,2.78,2.69363636363636,2026-06-23T00:00:00+05:30,2026-06-16T00:00:00+05:30
CENTRUM,2026,6,,22.57,25.49,21.31,21.75,-3.63314133805937,12308224,21,586105.904761905,8,12,0,4.18,0.189405545366275,0.880952380952381,0.870952380952381,2026-06-22T00:00:00+05:30,2026-06-08T00:00:00+05:30
TIINDIA,2026,6,,3140.9,3335.2,2962,3029.3,-3.5531217167054,6664622,21,317362.952380952,11,9,0,373.2,0.118839806149124,103.733333333333,100.985714285714,2026-06-24T00:00:00+05:30,2026-06-11T00:00:00+05:30
ASIANPAINT,2026,6,,2732.6,2832.7,2607.9,2635.7,-3.54607333674889,31407028,21,1495572.76190476,10,10,0,224.8,0.0835860852752295,56.8285714285715,54.6190476190476,2026-06-15T00:00:00+05:30,2026-06-02T00:00:00+05:30
JKTYRE,2026,6,,408,417.55,351,394.05,-3.41911764705882,26898822,21,1280896.28571429,9,11,0,66.55,0.171871829401022,13.8309523809524,12.8952380952381,2026-06-22T00:00:00+05:30,2026-06-11T00:00:00+05:30
E2E,2026,6,,410,469.4,361.2,396.3,-3.34146341463414,38034281,21,1811156.23809524,10,10,0,108.2,0.264240949788172,24.7071428571429,21.3657142857143,2026-06-23T00:00:00+05:30,2026-06-12T00:00:00+05:30
HDFCLIFE,2026,6,,594.75,605,543,575.85,-3.17780580075662,60199824,21,2866658.28571429,8,12,0,62,0.107455443542563,12.9738095238095,12.5142857142857,2026-06-23T00:00:00+05:30,2026-06-11T00:00:00+05:30
SJVN,2026,6,,75.55,75.69,70.05,73.15,-3.17670416942421,60664226,21,2888772.66666667,10,10,0,5.64,0.0774006352027813,1.75095238095238,1.60571428571429,2026-06-01T00:00:00+05:30,2026-06-11T00:00:00+05:30
TATATECH,2026,6,,706.05,784,682,684.1,-3.10884498264994,30885996,21,1470761.71428571,10,10,0,102,0.136456588075656,26.0214285714286,24.6809523809524,2026-06-09T00:00:00+05:30,2026-06-30T00:00:00+05:30
ABB,2026,6,,7253,7327,6653,7031,-3.0608024265821,6738449,21,320878.523809524,12,8,0,674,0.0956396586325029,185.166666666667,178.690476190476,2026-06-04T00:00:00+05:30,2026-06-11T00:00:00+05:30
GVT&D,2026,6,,5100,5650,4581,4944,-3.05882352941177,22193528,21,1056834.66666667,9,11,0,1069,0.213027016255302,262.333333333333,247.238095238095,2026-06-23T00:00:00+05:30,2026-06-02T00:00:00+05:30
ANGELONE,2026,6,,341,360.45,319.5,330.65,-3.03519061583578,135578188,21,6456104.19047619,10,10,0,40.95,0.120650709916381,11.9261904761905,11.6547619047619,2026-06-19T00:00:00+05:30,2026-06-05T00:00:00+05:30
360ONE,2026,6,,1108,1165.1,1031.3,1074.6,-3.014440433213,21729575,21,1034741.66666667,11,9,0,133.8,0.122045824736671,32.5857142857143,31.5904761904762,2026-06-16T00:00:00+05:30,2026-06-11T00:00:00+05:30
BIOCON,2026,6,,431.2,435,405.8,418.3,-2.99165120593692,67811439,21,3229116.14285714,10,10,0,29.2,0.0701060393860577,9.87619047619048,9.84047619047619,2026-06-01T00:00:00+05:30,2026-06-08T00:00:00+05:30
IREDA,2026,6,,132.58,133.19,117.75,128.69,-2.93407753809022,144205357,21,6866921.76190476,12,8,0,15.44,0.123463089394984,3.34142857142857,2.97714285714286,2026-06-22T00:00:00+05:30,2026-06-11T00:00:00+05:30
IEX,2026,6,,128.9,129.22,116.8,125.13,-2.92474786656324,110815385,21,5276923.0952381,9,11,0,12.42,0.100947471088198,2.86238095238095,2.6847619047619,2026-06-01T00:00:00+05:30,2026-06-11T00:00:00+05:30
RELIANCE,2026,6,,1332.5,1344.9,1253.2,1293.9,-2.8968105065666,350576163,21,16694103,9,11,0,91.7000000000001,0.070387630900817,24.952380952381,23.4904761904762,2026-06-22T00:00:00+05:30,2026-06-11T00:00:00+05:30
JUBLFOOD,2026,6,,430,438.7,411.1,417.6,-2.88372093023255,57529845,21,2739516.42857143,9,11,0,27.6,0.0651928170923058,11.0619047619048,10.6166666666667,2026-06-23T00:00:00+05:30,2026-06-12T00:00:00+05:30
PPLPHARMA,2026,6,,172.99,175.95,158.1,168.09,-2.83253367246662,179784802,21,8561181.04761905,8,12,0,17.85,0.107706851172894,6.17952380952381,6.00666666666667,2026-06-01T00:00:00+05:30,2026-06-22T00:00:00+05:30
INDIANB,2026,6,,840.25,884.95,805.85,816.65,-2.80868789050878,57351721,21,2731034.33333333,10,10,0,79.1,0.0937140342563131,22.7809523809524,21.9571428571429,2026-06-18T00:00:00+05:30,2026-06-02T00:00:00+05:30
BANDHANBNK,2026,6,,210,218.13,193.51,204.18,-2.77142857142857,201025500,21,9572642.85714286,11,9,0,24.62,0.119136169447939,7.41619047619047,7.15047619047619,2026-06-16T00:00:00+05:30,2026-06-11T00:00:00+05:30
ICICIGI,2026,6,,1790.9,1893.5,1671.8,1741.7,-2.74722206711709,14670525,21,698596.428571429,7,13,0,221.7,0.125028869135537,43.9761904761905,42.7285714285714,2026-06-22T00:00:00+05:30,2026-06-12T00:00:00+05:30
DALBHARAT,2026,6,,1748.3,1773.3,1605,1700.6,-2.72836469713436,6199709,21,295224.238095238,8,12,0,168.3,0.0990036051732976,41.3285714285714,39.5285714285714,2026-06-01T00:00:00+05:30,2026-06-11T00:00:00+05:30
NAUKRI,2026,6,,1005,1029,949.05,978,-2.6865671641791,36700086,21,1747623.14285714,10,10,0,79.9500000000001,0.0805253729625252,30.4476190476191,28.3,2026-06-18T00:00:00+05:30,2026-06-11T00:00:00+05:30
JSWENERGY,2026,6,,598.9,608,548.3,583.15,-2.62982133912172,58176659,21,2770317.0952381,9,11,0,59.7,0.104004811580978,17.1309523809524,16.952380952381,2026-06-01T00:00:00+05:30,2026-06-11T00:00:00+05:30
GODREJCP,2026,6,,1036.3,1056.8,975.4,1010,-2.53787513268358,23268046,21,1108002.19047619,9,11,0,81.4,0.0802674643013105,23.5619047619048,23.1047619047619,2026-06-15T00:00:00+05:30,2026-06-03T00:00:00+05:30
COLPAL,2026,6,,2049.7,2136.5,1957.8,1997.9,-2.52719910230764,9905163,21,471674.428571429,9,11,0,178.7,0.088640873015873,44.3190476190477,42.7952380952381,2026-06-15T00:00:00+05:30,2026-06-24T00:00:00+05:30
APLAPOLLO,2026,6,,1834.7,1878.5,1736,1788.7,-2.50722188913719,14705364,21,700255.428571429,11,9,0,142.5,0.0785218732944288,40.7619047619048,40.6857142857143,2026-06-19T00:00:00+05:30,2026-06-02T00:00:00+05:30
CROMPTON,2026,6,,281.8,283.85,251.75,274.75,-2.50177430801988,60605517,21,2885977,10,10,0,32.1,0.119455618365792,7.64761904761904,7.35714285714285,2026-06-01T00:00:00+05:30,2026-06-11T00:00:00+05:30
PREMIERENE,2026,6,,1077.6,1103.9,1018.5,1051,-2.46844840386042,25197074,21,1199860.66666667,11,9,0,85.4000000000001,0.0804337881111919,33.0619047619048,32.9333333333333,2026-06-09T00:00:00+05:30,2026-06-29T00:00:00+05:30
HEROMOTOCO,2026,6,,4915.5,5073.4,4671.5,4794.3,-2.46566981995727,15201660,21,723888.571428572,9,11,0,401.9,0.0819671175882734,109.680952380952,105.447619047619,2026-06-15T00:00:00+05:30,2026-06-30T00:00:00+05:30
SAMMAANCAP,2026,6,,178,192.34,166.5,173.62,-2.46067415730337,355381184,21,16922913.5238095,9,11,0,25.84,0.146855928877823,6.89142857142857,6.58190476190476,2026-06-05T00:00:00+05:30,2026-06-29T00:00:00+05:30
V2RETAIL,2026,6,,232.5,259.25,214,226.79,-2.45591397849463,34274871,21,1632136.71428571,9,11,0,45.25,0.193604580090461,11.5342857142857,11.1461904761905,2026-06-04T00:00:00+05:30,2026-06-11T00:00:00+05:30
DIGITIDE,2026,6,,87,93.48,80.52,84.89,-2.42528735632184,5916514,21,281738.761904762,8,12,0,12.96,0.150159726781685,4.16714285714286,4.10428571428572,2026-06-18T00:00:00+05:30,2026-06-11T00:00:00+05:30
DWARKESH,2026,6,,44.3,47.08,42.21,43.31,-2.23476297968396,18751829,21,892944.238095238,9,11,0,4.87,0.110364103338873,1.45857142857143,1.44190476190476,2026-06-08T00:00:00+05:30,2026-06-25T00:00:00+05:30
ULTRACEMCO,2026,6,,11507,11674,10706,11253,-2.20735204658034,7022993,21,334428.238095238,7,13,0,968,0.0864395968873581,212.47619047619,202.619047619048,2026-06-25T00:00:00+05:30,2026-06-11T00:00:00+05:30
HAVELLS,2026,6,,1185.3,1209.1,1123.6,1159.3,-2.19353750105459,16099504,21,766643.047619048,11,9,0,85.5,0.0733596728129993,28.7190476190476,27.6190476190476,2026-06-18T00:00:00+05:30,2026-06-02T00:00:00+05:30
JMFINANCIL,2026,6,,125.01,130.9,114.5,122.31,-2.1598272138229,81292780,21,3871084.76190476,10,10,0,16.4,0.133301852833826,4.9,4.70857142857143,2026-06-02T00:00:00+05:30,2026-06-02T00:00:00+05:30
NFL,2026,6,,76.25,79.95,72,74.63,-2.12459016393443,34022745,21,1620130.71428571,10,10,0,7.95,0.105185894568388,2.1952380952381,2.11619047619048,2026-06-22T00:00:00+05:30,2026-06-08T00:00:00+05:30
ADANIENSOL,2026,6,,1521.8,1614.8,1445,1491.4,-1.99763438033906,58581178,21,2789579.90476191,11,9,0,169.8,0.112202643171806,51.7952380952381,50.6190476190476,2026-06-08T00:00:00+05:30,2026-06-03T00:00:00+05:30
HINDUNILVR,2026,6,,2158.5,2224.6,2065.7,2118.2,-1.86703729441743,31874860,21,1517850.47619048,8,12,0,158.9,0.0739828439795405,41.3380952380952,39.8761904761905,2026-06-17T00:00:00+05:30,2026-06-02T00:00:00+05:30
IRCTC,2026,6,,512.1,535,501,502.9,-1.79652411638353,18476561,21,879836.238095238,9,11,0,34,0.0657101574650972,9.85238095238095,9.53095238095238,2026-06-05T00:00:00+05:30,2026-06-30T00:00:00+05:30
LENSKART,2026,6,,524,532.5,482.15,514.95,-1.72709923664121,134100990,21,6385761.42857143,10,10,0,50.35,0.0989736173319667,14.6,14.5095238095238,2026-06-01T00:00:00+05:30,2026-06-24T00:00:00+05:30
KOTHARIPET,2026,6,,126,135,113.52,123.88,-1.68253968253969,1671624,21,79601.1428571429,9,11,0,21.48,0.177677291276056,4.70619047619048,4.63619047619048,2026-06-15T00:00:00+05:30,2026-06-09T00:00:00+05:30
DIVISLAB,2026,6,,6690,6887.5,6450.5,6579,-1.65919282511211,7388169,21,351817.571428571,10,10,0,437,0.065680892636039,136.595238095238,135.857142857143,2026-06-23T00:00:00+05:30,2026-06-02T00:00:00+05:30
UNOMINDA,2026,6,,1106,1153.9,1031.3,1087.8,-1.64556962025317,18589423,21,885210.619047619,10,10,0,122.6,0.112192294786932,37.4,36.2285714285714,2026-06-25T00:00:00+05:30,2026-06-12T00:00:00+05:30
GRASIM,2026,6,,3151.4,3200,3034.9,3100,-1.63102113346449,14434152,21,687340.571428572,10,10,0,165.1,0.053006629077433,57.3,55.1523809523809,2026-06-17T00:00:00+05:30,2026-06-08T00:00:00+05:30
POWERGRID,2026,6,,291,295.25,278.4,286.3,-1.61512027491409,233297853,21,11109421.5714286,11,9,0,16.85,0.0587259042893063,5.7095238095238,5.66666666666666,2026-06-24T00:00:00+05:30,2026-06-02T00:00:00+05:30
PFC,2026,6,,431,444.8,408.45,424.3,-1.55452436194895,135031628,21,6430077.52380952,11,9,0,36.35,0.0850884770795598,11.0571428571429,10.5880952380952,2026-06-22T00:00:00+05:30,2026-06-03T00:00:00+05:30
JIOFIN,2026,6,,239.99,246.85,227,236.44,-1.47922830117922,242437406,21,11544638.3809524,12,8,0,19.85,0.0836537535319805,5.05047619047619,4.59238095238095,2026-06-19T00:00:00+05:30,2026-06-11T00:00:00+05:30
EICHERMOT,2026,6,,7177,7754,6942.5,7073.5,-1.44210672983141,13826608,21,658409.904761905,9,11,0,811.5,0.110437498784906,181.142857142857,176.809523809524,2026-06-25T00:00:00+05:30,2026-06-30T00:00:00+05:30
FIRSTCRY,2026,6,,226.5,235.02,211.02,223.29,-1.41721854304636,58014049,21,2762573.76190476,9,11,0,24,0.109183313150307,7.66333333333334,7.49809523809524,2026-06-05T00:00:00+05:30,2026-06-08T00:00:00+05:30
KAYNES,2026,6,,3164.9,3399,3018.1,3121.9,-1.35865272204493,20487859,21,975612.333333333,11,9,0,380.9,0.120355881096111,107.271428571429,102.442857142857,2026-06-18T00:00:00+05:30,2026-06-11T00:00:00+05:30
NESTLEIND,2026,6,,1424.5,1454.9,1368.1,1405.2,-1.35486135486135,37895731,21,1804558.61904762,10,10,0,86.8000000000002,0.0620895441044228,32.2333333333334,32.1380952380953,2026-06-10T00:00:00+05:30,2026-06-02T00:00:00+05:30
AMBER,2026,6,,7630,8218,7120,7530,-1.31061598951507,8844726,21,421177.428571429,10,10,0,1098,0.142984708114745,265.714285714286,262.285714285714,2026-06-19T00:00:00+05:30,2026-06-12T00:00:00+05:30
HDFCAMC,2026,6,,2687.5,2735,2380.8,2653.2,-1.27627906976745,20056585,21,955075.476190476,9,11,0,354.2,0.136955429000701,74.3380952380952,69.5142857142857,2026-06-18T00:00:00+05:30,2026-06-12T00:00:00+05:30
BRITANNIA,2026,6,,5208,5298.5,5035,5146.5,-1.18087557603687,6099708,21,290462.285714286,13,7,0,263.5,0.0510094026548673,82.8095238095238,80.5238095238095,2026-06-25T00:00:00+05:30,2026-06-04T00:00:00+05:30
FABTECH,2026,6,,157.7,165,141.61,156.29,-0.894102726696257,7191621,21,342458.142857143,6,14,0,23.39,0.153475772081339,6.57047619047619,6.42095238095238,2026-06-16T00:00:00+05:30,2026-06-11T00:00:00+05:30
BAJAJFINSV,2026,6,,1794.9,1805.7,1640.5,1780.2,-0.818987130202242,22385042,21,1065954.38095238,8,12,0,165.2,0.0950757492710092,38.0952380952381,36.0571428571429,2026-06-01T00:00:00+05:30,2026-06-11T00:00:00+05:30
IOC,2026,6,,140.5,148.47,133.55,139.38,-0.797153024911035,284792533,21,13561549.1904762,11,9,0,14.92,0.105891776252421,3.32142857142857,2.81904761904762,2026-06-15T00:00:00+05:30,2026-06-11T00:00:00+05:30
SYNGENE,2026,6,,443,463.8,431.5,439.5,-0.790067720090294,19810601,21,943361.952380952,7,13,0,32.3,0.0727777986405798,12.5404761904762,12.3619047619048,2026-06-15T00:00:00+05:30,2026-06-29T00:00:00+05:30
TORNTPOWER,2026,6,,1425.7,1490,1368,1414.9,-0.757522620467136,7531971,21,358665.285714286,9,11,0,122,0.0855834338265015,40.9428571428572,40.5190476190476,2026-06-23T00:00:00+05:30,2026-06-11T00:00:00+05:30
EXIDEIND,2026,6,,390.45,410.5,377.7,387.6,-0.729927007299261,61133167,21,2911103.19047619,8,12,0,32.8,0.0839544393591283,11.3619047619048,10.8142857142857,2026-06-25T00:00:00+05:30,2026-06-24T00:00:00+05:30
BHEL,2026,6,,417,423.7,367.6,414.1,-0.695443645083927,279044102,21,13287814.3809524,11,9,0,56.1,0.141396320167069,14.3428571428571,14.2333333333333,2026-06-19T00:00:00+05:30,2026-06-11T00:00:00+05:30
MANAPPURAM,2026,6,,325.85,330.9,282.55,324.2,-0.506367960718132,65715892,21,3129328.19047619,9,11,0,48.35,0.154549259865292,10.5809523809524,9.8047619047619,2026-06-23T00:00:00+05:30,2026-06-11T00:00:00+05:30
MSCIINDIA,2026,6,,29.64,29.95,28.32,29.49,-0.506072874493934,4093790,21,194942.380952381,10,10,0,1.63,0.0557800736564221,0.539047619047619,0.51,2026-06-01T00:00:00+05:30,2026-06-04T00:00:00+05:30
GHCLTEXTIL,2026,6,,100.11,101.8,89.72,99.63,-0.479472580161826,11337977,21,539903.666666667,9,11,0,12.08,0.126861566466299,4.10619047619048,4.08047619047619,2026-06-01T00:00:00+05:30,2026-06-15T00:00:00+05:30
INTELLECT,2026,6,,719.65,790.95,707.1,717.25,-0.33349544917668,9558609,21,455171.857142857,9,11,0,83.85,0.11266735983364,25.3357142857143,24.5880952380952,2026-06-10T00:00:00+05:30,2026-06-30T00:00:00+05:30
ITC,2026,6,,287.8,294.55,275.05,286.95,-0.295343988881175,306841664,21,14611507.8095238,12,8,0,19.5,0.0681965793461788,4.75952380952381,4.59285714285715,2026-06-19T00:00:00+05:30,2026-06-04T00:00:00+05:30
PSB,2026,6,,24.28,25.94,23,24.24,-0.164744645799023,44102577,21,2100122.71428571,5,15,0,2.94,0.12148521280573,0.744285714285715,0.741904761904762,2026-06-17T00:00:00+05:30,2026-06-08T00:00:00+05:30
PNBHOUSING,2026,6,,1040,1079.9,950,1038.4,-0.153846153846145,16773761,21,798750.523809524,10,10,0,129.9,0.129265981140122,29.8857142857143,28.3095238095238,2026-06-25T00:00:00+05:30,2026-06-11T00:00:00+05:30
ANANTRAJ,2026,6,,522,598.8,510.3,521.25,-0.14367816091954,66081603,21,3146743,9,11,0,88.4999999999999,0.165306530875453,20.4238095238095,19.0142857142857,2026-06-05T00:00:00+05:30,2026-06-11T00:00:00+05:30
BEL,2026,6,,412.35,435,399,411.8,-0.133381835819088,280108199,21,13338485.6666667,10,10,0,36,0.08719723183391,9.07857142857143,8.89285714285714,2026-06-23T00:00:00+05:30,2026-06-08T00:00:00+05:30
MID150BEES,2026,6,,235.5,239.89,220.68,235.19,-0.13163481953291,18391634,21,875792.095238095,12,8,0,19.21,0.0826736071973849,4.49047619047619,4.36952380952381,2026-06-23T00:00:00+05:30,2026-06-12T00:00:00+05:30
NETWORK18,2026,6,,31.63,35.13,28.86,31.59,-0.126462219411948,291212027,21,13867239.3809524,12,8,0,6.27,0.195341591870039,1.50047619047619,1.44047619047619,2026-06-19T00:00:00+05:30,2026-06-03T00:00:00+05:30
SHREECEM,2026,6,,25275,26335,23290,25250,-0.0989119683481701,727919,21,34662.8095238095,9,11,0,3045,0.123100172295964,594.761904761905,569.52380952381,2026-06-25T00:00:00+05:30,2026-06-09T00:00:00+05:30
LIQUIDBEES,2026,6,,999.99,1003,974.99,1000,0.00100001000009909,63560894,21,3026709.23809524,7,6,7,28.01,0.0280101333815875,3.40190476190475,3.40190476190475,2026-06-24T00:00:00+05:30,2026-06-02T00:00:00+05:30
ADANIPORTS,2026,6,,1809.1,1857.8,1745.2,1810.2,0.0608037145542058,46410768,21,2210036.57142857,9,11,0,112.6,0.062211417792055,40.6761904761905,40.052380952381,2026-06-10T00:00:00+05:30,2026-06-02T00:00:00+05:30
BANKINDIA,2026,6,,140.3,151,134.6,140.4,0.0712758374910865,196643970,21,9363998.57142857,9,11,0,16.4,0.114398841396171,3.8452380952381,3.76761904761905,2026-06-15T00:00:00+05:30,2026-06-02T00:00:00+05:30
HINDPETRO,2026,6,,394.05,420,361.1,394.45,0.101509960664884,131650118,21,6269053.23809524,11,9,0,58.9,0.150689854719337,11.7761904761905,10.4833333333333,2026-06-25T00:00:00+05:30,2026-06-11T00:00:00+05:30
PNB,2026,6,,106.5,110.5,102.67,106.69,0.178403755868542,392559293,21,18693299.6666667,12,8,0,7.83,0.0730352050742211,2.32047619047619,2.23095238095238,2026-06-10T00:00:00+05:30,2026-06-02T00:00:00+05:30
LIQUIDCASE,2026,6,,114.34,114.78,114.32,114.76,0.367325520377822,352441552,21,16782931.0476191,17,0,3,0.460000000000008,0.0040162479263938,0.0342857142857136,0.0199999999999981,2026-06-30T00:00:00+05:30,2026-06-01T00:00:00+05:30
IKIO,2026,6,,151.21,166.5,147.1,151.85,0.423252430394806,1426448,21,67926.0952380952,9,11,0,19.4,0.123825647166812,6.00428571428572,5.77619047619048,2026-06-15T00:00:00+05:30,2026-06-01T00:00:00+05:30
ASHOKLEY,2026,6,,157.03,162.2,138.03,157.7,0.42667006304527,672931522,21,32044358.1904762,10,10,0,24.17,0.159514388884873,5.04,4.29476190476191,2026-06-25T00:00:00+05:30,2026-06-11T00:00:00+05:30
SONATSOFTW,2026,6,,266.5,324.9,251.4,267.65,0.431519699812374,79994572,21,3809265.33333333,7,13,0,73.5,0.265110527129386,13.6571428571429,13.0309523809524,2026-06-18T00:00:00+05:30,2026-06-12T00:00:00+05:30
SKYGOLD,2026,6,,530,590,485.5,532.55,0.48113207547169,30505125,21,1452625,9,11,0,104.5,0.200891631117377,27.1547619047619,26.3309523809524,2026-06-04T00:00:00+05:30,2026-06-23T00:00:00+05:30
HUDCO,2026,6,,204,218,199,205.02,0.500000000000005,46745982,21,2225999.14285714,9,10,1,19,0.0916802999944854,5.4547619047619,5.26428571428571,2026-06-18T00:00:00+05:30,2026-06-02T00:00:00+05:30
MOM30IETF,2026,6,,31.31,32.52,29.97,31.47,0.511018843819866,30649342,21,1459492.47619048,11,9,0,2.55,0.0819734868199493,0.547142857142857,0.504761904761905,2026-06-25T00:00:00+05:30,2026-06-08T00:00:00+05:30
M&M,2026,6,,3050,3208.5,2900.4,3068.8,0.616393442622957,69343430,21,3302068.0952381,12,8,0,308.1,0.100915241865297,77.9285714285714,72.5238095238095,2026-06-25T00:00:00+05:30,2026-06-11T00:00:00+05:30
CAMS,2026,6,,791.5,836,720,796.85,0.675931775110553,24863264,21,1183964.95238095,11,9,0,116,0.148805615029611,22.2642857142857,20.5880952380952,2026-06-18T00:00:00+05:30,2026-06-11T00:00:00+05:30
INDUSINDBK,2026,6,,917.75,953.5,881,924.2,0.702805774993195,46010669,21,2190984.23809524,12,8,0,72.5,0.0791980836404589,24.1714285714286,23.4595238095238,2026-06-15T00:00:00+05:30,2026-06-08T00:00:00+05:30
IRB,2026,6,,21.27,22.09,20.12,21.42,0.705218617771519,270150730,21,12864320.4761905,10,10,0,1.97,0.092914093206064,0.546666666666667,0.516190476190476,2026-06-01T00:00:00+05:30,2026-06-11T00:00:00+05:30
INOXWIND,2026,6,,89.48,94.7,80.75,90.12,0.715243629861422,346929751,21,16520464.3333333,11,9,0,13.95,0.159247441005876,3.56142857142857,3.40714285714286,2026-06-22T00:00:00+05:30,2026-06-11T00:00:00+05:30
SRF,2026,6,,2719,2784,2610.4,2739,0.735564545788893,10325202,21,491676.285714286,11,9,0,173.6,0.0639203275268044,68.4380952380953,65.6857142857144,2026-06-16T00:00:00+05:30,2026-06-08T00:00:00+05:30
BANKBARODA,2026,6,,270.4,287.2,258,272.4,0.739644970414201,300211083,21,14295765.8571429,10,10,0,29.2,0.106753945386966,7.42619047619047,7.14285714285714,2026-06-23T00:00:00+05:30,2026-06-08T00:00:00+05:30
KTKBANK,2026,6,,271,282.95,255,273.4,0.885608856088553,42571074,21,2027194,8,12,0,27.95,0.103833498443249,9.13809523809523,8.97142857142857,2026-06-15T00:00:00+05:30,2026-06-08T00:00:00+05:30
NIFTY,2026,6,,23654.5,24261.6,23070.15,23865.75,0.893064744551777,8377121804,21,398910562.095238,11,9,0,1191.45,0.0503079294587741,260.992857142857,227.516666666666,2026-06-25T00:00:00+05:30,2026-06-08T00:00:00+05:30
AVANTEL,2026,6,,177.51,184.9,155.52,179.12,0.906991155427871,44045995,21,2097428.33333333,11,9,0,29.38,0.171479552415522,7.83619047619048,7.50190476190476,2026-06-18T00:00:00+05:30,2026-06-11T00:00:00+05:30
DCW,2026,6,,47.01,51.94,44.71,47.44,0.91469900021272,28407042,21,1352716.28571429,10,10,0,7.23,0.151013019564158,1.86142857142857,1.76809523809524,2026-06-18T00:00:00+05:30,2026-06-11T00:00:00+05:30
MIDCAPETF,2026,6,,23.05,23.92,22.11,23.28,0.997830802603039,46872648,21,2232030.85714286,12,8,0,1.81,0.0787706718614002,0.459523809523809,0.430952380952381,2026-06-23T00:00:00+05:30,2026-06-04T00:00:00+05:30
ADANIGREEN,2026,6,,1477,1557,1396,1492.2,1.02911306702776,68360446,21,3255259.33333333,8,12,0,161,0.108128334036919,48.0190476190476,47.2857142857143,2026-06-23T00:00:00+05:30,2026-06-03T00:00:00+05:30
HITECH,2026,6,,87.09,97.17,82.3,87.99,1.03341370995521,17763980,21,845903.80952381,13,7,0,14.87,0.166454336597353,3.4252380952381,3.36,2026-06-23T00:00:00+05:30,2026-06-02T00:00:00+05:30
NIFTYBEES,2026,6,,268.98,275.4,261.35,271.82,1.05584058294296,163722281,21,7796299.0952381,11,9,0,14.05,0.0522678637226834,3.11857142857144,2.88333333333335,2026-06-25T00:00:00+05:30,2026-06-11T00:00:00+05:30
BHARTIARTL,2026,6,,1830,1927.7,1768.6,1852,1.20218579234973,153017540,21,7286549.52380952,11,9,0,159.1,0.0864374155960408,34.8714285714285,34.3047619047619,2026-06-23T00:00:00+05:30,2026-06-11T00:00:00+05:30
TURTLEMINT,2026,6,,134.9,144.95,132,136.6,1.26019273535952,13612246,2,6806123,1,0,0,12.95,0.0952310916645217,9.50999999999999,9.50999999999999,2026-06-29T00:00:00+05:30,2026-06-29T00:00:00+05:30
IOB,2026,6,,33.66,36.53,32.26,34.09,1.27748068924542,101542410,21,4835352.85714286,9,11,0,4.27,0.126049002656771,0.78904761904762,0.765238095238096,2026-06-17T00:00:00+05:30,2026-06-11T00:00:00+05:30
MAZDOCK,2026,6,,2464.9,2569,2315.1,2496.6,1.28605622946163,16942142,21,806768.666666667,9,11,0,253.9,0.103336001410916,66.7285714285715,63.452380952381,2026-06-18T00:00:00+05:30,2026-06-11T00:00:00+05:30
DCXINDIA,2026,6,,196.14,212.78,173.1,198.72,1.3153869684919,27419772,21,1305703.42857143,11,9,0,39.68,0.205877774895304,9.33142857142857,8.98571428571429,2026-06-22T00:00:00+05:30,2026-06-11T00:00:00+05:30
LOWVOL1,2026,6,,20.4,21.9,19.63,20.67,1.32352941176472,17991905,21,856757.380952381,10,10,0,2.27,0.110654596100279,0.697142857142857,0.680952380952381,2026-06-16T00:00:00+05:30,2026-06-08T00:00:00+05:30
LT,2026,6,,4089,4272.3,3854.4,4143.4,1.33039863047199,41459839,21,1974278.04761905,10,10,0,417.9,0.102623140986812,80.6523809523808,70.8380952380951,2026-06-25T00:00:00+05:30,2026-06-11T00:00:00+05:30
HEXT,2026,6,,508,552.5,472,514.85,1.3484251968504,21776779,21,1036989.47619048,8,12,0,80.5,0.157755495313061,21.1357142857143,20.2666666666667,2026-06-02T00:00:00+05:30,2026-06-19T00:00:00+05:30
MOTHERSON,2026,6,,146.01,155.25,138.03,148.11,1.43825765358539,499811663,21,23800555.3809524,9,11,0,17.22,0.118757840670997,4.56285714285715,4.26333333333334,2026-06-25T00:00:00+05:30,2026-06-08T00:00:00+05:30
BAJAJHLDNG,2026,6,,10450,10995,9816,10603,1.46411483253589,1058477,21,50403.6666666667,11,9,0,1179,0.113731993238277,266.666666666667,253.190476190476,2026-06-23T00:00:00+05:30,2026-06-08T00:00:00+05:30
LODHA,2026,6,,941.15,972,848,955.25,1.4981671359507,45279658,21,2156174.19047619,13,7,0,124,0.13652378156195,32.2642857142857,29.8214285714286,2026-06-25T00:00:00+05:30,2026-06-11T00:00:00+05:30
RITES,2026,6,,201.49,216.94,198.32,204.51,1.49883368901682,19039238,21,906630.380952381,12,8,0,18.62,0.0901266779761027,5.56857142857142,5.22,2026-06-22T00:00:00+05:30,2026-06-02T00:00:00+05:30
RCF,2026,6,,128.9,140,122.21,130.95,1.59038013964312,46763019,21,2226810.42857143,12,8,0,17.79,0.137088192339589,4.19095238095238,4.08380952380953,2026-06-22T00:00:00+05:30,2026-06-11T00:00:00+05:30
BPCL,2026,6,,298.75,321.6,280.25,303.55,1.60669456066946,180981111,21,8618148.14285714,9,11,0,41.35,0.137072905074231,7.6952380952381,6.67142857142857,2026-06-18T00:00:00+05:30,2026-06-11T00:00:00+05:30
SOLARINDS,2026,6,,18390,18780,16832,18696,1.66394779771615,3299318,21,157110.380952381,12,8,0,1948,0.108750149535443,584.904761904762,575.666666666667,2026-06-30T00:00:00+05:30,2026-06-17T00:00:00+05:30
ALPHA,2026,6,,50.64,52.67,48.58,51.51,1.71800947867298,35882999,21,1708714.23809524,11,9,0,4.09,0.0807069966736202,1.26047619047619,1.22714285714286,2026-06-23T00:00:00+05:30,2026-06-11T00:00:00+05:30
EMBDL,2026,6,,61.05,67.23,55.36,62.12,1.75266175266175,63880285,21,3041918.33333333,9,11,0,11.87,0.196343615110747,3.29142857142857,3.05666666666667,2026-06-16T00:00:00+05:30,2026-06-03T00:00:00+05:30
HAL,2026,6,,4303.8,4535,4148.8,4381.2,1.79841070681722,18501040,21,881001.904761905,9,11,0,386.2,0.0895286120206032,107.833333333333,105.985714285714,2026-06-23T00:00:00+05:30,2026-06-08T00:00:00+05:30
VOLTAS,2026,6,,1255,1411.9,1204,1277.6,1.800796812749,25612703,21,1219652.52380952,10,10,0,207.9,0.159940066893553,40.4714285714286,39.2333333333334,2026-06-22T00:00:00+05:30,2026-06-02T00:00:00+05:30
SONACOMS,2026,6,,608.8,632.2,582.1,619.9,1.82325886990802,36132058,21,1720574.19047619,12,8,0,50.1,0.0827838539617594,14.9190476190476,14.4666666666667,2026-06-25T00:00:00+05:30,2026-06-11T00:00:00+05:30
PAYTM,2026,6,,1120.5,1159.2,1014,1141.5,1.87416331994645,47833197,21,2277771.28571429,8,12,0,145.2,0.133635443282071,36.3619047619048,34.8809523809524,2026-06-30T00:00:00+05:30,2026-06-11T00:00:00+05:30
COFORGE,2026,6,,1438.2,1554,1356.2,1465.7,1.91211236267557,82405501,21,3924071.47619048,8,12,0,197.8,0.136356921743641,52.1857142857143,48.8952380952381,2026-06-02T00:00:00+05:30,2026-06-11T00:00:00+05:30
JAMNAAUTO,2026,6,,128.9,135.99,113.94,131.37,1.91621411947246,48528986,21,2310904.0952381,12,8,0,22.05,0.174956360091587,4.75666666666667,4.41666666666667,2026-06-22T00:00:00+05:30,2026-06-11T00:00:00+05:30
KISSHT,2026,6,,273.95,302.5,252.5,279.5,2.0259171381639,58630245,21,2791916.42857143,10,10,0,50,0.182019900842492,15.9785714285714,15.7214285714286,2026-06-22T00:00:00+05:30,2026-06-05T00:00:00+05:30
LEMONTREE,2026,6,,114.33,121.45,103.5,116.65,2.02921367969912,93309052,21,4443288.19047619,11,9,0,17.95,0.16032238856754,3.23142857142857,2.96380952380952,2026-06-23T00:00:00+05:30,2026-06-11T00:00:00+05:30
BHARATSE,2026,6,,186,195,171,189.87,2.08064516129032,2794647,21,133078.428571429,11,9,0,24,0.130055789805071,7.64666666666667,7.30476190476191,2026-06-19T00:00:00+05:30,2026-06-11T00:00:00+05:30
MRPL,2026,6,,146,171.25,144.1,149.05,2.08904109589042,163367574,21,7779408.28571429,8,12,0,27.15,0.173994909699038,6.28142857142857,6.09428571428571,2026-06-15T00:00:00+05:30,2026-06-02T00:00:00+05:30
KFINTECH,2026,6,,861.75,928,800.05,879.8,2.09457499274731,22417757,21,1067512.23809524,11,9,0,127.95,0.148239383197937,25.9571428571429,24.3642857142857,2026-06-22T00:00:00+05:30,2026-06-11T00:00:00+05:30
KOTAKBANK,2026,6,,384.15,413.8,372.2,392.25,2.10855134713003,318750136,21,15178577.9047619,12,8,0,41.6,0.105676354069011,8.14761904761905,7.79285714285715,2026-06-25T00:00:00+05:30,2026-06-02T00:00:00+05:30
CONCOR,2026,6,,465.1,484.65,437.45,475.25,2.18232638142334,29833708,21,1420652.76190476,12,8,0,47.2,0.102327982243328,10.1452380952381,9.58333333333332,2026-06-23T00:00:00+05:30,2026-06-11T00:00:00+05:30
ALKEM,2026,6,,5443.5,5608,5162.5,5570,2.32387250849637,3100146,21,147626,11,9,0,445.5,0.083260652878146,115.547619047619,113.880952380952,2026-06-30T00:00:00+05:30,2026-06-03T00:00:00+05:30
TVSMOTOR,2026,6,,3382,3602.3,3265.6,3460.6,2.32406859846245,24987946,21,1189902.19047619,11,9,0,336.7,0.0988880046879743,82.7,80.5428571428572,2026-06-25T00:00:00+05:30,2026-06-12T00:00:00+05:30
LTGILTBEES,2026,6,,29.25,30.15,28.82,29.94,2.35897435897436,26093378,21,1242541.80952381,15,5,0,1.33,0.0450491136953821,0.202857142857143,0.197142857142857,2026-06-22T00:00:00+05:30,2026-06-01T00:00:00+05:30
LLOYDSENT,2026,6,,72.1,80.24,63.67,73.82,2.38557558945908,93005649,21,4428840.42857143,10,10,0,16.57,0.23326138252802,3.52809523809524,3.40047619047619,2026-06-22T00:00:00+05:30,2026-06-08T00:00:00+05:30
BLUESTARCO,2026,6,,1590.1,1717.7,1508.1,1628.3,2.40236463115528,9702583,21,462027.761904762,10,10,0,209.6,0.129752292685515,47.0952380952381,46.0142857142858,2026-06-22T00:00:00+05:30,2026-06-02T00:00:00+05:30
SMALLCAP,2026,6,,45.28,47.71,43.65,46.37,2.40724381625441,38357238,21,1826535.14285714,12,8,0,4.06,0.0893560828372601,0.94095238095238,0.90095238095238,2026-06-25T00:00:00+05:30,2026-06-11T00:00:00+05:30
CGPOWER,2026,6,,928.95,969.9,883.05,952.15,2.49744335001883,86009836,21,4095706.47619048,10,10,0,86.85,0.0932245623988898,26.5452380952381,26.0857142857143,2026-06-18T00:00:00+05:30,2026-06-02T00:00:00+05:30
KARURVYSYA,2026,6,,288.75,301.65,268.95,296.1,2.54545454545455,61833319,21,2944443.76190476,12,8,0,32.7,0.11301936322715,9.39523809523809,9.29523809523809,2026-06-18T00:00:00+05:30,2026-06-11T00:00:00+05:30
FORTIS,2026,6,,933.1,1010.1,899.1,956.95,2.55599614189262,37184773,21,1770703.47619048,12,7,1,111,0.115102869177269,24.252380952381,24.2095238095238,2026-06-10T00:00:00+05:30,2026-06-02T00:00:00+05:30
COCHINSHIP,2026,6,,1470,1523.6,1368.1,1507.9,2.57823129251701,27280871,21,1299089.0952381,10,10,0,155.5,0.107272733245513,49.8904761904762,48.747619047619,2026-06-18T00:00:00+05:30,2026-06-11T00:00:00+05:30
KEI,2026,6,,5289.5,5708,5067.5,5427.5,2.60894224406844,7145146,21,340245.047619048,11,9,0,640.5,0.119040981321439,189.452380952381,182.785714285714,2026-06-23T00:00:00+05:30,2026-06-02T00:00:00+05:30
UNIONBANK,2026,6,,168,177.6,160.1,172.43,2.63690476190477,268786674,21,12799365.4285714,9,11,0,17.5,0.102714456605588,4.19380952380952,4.03857142857143,2026-06-18T00:00:00+05:30,2026-06-02T00:00:00+05:30
IGL,2026,6,,160.47,175.6,159.15,164.78,2.68586028541161,60890710,21,2899557.61904762,8,12,0,16.45,0.099261251476204,4.14857142857143,4.02761904761905,2026-06-17T00:00:00+05:30,2026-06-02T00:00:00+05:30
KRISHANA,2026,6,,134,149.71,129.94,137.6,2.6865671641791,6427615,21,306076.904761905,11,9,0,19.77,0.144829607096885,4.92666666666667,4.90904761904762,2026-06-25T00:00:00+05:30,2026-06-08T00:00:00+05:30
DIXON,2026,6,,11600,12930,11153,11920,2.75862068965517,11463534,21,545882.571428572,9,11,0,1777,0.149915033283652,373.857142857143,359.809523809524,2026-06-18T00:00:00+05:30,2026-06-03T00:00:00+05:30
SUNPHARMA,2026,6,,1812,1902.4,1756.8,1862.5,2.78697571743929,46972399,21,2236780.90476191,12,8,0,145.6,0.0800651498210214,27.852380952381,27.7619047619048,2026-06-23T00:00:00+05:30,2026-06-03T00:00:00+05:30
MUNJALAU,2026,6,,90.21,104.5,85.42,92.74,2.80456712116174,10563465,21,503022.142857143,10,10,0,19.08,0.20195564516129,4.28095238095238,4.19380952380952,2026-06-10T00:00:00+05:30,2026-06-03T00:00:00+05:30
SBCL,2026,6,,739.7,789.85,662.5,760.45,2.80519129376774,9598508,21,457071.80952381,10,10,0,127.35,0.173778140219436,35.6714285714286,35.3333333333333,2026-06-25T00:00:00+05:30,2026-06-11T00:00:00+05:30
NHPC,2026,6,,79.11,82.1,71.62,81.33,2.80621918847175,1028354224,21,48969248.7619048,11,9,0,10.48,0.137970810973469,2.21666666666667,1.95857142857143,2026-06-29T00:00:00+05:30,2026-06-11T00:00:00+05:30
TEXRAIL,2026,6,,104.71,114.9,100.35,107.66,2.81730493744628,46113634,21,2195887.33333333,10,10,0,14.55,0.136422084706261,3.45761904761905,3.19428571428572,2026-06-22T00:00:00+05:30,2026-06-02T00:00:00+05:30
MSUMI,2026,6,,39.01,42,36.32,40.12,2.84542425019226,466380737,21,22208606.5238095,12,8,0,5.68,0.148949188946192,1.23619047619048,1.17,2026-06-25T00:00:00+05:30,2026-06-11T00:00:00+05:30
PHARMABEES,2026,6,,25.31,26.9,24.09,26.04,2.88423548004741,146766107,21,6988862.23809524,13,7,0,2.81,0.111905484335887,0.816190476190476,0.816190476190476,2026-06-29T00:00:00+05:30,2026-06-05T00:00:00+05:30
ADANIENT,2026,6,,2949.9,3105,2865.2,3036,2.91874300823756,41930356,21,1996683.61904762,13,7,0,239.8,0.0805032451961506,83.0238095238096,80.2857142857143,2026-06-25T00:00:00+05:30,2026-06-02T00:00:00+05:30
ZYDUSLIFE,2026,6,,1081,1128.5,1048.9,1112.6,2.9232192414431,28416377,21,1353160.80952381,9,11,0,79.5999999999999,0.0729080798168138,24.9142857142857,24.7809523809524,2026-06-30T00:00:00+05:30,2026-06-03T00:00:00+05:30
ELECTCAST,2026,6,,77.4,85.73,69,79.68,2.94573643410853,56553946,21,2693045.04761905,8,12,0,16.73,0.21814422491835,3.49095238095238,3.4,2026-06-22T00:00:00+05:30,2026-06-11T00:00:00+05:30
TIMETECHNO,2026,6,,174.75,185.7,162.5,179.96,2.98140200286124,69571549,21,3312930.90476191,12,8,0,23.2,0.132823703251345,5.56238095238095,5.18952380952381,2026-06-25T00:00:00+05:30,2026-06-11T00:00:00+05:30
MARICO,2026,6,,812,844.65,794.85,836.25,2.98645320197044,44960859,21,2140993.28571429,10,10,0,49.8,0.0610037799244015,16.8,16.6357142857143,2026-06-29T00:00:00+05:30,2026-06-02T00:00:00+05:30
IFGLEXPOR,2026,6,,175,205,175,180.39,3.07999999999999,2523432,21,120163.428571429,8,12,0,30,0.157921254947573,8.91095238095238,8.6052380952381,2026-06-02T00:00:00+05:30,2026-06-01T00:00:00+05:30
BAJAJHFL,2026,6,,84.82,91.38,82.3,87.5,3.1596321622259,103665404,21,4936447.80952381,11,9,0,9.08,0.106283478348113,1.88238095238095,1.77714285714286,2026-06-22T00:00:00+05:30,2026-06-11T00:00:00+05:30
NBCC,2026,6,,101.7,114.29,99.06,104.93,3.17600786627336,419535624,21,19977886.8571429,9,11,0,15.23,0.143136535328763,3.93047619047619,3.79904761904762,2026-06-18T00:00:00+05:30,2026-06-01T00:00:00+05:30
PETRONET,2026,6,,272,294.1,261.15,280.8,3.23529411764706,72339971,21,3444760.52380952,9,11,0,32.95,0.118501836739937,6.22142857142856,5.89285714285713,2026-06-17T00:00:00+05:30,2026-06-11T00:00:00+05:30
PARKHOSPS,2026,6,,289.7,303.7,251,299.3,3.31377286848465,17062610,21,812505.238095238,11,9,0,52.7,0.18811031317724,12.7619047619048,12.3095238095238,2026-06-30T00:00:00+05:30,2026-06-17T00:00:00+05:30
APOLLO,2026,6,,410.55,446.9,377.25,424.75,3.45877481427353,466088137,21,22194673.1904762,11,9,0,69.65,0.168176748571363,23.597619047619,23.1785714285714,2026-06-03T00:00:00+05:30,2026-06-11T00:00:00+05:30
ENGINERSIN,2026,6,,232.49,265,220,240.61,3.49262333863822,82230380,21,3915732.38095238,11,8,1,45,0.187143906733022,9.66428571428572,9.51761904761905,2026-06-23T00:00:00+05:30,2026-06-11T00:00:00+05:30
MODEFENCE,2026,6,,101.11,107.99,96.35,104.67,3.52091781228365,50806784,21,2419370.66666667,12,8,0,11.64,0.114776190185518,2.80142857142857,2.77,2026-06-23T00:00:00+05:30,2026-06-02T00:00:00+05:30
M&MFIN,2026,6,,305,332.4,274.35,315.8,3.54098360655738,74783819,21,3561134.23809524,7,12,1,58.05,0.196375498368974,10.8952380952381,10.4,2026-06-29T00:00:00+05:30,2026-06-11T00:00:00+05:30
DRREDDY,2026,6,,1310.1,1414.9,1248.4,1357.1,3.58751240363331,37182774,21,1770608.28571429,11,9,0,166.5,0.12897787844024,27.0666666666667,25.8619047619048,2026-06-29T00:00:00+05:30,2026-06-04T00:00:00+05:30
SAMBHV,2026,6,,104.69,115.4,100,108.46,3.60110803324099,18381413,21,875305.380952381,11,9,0,15.4,0.143081517531247,4.06571428571429,3.99428571428572,2026-06-24T00:00:00+05:30,2026-06-08T00:00:00+05:30
OBEROIRLTY,2026,6,,1707.2,1784.9,1575.1,1769.2,3.63167760074977,10339473,21,492355.857142857,11,9,0,209.8,0.125433456893459,46.6714285714286,44.2190476190477,2026-06-30T00:00:00+05:30,2026-06-11T00:00:00+05:30
SUZLON,2026,6,,56.81,60.45,52.56,58.9,3.67892976588628,2063353928,21,98254948.952381,11,9,0,7.89,0.139816885363487,1.83380952380952,1.79809523809524,2026-06-19T00:00:00+05:30,2026-06-02T00:00:00+05:30
PARACABLES,2026,6,,66.5,74.8,57.82,69.02,3.78947368421052,82993800,21,3952085.71428571,10,10,0,16.98,0.254529101888732,4.76761904761905,4.59476190476191,2026-06-22T00:00:00+05:30,2026-06-02T00:00:00+05:30
YESBANK,2026,6,,23.28,25.78,22.18,24.18,3.86597938144329,3059828763,21,145706131.571429,10,10,0,3.6,0.150804891185095,0.73047619047619,0.706190476190476,2026-06-18T00:00:00+05:30,2026-06-11T00:00:00+05:30
HDFCSML250,2026,6,,171.99,182.75,166.96,178.66,3.87813244956101,38931193,21,1853866.33333333,12,8,0,15.79,0.0907352071977408,3.28047619047619,3.10285714285714,2026-06-22T00:00:00+05:30,2026-06-11T00:00:00+05:30
CIPLA,2026,6,,1410,1490.1,1341.1,1465.4,3.9290780141844,37008974,21,1762332.0952381,12,8,0,149,0.106726971327999,29.3857142857143,28.0190476190476,2026-06-29T00:00:00+05:30,2026-06-17T00:00:00+05:30
BCLIND,2026,6,,32.53,39.98,31.52,33.84,4.02705195204427,48318055,21,2300859.76190476,9,11,0,8.46,0.238153326452097,1.65952380952381,1.63619047619048,2026-06-11T00:00:00+05:30,2026-06-02T00:00:00+05:30
MMTC,2026,6,,65.4,78.35,62.87,68.05,4.05198776758409,386564244,21,18407821.1428571,10,10,0,15.48,0.223594794618538,3.56904761904762,3.47809523809524,2026-06-17T00:00:00+05:30,2026-06-02T00:00:00+05:30
EMMVEE,2026,6,,329.5,352,300.6,343,4.09711684370258,73117644,21,3481792.57142857,10,10,0,51.4,0.155209973470224,15.2690476190476,14.9904761904762,2026-06-15T00:00:00+05:30,2026-06-02T00:00:00+05:30
TORNTPHARM,2026,6,,4438.1,4742.9,4240.3,4620.1,4.10085396904081,11410490,21,543356.666666667,9,11,0,502.599999999999,0.112466993868691,111.542857142857,110.7,2026-06-29T00:00:00+05:30,2026-06-02T00:00:00+05:30
CMPDI,2026,6,,238,268,220.86,247.91,4.16386554621849,96412985,21,4591094.52380952,12,8,0,47.14,0.19436503573392,12.8214285714286,12.6466666666667,2026-06-24T00:00:00+05:30,2026-06-11T00:00:00+05:30
DELHIVERY,2026,6,,453,491.7,428.1,472.05,4.20529801324504,77990194,21,3713818.76190476,13,7,0,63.6,0.140623519378376,13.0571428571428,12.4738095238095,2026-06-22T00:00:00+05:30,2026-06-11T00:00:00+05:30
SBC,2026,6,,39.71,45,35.8,41.38,4.20548980105767,337957681,21,16093222.9047619,11,9,0,9.2,0.236477802665883,1.39857142857143,1.34095238095238,2026-06-19T00:00:00+05:30,2026-06-01T00:00:00+05:30
DLF,2026,6,,595,644,555.5,620.05,4.21008403361344,85543866,21,4073517.42857143,10,10,0,88.5,0.147436812794517,18.2809523809524,17.147619047619,2026-06-18T00:00:00+05:30,2026-06-11T00:00:00+05:30
SCI,2026,6,,292.95,330,283.6,305.3,4.215736473801,143622366,21,6839160.28571429,10,10,0,46.4,0.152148963578873,12.4595238095238,11.9642857142857,2026-06-24T00:00:00+05:30,2026-06-02T00:00:00+05:30
PSUBNKBEES,2026,6,,91.2,100,88.5,95.09,4.26535087719298,77393409,21,3685400.42857143,12,8,0,11.5,0.121570601560534,2.40333333333333,2.38904761904762,2026-06-18T00:00:00+05:30,2026-06-02T00:00:00+05:30
JSWCEMENT,2026,6,,129.28,136.9,122.8,134.92,4.36262376237623,59610493,21,2838594.90476191,11,9,0,14.1,0.109047920687065,3.53571428571429,3.41095238095238,2026-06-25T00:00:00+05:30,2026-06-11T00:00:00+05:30
CDSL,2026,6,,1250.5,1396.8,1183,1305.5,4.39824070371851,39744971,21,1892617.66666667,10,10,0,213.8,0.168564509770795,33.7,31.4285714285715,2026-06-18T00:00:00+05:30,2026-06-11T00:00:00+05:30
AXISBANK,2026,6,,1289,1400.1,1230.3,1345.7,4.39875872769589,155372252,21,7398678.66666667,11,9,0,169.8,0.128056138133134,25.9571428571429,25.5285714285714,2026-06-25T00:00:00+05:30,2026-06-03T00:00:00+05:30
LICI,2026,6,,413.4,450.2,391.55,431.65,4.41461054668602,97712224,21,4652963.04761905,12,8,0,58.65,0.141482774861291,10.0857142857143,9.34047619047619,2026-06-19T00:00:00+05:30,2026-06-11T00:00:00+05:30
MEESHO,2026,6,,184.25,195.48,160.52,192.4,4.42333785617368,793077047,21,37765573.6666667,9,11,0,34.96,0.200314321262524,8.5247619047619,8.52,2026-06-30T00:00:00+05:30,2026-06-05T00:00:00+05:30
OLAELEC,2026,6,,41.87,49.05,38.08,43.76,4.51397181753045,4076295724,21,194109320.190476,8,12,0,10.97,0.252789939757053,2.67761904761905,2.66190476190476,2026-06-09T00:00:00+05:30,2026-06-02T00:00:00+05:30
TRIDENT,2026,6,,24.98,27.31,23.51,26.12,4.56365092073659,170246230,21,8106963.33333333,12,8,0,3.8,0.152098501886936,0.694285714285713,0.659047619047618,2026-06-24T00:00:00+05:30,2026-06-11T00:00:00+05:30
GODREJPROP,2026,6,,1785,1887.6,1610.1,1866.6,4.57142857142857,12693737,21,604463.666666667,11,9,0,277.5,0.158599480180168,53.6285714285714,49.3238095238095,2026-06-30T00:00:00+05:30,2026-06-11T00:00:00+05:30
EMIL,2026,6,,116.18,124.37,100.45,121.73,4.77707006369427,23118392,21,1100875.80952381,10,10,0,23.92,0.210528962820465,4.79285714285714,4.68285714285714,2026-06-25T00:00:00+05:30,2026-06-11T00:00:00+05:30
AUBANK,2026,6,,989.4,1079.2,941.4,1037.05,4.81605013139276,45954974,21,2188332.0952381,11,9,0,137.8,0.137153744617623,28.9738095238095,28.3928571428572,2026-06-25T00:00:00+05:30,2026-06-03T00:00:00+05:30
POLYCAB,2026,6,,9501,10126,9320.5,9961,4.84159562151353,7067473,21,336546.333333333,12,8,0,805.5,0.0830918182889928,241.261904761905,240.333333333333,2026-06-22T00:00:00+05:30,2026-06-02T00:00:00+05:30
PVTBANIETF,2026,6,,26.91,28.93,25.67,28.24,4.9424005945745,262507699,21,12500366.6190476,13,7,0,3.26,0.118520826841176,0.51,0.504761904761905,2026-06-25T00:00:00+05:30,2026-06-09T00:00:00+05:30
CENTRALBK,2026,6,,30.98,34.48,29.32,32.53,5.00322788896062,408333735,21,19444463.5714286,11,9,0,5.16,0.163087157413121,0.999523809523809,0.924285714285714,2026-06-17T00:00:00+05:30,2026-06-02T00:00:00+05:30
COMSYN,2026,6,,153.53,173.6,151.5,161.3,5.06090014980786,2176025,21,103620.238095238,11,8,1,22.1,0.136425367299066,7.00095238095238,7.00095238095238,2026-06-17T00:00:00+05:30,2026-06-09T00:00:00+05:30
LICHSGFIN,2026,6,,536,570.75,523.55,564,5.22388059701493,34504321,21,1643062.9047619,8,12,0,47.2,0.0861018333123407,12.8761904761905,12.552380952381,2026-06-15T00:00:00+05:30,2026-06-03T00:00:00+05:30
MOREALTY,2026,6,,78.53,83.6,73.88,82.75,5.37374251878263,16151253,21,769107.285714286,12,8,0,9.72,0.123266824484275,1.94714285714286,1.89428571428571,2026-06-25T00:00:00+05:30,2026-06-11T00:00:00+05:30
ETERNAL,2026,6,,251.1,267.5,234.25,264.6,5.37634408602152,579600033,21,27600001.5714286,11,9,0,33.25,0.131388303477345,7.84285714285714,7.15714285714285,2026-06-22T00:00:00+05:30,2026-06-11T00:00:00+05:30
GAIL,2026,6,,164.51,178.47,161.18,173.46,5.44039875995381,181608728,21,8648034.66666667,11,9,0,17.29,0.101149418883231,3.87571428571429,3.75285714285714,2026-06-22T00:00:00+05:30,2026-06-02T00:00:00+05:30
TFCILTD,2026,6,,73.06,82.28,71.2,77.07,5.48863947440459,124279247,21,5918059.38095238,9,11,0,11.08,0.146812376962294,2.94809523809524,2.89809523809524,2026-06-25T00:00:00+05:30,2026-06-01T00:00:00+05:30
APOLLOHOSP,2026,6,,8221.5,8770,7816,8682,5.60116767013319,8002795,21,381085.476190476,13,7,0,954,0.113154156582444,144.357142857143,142.452380952381,2026-06-30T00:00:00+05:30,2026-06-02T00:00:00+05:30
VIYASH,2026,6,,262,278.9,241.3,276.75,5.62977099236641,59705507,21,2843119.38095238,10,9,1,37.6,0.146546524252744,11.1666666666667,10.9714285714286,2026-06-23T00:00:00+05:30,2026-06-03T00:00:00+05:30
STALLION,2026,6,,174.37,205.3,170.58,184.24,5.66037735849057,42419242,21,2019963.9047619,8,12,0,34.72,0.186352739113322,10.7409523809524,10.2428571428571,2026-06-22T00:00:00+05:30,2026-06-11T00:00:00+05:30
UNITDSPR,2026,6,,1276.9,1395.9,1229.2,1350.4,5.7561281227974,19064512,21,907833.904761905,11,9,0,166.7,0.128537281209037,30.1714285714286,28.2666666666667,2026-06-25T00:00:00+05:30,2026-06-08T00:00:00+05:30
BANKNIFTY,2026,6,,54403.85,58706.05,53027.15,57542.9,5.76990415200395,7513936403,21,357806495.380952,14,6,0,5678.9,0.100967158617087,782.452380952381,722.116666666666,2026-06-25T00:00:00+05:30,2026-06-03T00:00:00+05:30
LUPIN,2026,6,,2285.4,2440.8,2219.8,2419,5.84580379802222,18042940,21,859187.619047619,12,8,0,221,0.0959623842341308,43.4761904761906,42.1666666666668,2026-06-30T00:00:00+05:30,2026-06-02T00:00:00+05:30
ROLEXRINGS,2026,6,,141.15,150,135,149.58,5.97236981934113,23817599,21,1134171.38095238,13,7,0,15,0.105804822012777,3.41952380952381,3.31904761904762,2026-06-30T00:00:00+05:30,2026-06-04T00:00:00+05:30
TMB,2026,6,,692,798.25,686.35,733.45,5.98988439306359,7552597,21,359647.476190476,8,11,1,111.9,0.147752030104971,28.25,27.6690476190476,2026-06-18T00:00:00+05:30,2026-06-01T00:00:00+05:30
MANKIND,2026,6,,2399.8,2604,2275.6,2545.6,6.075506292191,10456452,21,497926.285714286,10,10,0,328.4,0.136506151921585,66.4952380952381,66.152380952381,2026-06-23T00:00:00+05:30,2026-06-02T00:00:00+05:30
EXICOM,2026,6,,161.04,182.9,129.06,170.83,6.07923497267761,251067637,21,11955601.7619048,10,10,0,53.84,0.342339123562914,12.22,11.84,2026-06-22T00:00:00+05:30,2026-06-08T00:00:00+05:30
PACEDIGITK,2026,6,,190.99,217,178,202.81,6.18880569663333,101714474,21,4843546.38095238,9,11,0,39,0.205203499734413,8.88809523809524,8.49095238095238,2026-06-24T00:00:00+05:30,2026-06-08T00:00:00+05:30
BANKNIFTY1,2026,6,,56.39,61.82,54.9,59.89,6.20677425075368,21827081,21,1039384.80952381,11,8,1,6.92,0.118726460183498,1.23,1.19714285714286,2026-06-25T00:00:00+05:30,2026-06-03T00:00:00+05:30
MBAPL,2026,6,,105.8,117,104.09,112.4,6.2381852551985,3867048,21,184145.142857143,10,10,0,12.91,0.115889680171669,3.60142857142857,3.57666666666667,2026-06-25T00:00:00+05:30,2026-06-02T00:00:00+05:30
SBIN,2026,6,,966.25,1055.4,937.2,1026.9,6.27684346701165,296646304,21,14126014.4761905,13,7,0,118.2,0.117127447233193,20.002380952381,19.4928571428572,2026-06-25T00:00:00+05:30,2026-06-03T00:00:00+05:30
BANKBETA,2026,6,,56.06,60.88,54.71,59.58,6.27898679985729,19628753,21,934702.523809524,13,6,1,6.17,0.106253690218461,1.03238095238095,1.02761904761905,2026-06-18T00:00:00+05:30,2026-06-03T00:00:00+05:30
WALCHANNAG,2026,6,,256,315.8,230.1,272.3,6.3671875,64159841,21,3055230.52380952,10,10,0,85.7,0.323050826160709,17.4095238095238,17.1428571428571,2026-06-19T00:00:00+05:30,2026-06-03T00:00:00+05:30
HDFCBANK,2026,6,,749,806.1,732.3,797.95,6.53538050734313,772354220,21,36778772.3809524,13,7,0,73.8000000000001,0.0958898176620903,15.8952380952381,14.2714285714286,2026-06-30T00:00:00+05:30,2026-06-09T00:00:00+05:30
VIKRAN,2026,6,,71.49,79.74,65.4,76.23,6.63029794376837,112669333,21,5365206.33333333,10,10,0,14.34,0.200753308223059,3.25857142857143,2.99238095238095,2026-06-30T00:00:00+05:30,2026-06-11T00:00:00+05:30
UCOBANK,2026,6,,25.29,30.04,24.16,26.99,6.72202451561882,285719637,21,13605697,10,10,0,5.88,0.223764565174057,0.818571428571428,0.796190476190476,2026-06-17T00:00:00+05:30,2026-06-02T00:00:00+05:30
MARUTI,2026,6,,13200,14201,12700,14115,6.93181818181818,11184139,21,532578.047619048,11,9,0,1501,0.112538023220942,325.809523809524,307.047619047619,2026-06-30T00:00:00+05:30,2026-06-02T00:00:00+05:30
ABCAPITAL,2026,6,,366.5,399.35,334.8,391.95,6.94406548431105,88277473,21,4203689.19047619,11,9,0,64.55,0.176182739797245,11.7880952380952,11.0285714285714,2026-06-25T00:00:00+05:30,2026-06-11T00:00:00+05:30
RBLBANK,2026,6,,345,381.7,333,369.05,6.97101449275363,122685885,21,5842185,11,9,0,48.7,0.134310422945846,10.4571428571428,10.3,2026-06-22T00:00:00+05:30,2026-06-02T00:00:00+05:30
OFSS,2026,6,,10069,11055,9050,10775.5,7.01658555963849,6651673,21,316746.333333333,10,10,0,2005,0.202360755326358,334.476190476191,327.833333333333,2026-06-29T00:00:00+05:30,2026-06-11T00:00:00+05:30
EDELWEISS,2026,6,,112.82,133.9,103.7,120.81,7.08207764580749,115025448,21,5477402.28571429,10,10,0,30.2,0.258943809764901,4.87380952380953,4.67809523809524,2026-06-23T00:00:00+05:30,2026-06-11T00:00:00+05:30
RECLTD,2026,6,,339.65,371.3,321,363.8,7.1102605623436,131230327,21,6249063.19047619,12,8,0,50.3,0.143511222216184,8.64523809523809,8.22380952380953,2026-06-23T00:00:00+05:30,2026-06-02T00:00:00+05:30
RUPA,2026,6,,157.69,174.83,144,169.02,7.18498319487603,5384382,21,256399.142857143,11,9,0,30.83,0.195811154125333,5.60095238095238,5.38285714285714,2026-06-24T00:00:00+05:30,2026-06-11T00:00:00+05:30
DIACABS,2026,6,,195,219,180.76,209.34,7.35384615384616,112666929,21,5365091.85714286,11,9,0,38.24,0.189739009625881,10.4966666666667,10.0461904761905,2026-06-16T00:00:00+05:30,2026-06-02T00:00:00+05:30
PINELABS,2026,6,,146,164.4,139.55,156.76,7.36986301369862,667437415,21,31782734.0476191,9,11,0,24.85,0.165397829559573,6.23380952380952,6.06619047619047,2026-06-25T00:00:00+05:30,2026-06-03T00:00:00+05:30
BOSCHLTD,2026,6,,37155,41385,35755,39900,7.38796931772305,994346,21,47349.8095238095,13,7,0,5630,0.145348372621938,1018.57142857143,974.047619047619,2026-06-25T00:00:00+05:30,2026-06-02T00:00:00+05:30
PIDILITIND,2026,6,,1482.8,1620.7,1430,1592.7,7.41165362827085,19177563,21,913217.285714286,13,7,0,190.7,0.124370723950844,31.0333333333334,28.4428571428572,2026-06-25T00:00:00+05:30,2026-06-02T00:00:00+05:30
TITAN,2026,6,,4100,4441.7,3962.8,4404,7.41463414634146,17719643,21,843792.523809524,12,8,0,478.9,0.112979581015377,102.247619047619,97.9,2026-06-19T00:00:00+05:30,2026-06-11T00:00:00+05:30
KALYANKJIL,2026,6,,360,391.5,327.05,386.7,7.41666666666666,164954512,21,7854976.76190476,12,8,0,64.45,0.175971552273348,14.4238095238095,13.7880952380952,2026-06-30T00:00:00+05:30,2026-06-11T00:00:00+05:30
OMAXE,2026,6,,75.25,92.97,72.55,80.85,7.44186046511627,38746358,21,1845064.66666667,9,11,0,20.42,0.265121023833813,4.49952380952381,4.38380952380953,2026-06-29T00:00:00+05:30,2026-06-02T00:00:00+05:30
INDORAMA,2026,6,,41.25,49.52,41.25,44.32,7.44242424242424,4428036,21,210858.857142857,10,10,0,8.27,0.183194270102636,2.13476190476191,2.07047619047619,2026-06-09T00:00:00+05:30,2026-06-01T00:00:00+05:30
FUSION,2026,6,,177,197.96,162.76,190.2,7.45762711864406,13798257,21,657059.857142857,10,10,0,35.2,0.199958342012081,7.7847619047619,7.40238095238095,2026-06-25T00:00:00+05:30,2026-06-11T00:00:00+05:30
DMART,2026,6,,4074.9,4429.4,3955,4380.7,7.50447863751257,10938345,21,520873.571428571,12,8,0,474.4,0.113166396314118,105.338095238095,102.514285714286,2026-06-24T00:00:00+05:30,2026-06-12T00:00:00+05:30
MAHLOG,2026,6,,347.3,389.85,330.55,373.9,7.65908436510221,3646030,21,173620.476190476,13,7,0,59.3,0.167694586587665,12.4904761904762,12.0595238095238,2026-06-24T00:00:00+05:30,2026-06-11T00:00:00+05:30
EQUITASBNK,2026,6,,70.03,80.14,68.23,75.41,7.68242181922033,107034640,21,5096887.61904762,11,9,0,11.91,0.158977651216598,2.68476190476191,2.58333333333334,2026-06-16T00:00:00+05:30,2026-06-02T00:00:00+05:30
INDHOTEL,2026,6,,663,740,635,713.95,7.68476621417799,55125899,21,2625042.80952381,12,8,0,105,0.152631597163337,15.9285714285714,15.0952380952381,2026-06-22T00:00:00+05:30,2026-06-02T00:00:00+05:30
NAZARA,2026,6,,281,310.45,264.4,303.1,7.86476868327403,40673881,21,1936851.47619048,12,8,0,46.05,0.160180545778293,9.49047619047619,9.2047619047619,2026-06-30T00:00:00+05:30,2026-06-08T00:00:00+05:30
PARADEEP,2026,6,,126,140.4,120.49,136.03,7.96031746031746,82111000,21,3910047.61904762,13,7,0,19.91,0.15300420467894,4.29952380952381,4.17047619047619,2026-06-22T00:00:00+05:30,2026-06-11T00:00:00+05:30
IIFL,2026,6,,470.2,546.15,459.7,507.8,7.99659719268397,55452405,21,2640590.71428571,11,9,0,86.45,0.168936429578415,20.7309523809524,19.7,2026-06-23T00:00:00+05:30,2026-06-02T00:00:00+05:30
CUB,2026,6,,192.83,209.5,179.25,208.6,8.17818804127987,63299646,21,3014268.85714286,10,10,0,30.25,0.15476048363717,7.14476190476191,6.87095238095238,2026-06-30T00:00:00+05:30,2026-06-08T00:00:00+05:30
GOLDIAM,2026,6,,410.25,507.45,407,444.15,8.26325411334552,28436110,21,1354100.47619048,8,12,0,100.45,0.222616798758931,24.4690476190476,23.7642857142857,2026-06-18T00:00:00+05:30,2026-06-08T00:00:00+05:30
NARMADA,2026,6,,37,45.17,34.85,40.09,8.35135135135136,42648652,21,2030888.19047619,12,7,1,10.32,0.273553468645865,2.80285714285714,2.70095238095238,2026-06-10T00:00:00+05:30,2026-06-11T00:00:00+05:30
CONFIPET,2026,6,,67.5,80.57,59.95,73.14,8.35555555555556,85297250,21,4061773.80952381,10,10,0,20.62,0.286986778009742,5.02809523809524,5.01142857142857,2026-06-04T00:00:00+05:30,2026-06-02T00:00:00+05:30
UJJIVANSFB,2026,6,,54.39,59.58,52.03,59.05,8.56775142489428,219317260,21,10443679.047619,11,9,0,7.55,0.136234748238529,1.74333333333333,1.68238095238095,2026-06-30T00:00:00+05:30,2026-06-08T00:00:00+05:30
PAGEIND,2026,6,,38100,41905,36585,41370,8.58267716535433,638054,21,30383.5238095238,13,7,0,5320,0.135957066189624,1106.42857142857,1078.57142857143,2026-06-25T00:00:00+05:30,2026-06-02T00:00:00+05:30
GROWW,2026,6,,186,208.49,184,202.07,8.63978494623656,832029223,21,39620439.1904762,11,9,0,24.49,0.124758628720029,6.6947619047619,6.68380952380952,2026-06-16T00:00:00+05:30,2026-06-01T00:00:00+05:30
NITCO,2026,6,,99.14,117.94,89,107.89,8.82590276376841,48663581,21,2317313.38095238,10,10,0,28.94,0.286034329390835,6.1452380952381,6.02285714285714,2026-06-22T00:00:00+05:30,2026-06-05T00:00:00+05:30
BHARATFORG,2026,6,,1970.1,2238,1870.5,2144.1,8.83203898279275,31419460,21,1496164.76190476,12,8,0,367.5,0.182650184957719,62.4,61.0142857142857,2026-06-29T00:00:00+05:30,2026-06-02T00:00:00+05:30
APOLLOTYRE,2026,6,,395.15,443.9,378.05,430.2,8.87004934834873,23866879,21,1136518.04761905,11,9,0,65.85,0.161392349663,11.8547619047619,10.4452380952381,2026-06-17T00:00:00+05:30,2026-06-11T00:00:00+05:30
STLTECH,2026,6,,562.95,679.9,541.3,613.3,8.94395594635401,66746723,21,3178415.38095238,11,9,0,138.6,0.227401284435208,36.7285714285714,32.3357142857143,2026-06-05T00:00:00+05:30,2026-06-02T00:00:00+05:30
AADHARHFC,2026,6,,473.15,542,449.8,515.6,8.97178484624327,13488368,21,642303.238095238,11,9,0,92.2,0.190374121232978,16.6261904761905,15.9047619047619,2026-06-25T00:00:00+05:30,2026-06-11T00:00:00+05:30
TARIL,2026,6,,322.4,372,299.7,351.35,8.97952853598016,95662742,21,4555368.66666667,10,10,0,72.3,0.222196205264044,14.602380952381,14.2476190476191,2026-06-19T00:00:00+05:30,2026-06-11T00:00:00+05:30
IFCI,2026,6,,68.6,95.8,66.61,74.88,9.15451895043732,2665603585,21,126933504.047619,9,11,0,29.19,0.3673106192251,5.81142857142857,5.65809523809524,2026-06-17T00:00:00+05:30,2026-06-02T00:00:00+05:30
RAYMONDREL,2026,6,,567.25,688.7,551.2,619.2,9.15821947994712,15618639,21,743744.714285714,10,10,0,137.5,0.226476805245634,33.5142857142857,32.05,2026-06-23T00:00:00+05:30,2026-06-02T00:00:00+05:30
ICICIBANK,2026,6,,1257.1,1404,1213.7,1375.2,9.39463845358366,326444067,21,15544955.5714286,15,5,0,190.3,0.14479085523813,26.5190476190476,25.3285714285714,2026-06-25T00:00:00+05:30,2026-06-03T00:00:00+05:30
MARKSANS,2026,6,,249,277,228.2,272.81,9.56224899598394,59082416,21,2813448.38095238,11,9,0,48.8,0.193995013828392,11.7861904761905,11.6690476190476,2026-06-30T00:00:00+05:30,2026-06-08T00:00:00+05:30
SHRIRAMFIN,2026,6,,950.05,1055.4,879.1,1042.15,9.69422661965161,128925979,21,6139332.33333333,13,7,0,176.3,0.182739387956565,27.6952380952381,24.3642857142857,2026-06-29T00:00:00+05:30,2026-06-11T00:00:00+05:30
TMCV,2026,6,,385,435,357.05,422.95,9.85714285714285,215288473,21,10251832.047619,10,10,0,77.95,0.199037005963997,14.4309523809524,13.2571428571429,2026-06-25T00:00:00+05:30,2026-06-11T00:00:00+05:30
PHOENIXLTD,2026,6,,1773.2,1969.7,1675,1948.6,9.89172118204376,11390006,21,542381.238095238,13,7,0,294.7,0.162364034190187,54.7714285714286,53.9714285714286,2026-06-30T00:00:00+05:30,2026-06-03T00:00:00+05:30
UDS,2026,6,,170.99,201.29,168.42,187.94,9.91286040119305,9946012,21,473619.619047619,11,9,0,32.87,0.18031896135108,7.98047619047619,7.97904761904762,2026-06-08T00:00:00+05:30,2026-06-01T00:00:00+05:30
BELRISE,2026,6,,216.96,252,210.51,238.57,9.96036135693215,105013014,21,5000619.71428572,11,9,0,41.49,0.179112301597907,8.39190476190476,7.78380952380953,2026-06-25T00:00:00+05:30,2026-06-08T00:00:00+05:30
ZEEL,2026,6,,94.1,118.35,91.32,103.51,10,1318079982,21,62765713.4285714,10,10,0,27.03,0.250050659453935,6.37380952380953,6.2852380952381,2026-06-23T00:00:00+05:30,2026-06-03T00:00:00+05:30
EUROPRATIK,2026,6,,255.9,290.95,247.4,281.6,10.042985541227,4291583,21,204361.095238095,10,10,0,43.55,0.162354319595956,11.0166666666667,10.9166666666667,2026-06-30T00:00:00+05:30,2026-06-08T00:00:00+05:30
SOUTHBANK,2026,6,,41.42,49.79,40.6,45.63,10.164171897634,415195172,21,19771198.6666667,11,9,0,9.19,0.201747875265265,1.61190476190476,1.59285714285714,2026-06-18T00:00:00+05:30,2026-06-01T00:00:00+05:30
LTF,2026,6,,282,312,256.1,310.75,10.1950354609929,134052611,21,6383457.66666667,10,10,0,55.9,0.198932384341637,9.43333333333333,8.61904761904762,2026-06-30T00:00:00+05:30,2026-06-11T00:00:00+05:30
PGEL,2026,6,,483.95,579,457,533.4,10.2179977270379,68030858,21,3239564.66666667,9,11,0,122,0.238347753279375,19.0571428571429,18.102380952381,2026-06-22T00:00:00+05:30,2026-06-11T00:00:00+05:30
BAJFINANCE,2026,6,,911.45,1010.95,860.45,1004.75,10.2364364474189,214117248,21,10196059.4285714,11,9,0,150.5,0.161973509221036,23.9190476190476,21.5095238095238,2026-06-30T00:00:00+05:30,2026-06-02T00:00:00+05:30
J&KBANK,2026,6,,140.36,167.15,138.91,154.74,10.2450840695355,87832348,21,4182492.76190476,10,10,0,28.24,0.181710661376067,5.20285714285714,5.04095238095238,2026-06-18T00:00:00+05:30,2026-06-01T00:00:00+05:30
WELCORP,2026,6,,1380.1,1525,1320,1521.9,10.2746177813202,15740358,21,749540.857142857,12,8,0,205,0.145571974436141,45.4809523809524,44.5047619047619,2026-06-29T00:00:00+05:30,2026-06-10T00:00:00+05:30
LAURUSLABS,2026,6,,1372.4,1531.2,1342.9,1517.4,10.5654328184203,52799368,21,2514255.61904762,11,9,0,188.3,0.132716898808525,41.4761904761905,41.4190476190476,2026-06-29T00:00:00+05:30,2026-06-16T00:00:00+05:30
AUROPHARMA,2026,6,,1426.4,1588.9,1391,1578.7,10.6772293886708,33514958,21,1595950.38095238,11,9,0,197.9,0.134375555735187,37.4476190476191,36.752380952381,2026-06-30T00:00:00+05:30,2026-06-15T00:00:00+05:30
FILATEX,2026,6,,46.9,55.8,44.61,51.91,10.682302771855,32860609,21,1564790.9047619,12,8,0,11.19,0.216910509069091,2.24857142857143,2.1752380952381,2026-06-22T00:00:00+05:30,2026-06-02T00:00:00+05:30
PCBL,2026,6,,289.9,327.5,275.7,321.15,10.7795791652294,29914524,21,1424501.14285714,14,6,0,51.8,0.172706416556192,10.7,9.87142857142856,2026-06-30T00:00:00+05:30,2026-06-11T00:00:00+05:30
GMRAIRPORT,2026,6,,101,113.36,95.47,112.09,10.980198019802,558109575,21,26576646.4285714,14,6,0,17.89,0.170610754621872,3.27952380952381,3.05714285714286,2026-06-30T00:00:00+05:30,2026-06-02T00:00:00+05:30
WELSPUNLIV,2026,6,,142.73,171,133.34,158.84,11.2870454704687,86444530,21,4116406.19047619,8,12,0,37.66,0.249880724813978,5.56571428571428,5.4647619047619,2026-06-24T00:00:00+05:30,2026-06-11T00:00:00+05:30
IDFCFIRSTB,2026,6,,71.3,81.46,69.53,79.49,11.4866760168303,609333192,21,29015866.2857143,13,7,0,11.93,0.157346346610393,1.91904761904762,1.83380952380953,2026-06-22T00:00:00+05:30,2026-06-02T00:00:00+05:30
HCC,2026,6,,23,28.5,21.55,25.65,11.5217391304348,1118272511,21,53251071.952381,12,8,0,6.95,0.279635200122622,1.29952380952381,1.22666666666667,2026-06-23T00:00:00+05:30,2026-06-11T00:00:00+05:30
IOLCP,2026,6,,130,147.2,121.55,145.29,11.7615384615385,71966717,21,3426986.52380952,11,9,0,25.65,0.194688314363888,7.82047619047619,7.57428571428571,2026-06-30T00:00:00+05:30,2026-06-01T00:00:00+05:30
CGCL,2026,6,,203.42,231.36,195.09,227.66,11.9162324255236,89998888,21,4285661.33333333,13,7,0,36.27,0.172330547397858,6.91714285714286,6.81238095238095,2026-06-30T00:00:00+05:30,2026-06-02T00:00:00+05:30
CHOICEIN,2026,6,,672.95,760,632.05,753.2,11.9251058771083,18018883,21,858042.047619048,13,7,0,127.95,0.184797746897342,19.2190476190476,17.3571428571429,2026-06-30T00:00:00+05:30,2026-06-11T00:00:00+05:30
TRIVENI,2026,6,,376.5,425.5,357.05,422.55,12.2310756972112,9515224,21,453105.904761905,13,7,0,68.45,0.174643865990341,14.6761904761905,14.5833333333333,2026-06-23T00:00:00+05:30,2026-06-02T00:00:00+05:30
CAPACITE,2026,6,,226,287,211,253.73,12.2699115044248,11228952,21,534712,11,9,0,76,0.324309825612348,11.3123809523809,10.7723809523809,2026-06-23T00:00:00+05:30,2026-06-11T00:00:00+05:30
HSCL,2026,6,,604,718,580.9,679.2,12.4503311258278,325809086,21,15514718.3809524,11,9,0,137.1,0.206379699652342,34.1071428571429,34.1071428571429,2026-06-18T00:00:00+05:30,2026-06-03T00:00:00+05:30
NIACL,2026,6,,157.75,218,145.5,178.01,12.8431061806656,336617767,21,16029417.4761905,9,11,0,72.5,0.433095616702557,9.19571428571429,8.73190476190476,2026-06-22T00:00:00+05:30,2026-06-04T00:00:00+05:30
IDBI,2026,6,,74,92.25,71.48,83.53,12.8783783783784,601124042,21,28624954.3809524,10,10,0,20.77,0.262286899786524,3.79142857142857,3.62619047619048,2026-06-17T00:00:00+05:30,2026-06-02T00:00:00+05:30
BDL,2026,6,,1212.2,1440.5,1155.2,1368.4,12.8856624319419,33249693,21,1583318.71428571,11,9,0,285.3,0.224515186149782,42.0619047619048,40.7238095238096,2026-06-23T00:00:00+05:30,2026-06-11T00:00:00+05:30
PAISALO,2026,6,,52.21,61,51.16,59.1,13.1967056119517,234808302,21,11181347.7142857,13,7,0,9.84,0.169493749794941,2.09857142857143,2.06857142857143,2026-06-09T00:00:00+05:30,2026-06-03T00:00:00+05:30
FIVESTAR,2026,6,,445.9,527.85,415.35,505.1,13.2765193989684,39951935,21,1902473.0952381,9,11,0,112.5,0.241720126461831,19.6714285714286,18.6619047619048,2026-06-19T00:00:00+05:30,2026-06-11T00:00:00+05:30
SEIL,2026,6,,190.99,224.8,175.1,216.82,13.5242682862977,11065190,21,526913.80952381,9,11,0,49.7,0.248434933707839,10.3980952380952,10.0885714285714,2026-06-25T00:00:00+05:30,2026-06-08T00:00:00+05:30
PRESTIGE,2026,6,,1377.9,1580.6,1311,1564.6,13.5496044705711,15608219,21,743248.523809524,14,6,0,269.6,0.186693750494632,50.4380952380953,47.7142857142857,2026-06-23T00:00:00+05:30,2026-06-11T00:00:00+05:30
FEDERALBNK,2026,6,,290,331.8,284.85,330.05,13.8103448275862,195267390,21,9298447.14285714,12,7,1,46.95,0.149516624331804,6.96904761904762,6.81904761904762,2026-06-30T00:00:00+05:30,2026-06-02T00:00:00+05:30
MCLOUD,2026,6,,26.76,34.29,21.85,30.5,13.9760837070254,330682880,21,15746803.8095238,5,14,1,12.44,0.465792992778818,2.10142857142857,2.01,2026-06-19T00:00:00+05:30,2026-06-12T00:00:00+05:30
PWL,2026,6,,108.21,131.42,89.8,124.13,14.7121338138804,338752931,21,16131091.952381,14,6,0,41.62,0.37124883721918,6.41761904761905,6.31476190476191,2026-06-22T00:00:00+05:30,2026-06-04T00:00:00+05:30
POONAWALLA,2026,6,,383.95,442.65,370.05,441.05,14.871728089595,39848270,21,1897536.66666667,12,8,0,72.6,0.179157094425871,13.2380952380952,12.5357142857143,2026-06-25T00:00:00+05:30,2026-06-11T00:00:00+05:30
FISCHER,2026,6,,36.24,42.11,31.05,41.72,15.121412803532,37268866,21,1774707.9047619,11,9,0,11.06,0.314886117136659,1.99904761904762,1.9347619047619,2026-06-30T00:00:00+05:30,2026-06-09T00:00:00+05:30
NUVAMA,2026,6,,1567.7,1825,1497.6,1806.4,15.2261274478535,11343376,21,540160.761904762,13,7,0,327.4,0.198855814061108,56.4809523809524,53.9809523809524,2026-06-30T00:00:00+05:30,2026-06-11T00:00:00+05:30
RBA,2026,6,,68.7,81.9,67.34,79.18,15.254730713246,253892238,21,12090106.5714286,12,8,0,14.56,0.202215535200556,2.15047619047619,2.07761904761905,2026-06-25T00:00:00+05:30,2026-06-02T00:00:00+05:30
JTLIND,2026,6,,69,83.7,64.9,79.59,15.3478260869565,71197875,21,3390375,11,9,0,18.8,0.253221389125847,3.99,3.96761904761905,2026-06-22T00:00:00+05:30,2026-06-03T00:00:00+05:30
MAHABANK,2026,6,,79.2,94.5,76.9,91.44,15.4545454545454,384905531,21,18328834.8095238,13,7,0,17.6,0.20527517203459,2.77142857142857,2.68952380952381,2026-06-29T00:00:00+05:30,2026-06-01T00:00:00+05:30
INDOFARM,2026,6,,127.66,159.9,124.35,147.53,15.5647814507285,6978334,21,332301.619047619,11,9,0,35.55,0.26055954599711,7.25238095238095,7.05761904761905,2026-06-22T00:00:00+05:30,2026-06-03T00:00:00+05:30
ITCHOTELS,2026,6,,155.49,184.2,148.45,179.99,15.7566402984115,97454245,21,4640678.33333333,12,8,0,35.75,0.221428171149303,5.12238095238095,4.86380952380952,2026-06-23T00:00:00+05:30,2026-06-11T00:00:00+05:30
TRENT,2026,6,,2822.88,3312,2680,3282.6,16.2854956640027,37617878,21,1791327.52380952,11,9,0,632,0.212829384823334,98.7585714285714,95.1442857142857,2026-06-29T00:00:00+05:30,2026-06-11T00:00:00+05:30
DECNGOLD,2026,6,,170.42,235,152.25,198.22,16.3126393615773,80381990,21,3827713.80952381,11,9,0,82.75,0.443781315599957,14.7066666666667,14.0009523809524,2026-06-22T00:00:00+05:30,2026-06-11T00:00:00+05:30
MAXHEALTH,2026,6,,970,1159,919.8,1129.25,16.4175257731959,57915048,21,2757859.42857143,15,5,0,239.2,0.230840284000827,28.9333333333333,28.9166666666667,2026-06-29T00:00:00+05:30,2026-06-02T00:00:00+05:30
EIEL,2026,6,,192,233.9,175.5,223.73,16.5260416666667,67738302,21,3225633.42857143,12,8,0,58.4,0.295681231330059,9.13666666666667,8.64857142857143,2026-06-22T00:00:00+05:30,2026-06-11T00:00:00+05:30
TEJASNET,2026,6,,525.1,644.75,518.2,612.5,16.6444486764426,241120040,21,11481906.6666667,10,10,0,126.55,0.215610472427529,32.9857142857143,32.7166666666667,2026-06-19T00:00:00+05:30,2026-06-02T00:00:00+05:30
CHOLAFIN,2026,6,,1532.9,1823.9,1444.6,1789.8,16.7590840889817,42305692,21,2014556.76190476,13,7,0,379.3,0.235113021199223,49.2285714285714,44.552380952381,2026-06-29T00:00:00+05:30,2026-06-03T00:00:00+05:30
JSWINFRA,2026,6,,275.9,343.45,266.55,322.15,16.763320043494,119489228,21,5689963.23809524,12,8,0,76.9,0.260287220153764,11.147619047619,10.4238095238095,2026-06-24T00:00:00+05:30,2026-06-04T00:00:00+05:30
THOMASCOOK,2026,6,,92.5,117,90.65,108.09,16.8540540540541,154896120,21,7376005.71428572,10,10,0,26.35,0.247570600236229,5.4852380952381,5.23571428571429,2026-06-18T00:00:00+05:30,2026-06-03T00:00:00+05:30
LLOYDSENGG,2026,6,,74,91.99,66.51,86.53,16.9324324324324,561349323,21,26730920.1428571,11,9,0,25.48,0.326232486678291,4.62095238095238,4.4852380952381,2026-06-22T00:00:00+05:30,2026-06-11T00:00:00+05:30
ADFFOODS,2026,6,,265,320,262,310.7,17.2452830188679,5628496,21,268023.619047619,12,8,0,58,0.198287370168984,14.1666666666667,14.0952380952381,2026-06-22T00:00:00+05:30,2026-06-01T00:00:00+05:30
AEGISVOPAK,2026,6,,200,249.43,182.5,234.69,17.345,22422348,21,1067730.85714286,12,8,0,66.93,0.308693303112564,10.4509523809524,9.89666666666667,2026-06-23T00:00:00+05:30,2026-06-08T00:00:00+05:30
ATHERENERG,2026,6,,970,1147.4,927.6,1140.55,17.5824742268041,94893795,21,4518752.14285714,11,9,0,219.8,0.217604782232573,49.9190476190476,49.9190476190476,2026-06-30T00:00:00+05:30,2026-06-02T00:00:00+05:30
HFCL,2026,6,,180,220.09,160.66,212.85,18.25,778981005,21,37094333.5714286,12,8,0,59.43,0.308874737970138,10.8938095238095,8.95952380952381,2026-06-22T00:00:00+05:30,2026-06-11T00:00:00+05:30
SUMEETINDS,2026,6,,23.96,29.55,22.5,28.35,18.322203672788,76832776,21,3658703.61904762,11,9,0,7.05,0.276511897202196,1.30380952380952,1.28857142857143,2026-06-30T00:00:00+05:30,2026-06-09T00:00:00+05:30
NYKAA,2026,6,,262.65,312.9,257.8,310.85,18.3514182371978,196275445,21,9346449.76190476,10,10,0,55.1,0.195672576922101,8.08095238095238,7.76904761904762,2026-06-30T00:00:00+05:30,2026-06-08T00:00:00+05:30
PATELRMART,2026,6,,182.51,228.69,177.2,216.05,18.3770752287546,6414783,21,305465.857142857,11,9,0,51.49,0.247427422067536,11.4871428571429,11.3347619047619,2026-06-16T00:00:00+05:30,2026-06-01T00:00:00+05:30
SHILPAMED,2026,6,,504.5,615,493.4,598.4,18.6124876114965,30744738,21,1464035.14285714,11,9,0,121.6,0.22092258711977,28.6238095238095,28.4714285714286,2026-06-30T00:00:00+05:30,2026-06-01T00:00:00+05:30
INDIGO,2026,6,,4525,5464.9,4350,5368.4,18.6386740331492,29363972,21,1398284.38095238,11,9,0,1114.9,0.23178495871254,136.476190476191,121.404761904762,2026-06-25T00:00:00+05:30,2026-06-08T00:00:00+05:30
MANCREDIT,2026,6,,204.4,246,198,242.73,18.752446183953,7198289,21,342775.666666667,14,6,0,48,0.221067660301468,11.8552380952381,11.3547619047619,2026-06-30T00:00:00+05:30,2026-06-04T00:00:00+05:30
MUTHOOTMF,2026,6,,180,216.88,171.8,214.37,19.0944444444445,7647537,21,364168.428571429,12,8,0,45.08,0.231813507027768,8.87047619047619,8.77761904761905,2026-06-25T00:00:00+05:30,2026-06-01T00:00:00+05:30
JISLJALEQS,2026,6,,29.85,37.89,28.33,35.55,19.0954773869347,132383519,21,6303977.0952381,13,7,0,9.56,0.295239635876998,1.55619047619048,1.48190476190476,2026-06-23T00:00:00+05:30,2026-06-03T00:00:00+05:30
OLECTRA,2026,6,,1255,1552.9,1219.4,1499.6,19.4900398406374,29282476,21,1394403.61904762,11,9,0,333.5,0.244322344322344,65.7809523809524,64.0142857142857,2026-06-22T00:00:00+05:30,2026-06-02T00:00:00+05:30
TATACAP,2026,6,,305.9,379.95,296,365.9,19.614253023864,115799194,21,5514247.33333333,12,8,0,83.95,0.250737798764054,12.4428571428571,12.0142857142857,2026-06-19T00:00:00+05:30,2026-06-02T00:00:00+05:30
ONMOBILE,2026,6,,51,62.3,48.06,61.45,20.4901960784314,5545578,21,264075.142857143,13,7,0,14.24,0.271997962562078,2.04047619047619,1.97571428571429,2026-06-30T00:00:00+05:30,2026-06-11T00:00:00+05:30
AEQUS,2026,6,,194,246.9,173.6,234.65,20.9536082474227,158072256,21,7527250.28571429,11,9,0,73.3,0.362138813997149,13.4814285714286,13.2547619047619,2026-06-30T00:00:00+05:30,2026-06-11T00:00:00+05:30
GREAVESCOT,2026,6,,181.69,222.9,175.4,219.98,21.0743574219825,50315958,21,2395998,13,7,0,47.5,0.244367303042404,9.12714285714286,8.80380952380952,2026-06-30T00:00:00+05:30,2026-06-11T00:00:00+05:30
PREMEXPLN,2026,6,,661.55,829.8,630,805.95,21.8275262640768,28734692,21,1368318.66666667,12,8,0,199.8,0.278059060545011,46.0023809523809,45.1,2026-06-30T00:00:00+05:30,2026-06-03T00:00:00+05:30
SIKA,2026,6,,915.2,1198,871.35,1115.6,21.8968531468531,2009041,21,95668.6190476191,10,10,0,326.65,0.335821936753572,53.1738095238095,50.5,2026-06-22T00:00:00+05:30,2026-06-01T00:00:00+05:30
REDINGTON,2026,6,,225.25,291.17,225,276.18,22.6104328523862,176639939,21,8411425.66666667,14,6,0,66.17,0.260550400228005,11.5880952380952,11.3380952380952,2026-06-25T00:00:00+05:30,2026-06-01T00:00:00+05:30
IBULLSLTD,2026,6,,22.08,28.65,22.03,27.81,25.9510869565217,144283967,21,6870665.0952381,14,6,0,6.62,0.267089337175793,1.38428571428571,1.30333333333333,2026-06-23T00:00:00+05:30,2026-06-03T00:00:00+05:30
ROTO,2026,6,,56.95,78.87,55.2,72.11,26.6198419666374,221302591,21,10538218.6190476,13,7,0,23.67,0.368418321968574,3.80904761904762,3.63380952380952,2026-06-24T00:00:00+05:30,2026-06-02T00:00:00+05:30
QUESS,2026,6,,209,270,203.45,267.61,28.0430622009569,36424783,21,1734513.47619048,14,6,0,66.55,0.277454065375567,10.5371428571429,10.522380952381,2026-06-30T00:00:00+05:30,2026-06-01T00:00:00+05:30
KWIL,2026,6,,27.4,39.45,27.3,35.11,28.1386861313869,495029580,21,23572837.1428571,12,8,0,12.15,0.351509223414661,1.98285714285714,1.97428571428571,2026-06-15T00:00:00+05:30,2026-06-01T00:00:00+05:30
PATELENG,2026,6,,27.2,35.95,25.63,34.93,28.4191176470588,259262164,21,12345817.3333333,14,6,0,10.32,0.35112846519013,1.4752380952381,1.39714285714286,2026-06-24T00:00:00+05:30,2026-06-02T00:00:00+05:30
DENTA,2026,6,,255,353.9,239,331.45,29.9803921568627,17524266,21,834488.857142857,13,7,0,114.9,0.417348438986422,15.2238095238095,14.7142857142857,2026-06-23T00:00:00+05:30,2026-06-08T00:00:00+05:30
SWSOLAR,2026,6,,187.95,260.8,177.15,244.4,30.0345836658686,81772874,21,3893946.38095238,15,5,0,83.65,0.386233963259787,11.6252380952381,11.1809523809524,2026-06-23T00:00:00+05:30,2026-06-02T00:00:00+05:30
JYOTICNC,2026,6,,596,791.1,580.1,775.1,30.0503355704698,45672066,21,2174860.28571429,13,7,0,211,0.309507344774837,30.8166666666667,29.5666666666667,2026-06-30T00:00:00+05:30,2026-06-02T00:00:00+05:30
WELSPLSOL,2026,6,,42.77,63.25,41.5,55.72,30.278232405892,69176372,21,3294112.95238095,13,7,0,21.75,0.404593811729899,4.55047619047619,4.45476190476191,2026-06-18T00:00:00+05:30,2026-06-02T00:00:00+05:30
HEXAGON,2026,6,,48.25,67.9,48.1,63.41,31.419689119171,41728261,12,3477355.08333333,7,4,0,19.8,0.360054553720261,3.745,3.15916666666667,2026-06-29T00:00:00+05:30,2026-06-12T00:00:00+05:30
MOREPENLAB,2026,6,,43.77,60.5,42.5,59.12,35.0696824308887,342994313,21,16333062.5238095,9,11,0,18,0.362457809143909,3.01285714285714,2.93142857142857,2026-06-30T00:00:00+05:30,2026-06-08T00:00:00+05:30
ICIL,2026,6,,324,446.05,315,438.25,35.2623456790124,41114262,21,1957822,8,12,0,131.05,0.358239555332817,22.2380952380952,22.0333333333333,2026-06-30T00:00:00+05:30,2026-06-08T00:00:00+05:30
EMSLIMITED,2026,6,,296.05,453,286.1,411.3,38.9292349265327,55394345,21,2637825.95238095,12,8,0,166.9,0.488750061008346,22.4285714285714,21.4357142857143,2026-06-23T00:00:00+05:30,2026-06-02T00:00:00+05:30
NACLIND,2026,6,,157.65,238.7,150,220.76,40.0317158261973,53308269,21,2538489,10,10,0,88.7,0.499495865020541,13.6409523809524,13.3933333333333,2026-06-30T00:00:00+05:30,2026-06-03T00:00:00+05:30
TIRUPATIFL,2026,6,,45.05,66.8,42,64.07,42.219755826859,18030031,21,858572.904761905,12,8,0,24.8,0.52213666987488,3,2.94428571428571,2026-06-30T00:00:00+05:30,2026-06-08T00:00:00+05:30
BLUSPRING,2026,6,,78,119.5,76.01,111.02,42.3333333333333,37405817,21,1781229.38095238,11,9,0,43.49,0.448337309652146,8.12476190476191,7.78571428571429,2026-06-18T00:00:00+05:30,2026-06-01T00:00:00+05:30
SAKSOFT,2026,6,,144.49,212.47,135.2,206.71,43.0618035850232,236658998,21,11269476.0952381,10,10,0,77.27,0.523323765601316,8.31476190476191,7.82761904761905,2026-06-30T00:00:00+05:30,2026-06-12T00:00:00+05:30
CUPID,2026,6,,129.65,191,124.7,189.93,46.4944080215966,487344088,21,23206861.3333333,18,2,0,66.3,0.415164554017909,6.78619047619047,6.35095238095238,2026-06-30T00:00:00+05:30,2026-06-02T00:00:00+05:30
NIITLTD,2026,6,,67.9,110,67.56,100.62,48.1885125184094,126758870,21,6036136.66666667,11,9,0,42.44,0.444870393387143,7.62333333333333,7.48095238095238,2026-06-17T00:00:00+05:30,2026-06-01T00:00:00+05:30
JAYBARMARU,2026,6,,112,178.89,111.05,171.1,52.7678571428571,38210294,21,1819537.80952381,11,9,0,67.84,0.453203286792705,10.3842857142857,10.1019047619048,2026-06-19T00:00:00+05:30,2026-06-01T00:00:00+05:30
AEGISLOG,2026,6,,754,1195.95,747.55,1173.95,55.6962864721486,116627829,21,5553706.14285714,13,7,0,448.4,0.477838249286394,50.6190476190476,50.3428571428571,2026-06-30T00:00:00+05:30,2026-06-04T00:00:00+05:30
PARAS,2026,6,,825,1443,805.7,1289.05,56.2484848484849,139692934,21,6652044.47619048,12,8,0,637.3,0.571929787074924,82.3952380952381,80.2285714285714,2026-06-19T00:00:00+05:30,2026-06-02T00:00:00+05:30
VISL,2026,6,,20,35.66,19.06,35.26,76.3,1028097399,11,93463399.9090909,10,0,0,16.6,0.610436933774613,1.72272727272727,1.30272727272727,2026-06-30T00:00:00+05:30,2026-06-15T00:00:00+05:30
RAMCOSYS,2026,6,,457.9,868.7,440.5,836.05,82.5835335226032,89455034,21,4259763.52380952,14,6,0,428.2,0.743544159355698,46.2452380952381,45.8285714285714,2026-06-30T00:00:00+05:30,2026-06-02T00:00:00+05:30
SETL,2026,6,,133.51,256.77,132.3,256.77,92.3226724589918,32368420,21,1541353.33333333,14,6,0,124.47,0.705517018003185,12.532380952381,11.4647619047619,2026-06-30T00:00:00+05:30,2026-06-01T00:00:00+05:30
