symbol,year,month,quarter,open,high,low,close,percent_change,volume,trading_days,avg_daily_volume,up_days,down_days,unchanged_days,range,volatility,avg_true_range,avg_daily_range,highest_day,lowest_day,high_to_ltp_pct,low_to_ltp_pct
HITECH,2026,6,,87.09,97.17,82.3,87.99,1.033413709955209,17763980.0,21,845903.8095238095,13,7,0,14.870000000000005,0.16645433659735295,3.4252380952380954,3.3600000000000003,2026-06-23T00:00:00+05:30,2026-06-02T00:00:00+05:30,-9.586105785496786,7.183940453366419
KALYANKJIL,2026,6,,360.0,391.5,327.05,386.7,7.416666666666663,164954512.0,21,7854976.761904762,12,8,0,64.44999999999999,0.17597155227334776,14.42380952380952,13.788095238095236,2026-06-30T00:00:00+05:30,2026-06-11T00:00:00+05:30,-9.571788413098234,8.46627483907081
PETRONET,2026,6,,272.0,294.1,261.15,280.8,3.2352941176470633,72339971.0,21,3444760.523809524,9,11,0,32.950000000000045,0.11850183673993663,6.221428571428563,5.892857142857134,2026-06-17T00:00:00+05:30,2026-06-11T00:00:00+05:30,-5.98198198198199,5.8918918918919
MEESHO,2026,6,,184.25,195.48,160.52,192.4,4.42333785617368,793077047.0,21,37765573.666666664,9,11,0,34.95999999999998,0.20031432126252363,8.524761904761904,8.52,2026-06-30T00:00:00+05:30,2026-06-05T00:00:00+05:30,-3.1992397846056395,15.25710062295427
MPHASIS,2026,6,,2286.0,2430.5,2150.0,2161.6,-5.441819772528438,11756706.0,21,559843.1428571428,11,9,0,280.5,0.12232882686436983,73.41428571428571,67.45238095238095,2026-06-02T00:00:00+05:30,2026-06-19T00:00:00+05:30,-2.1862518393945765,9.606895101955013
GOLDIETF,2026,6,,133.12,137.46,117.64,120.1,-9.780649038461545,129709010.0,21,6176619.523809524,7,13,0,19.820000000000007,0.15636904627730322,4.096190476190476,3.4700000000000015,2026-06-16T00:00:00+05:30,2026-06-30T00:00:00+05:30,-11.73792879206634,4.373272638595347
SEIL,2026,6,,190.99,224.8,175.1,216.82,13.524268286297703,11065190.0,21,526913.8095238095,9,11,0,49.70000000000002,0.2484349337078385,10.39809523809524,10.088571428571427,2026-06-25T00:00:00+05:30,2026-06-08T00:00:00+05:30,1.2909458154035294,23.11407745674893
INDUSINDBK,2026,6,,917.75,953.5,881.0,924.2,0.7028057749931949,46010669.0,21,2190984.238095238,12,8,0,72.5,0.0791980836404589,24.17142857142856,23.459523809523798,2026-06-15T00:00:00+05:30,2026-06-08T00:00:00+05:30,7.116068384394326,14.178559251863032
ITETF,2026,6,,30.45,33.04,27.75,28.05,-7.881773399014774,16762638.0,21,798220.8571428572,6,14,0,5.289999999999999,0.1768245125348189,1.0695238095238095,1.0257142857142856,2026-06-02T00:00:00+05:30,2026-06-30T00:00:00+05:30,-11.772665764546687,6.123139377537208
PRESTIGE,2026,6,,1377.9,1580.6,1311.0,1564.6,13.549604470571145,15608219.0,21,743248.5238095238,14,6,0,269.5999999999999,0.18669375049463152,50.43809523809525,47.71428571428572,2026-06-23T00:00:00+05:30,2026-06-11T00:00:00+05:30,,
ICICIBANK,2026,6,,1257.1,1404.0,1213.7,1375.2,9.394638453583656,326444067.0,21,15544955.57142857,15,5,0,190.29999999999995,0.14479085523812973,26.519047619047612,25.328571428571422,2026-06-25T00:00:00+05:30,2026-06-03T00:00:00+05:30,1.0222065562213607,14.437786394078248
IRCTC,2026,6,,512.1,535.0,501.0,502.9,-1.7965241163835275,18476561.0,21,879836.2380952381,9,11,0,34.0,0.06571015746509723,9.852380952380951,9.53095238095238,2026-06-05T00:00:00+05:30,2026-06-30T00:00:00+05:30,,
RHIM,2026,6,,392.35,404.95,333.8,367.75,-6.269912068306365,19820372.0,21,943827.2380952381,8,12,0,71.14999999999998,0.18926467794033816,17.426190476190477,16.428571428571427,2026-06-04T00:00:00+05:30,2026-06-02T00:00:00+05:30,-5.332292885940955,13.174665105995572
ADANIENSOL,2026,6,,1521.8,1614.8,1445.0,1491.4,-1.9976343803390633,58581178.0,21,2789579.904761905,11,9,0,169.79999999999995,0.11220264317180613,51.79523809523808,50.61904761904762,2026-06-08T00:00:00+05:30,2026-06-03T00:00:00+05:30,1.5065568770966786,11.863372979566941
LENSKART,2026,6,,524.0,532.5,482.15,514.95,-1.7270992366412126,134100990.0,21,6385761.428571428,10,10,0,50.35000000000002,0.09897361733196673,14.599999999999993,14.509523809523804,2026-06-01T00:00:00+05:30,2026-06-24T00:00:00+05:30,0.6993006993006993,10.088578088578092
NBCC,2026,6,,101.7,114.29,99.06,104.93,3.176007866273357,419535624.0,21,19977886.85714286,9,11,0,15.230000000000004,0.14313653532876253,3.93047619047619,3.7990476190476183,2026-06-18T00:00:00+05:30,2026-06-01T00:00:00+05:30,-16.183795872725426,-0.7014333638304338
ENRIN,2026,6,,3900.0,3932.0,3373.7,3683.3,-5.556410256410252,10104131.0,21,481149.09523809527,9,11,0,558.3000000000002,0.15272677535122747,149.01904761904765,145.93333333333337,2026-06-01T00:00:00+05:30,2026-06-11T00:00:00+05:30,-15.988200589970504,0.48082595870207023
MBAPL,2026,6,,105.8,117.0,104.09,112.4,6.238185255198496,3867048.0,21,184145.14285714287,10,10,0,12.909999999999997,0.1158896801716694,3.6014285714285714,3.5766666666666667,2026-06-25T00:00:00+05:30,2026-06-02T00:00:00+05:30,-5.548037889039248,6.098331078033371
MFSL,2026,6,,1674.0,1713.6,1541.0,1584.0,-5.376344086021505,16443772.0,21,783036.7619047619,10,10,0,172.5999999999999,0.10677955616046093,47.10952380952384,45.30000000000002,2026-06-23T00:00:00+05:30,2026-06-03T00:00:00+05:30,,
VIDYAWIRES,2026,6,,109.84,115.78,84.84,99.62,-9.304442825928621,68749103.0,21,3273766.8095238097,9,11,0,30.939999999999998,0.31087592044133333,5.501904761904761,4.889047619047619,2026-06-02T00:00:00+05:30,2026-06-11T00:00:00+05:30,-18.09465524275805,13.463892288861693
THOMASCOOK,2026,6,,92.5,117.0,90.65,108.09,16.854054054054057,154896120.0,21,7376005.714285715,10,10,0,26.349999999999994,0.24757060023622882,5.4852380952380955,5.235714285714285,2026-06-18T00:00:00+05:30,2026-06-03T00:00:00+05:30,-9.869471311860273,14.874636116067228
RENUKA,2026,6,,23.01,24.89,21.05,22.13,-3.824424163407225,180528302.0,21,8596585.80952381,8,12,0,3.84,0.17027746104142916,0.7800000000000005,0.7495238095238099,2026-06-15T00:00:00+05:30,2026-06-03T00:00:00+05:30,-9.166666666666666,7.675438596491229
CAPACITE,2026,6,,226.0,287.0,211.0,253.73,12.269911504424774,11228952.0,21,534712.0,11,9,0,76.0,0.3243098256123482,11.312380952380947,10.772380952380948,2026-06-23T00:00:00+05:30,2026-06-11T00:00:00+05:30,-19.359534206695784,12.247868579746305
ICIL,2026,6,,324.0,446.05,315.0,438.25,35.26234567901235,41114262.0,21,1957822.0,8,12,0,131.05,0.3582395553328171,22.238095238095234,22.033333333333328,2026-06-30T00:00:00+05:30,2026-06-08T00:00:00+05:30,-5.4367096087932865,25.54071622739629
PHOENIXLTD,2026,6,,1773.2,1969.7,1675.0,1948.6,9.891721182043755,11390006.0,21,542381.2380952381,13,7,0,294.70000000000005,0.16236403419018688,54.771428571428565,53.97142857142857,2026-06-30T00:00:00+05:30,2026-06-03T00:00:00+05:30,4.969363631977603,19.18753316929608
UNOMINDA,2026,6,,1106.0,1153.9,1031.3,1087.8,-1.6455696202531689,18589423.0,21,885210.619047619,10,10,0,122.60000000000014,0.11219229478693238,37.400000000000006,36.22857142857143,2026-06-25T00:00:00+05:30,2026-06-12T00:00:00+05:30,,
MSCIINDIA,2026,6,,29.64,29.95,28.32,29.49,-0.5060728744939343,4093790.0,21,194942.38095238095,10,10,0,1.629999999999999,0.05578007365642209,0.5390476190476186,0.5099999999999996,2026-06-01T00:00:00+05:30,2026-06-04T00:00:00+05:30,0.4983388704319008,5.913621262458475
PIIND,2026,6,,2789.8,2921.9,2541.0,2555.1,-8.412789447272214,8074361.0,21,384493.38095238095,7,13,0,380.9000000000001,0.13810160150827688,76.24761904761908,75.06666666666672,2026-06-15T00:00:00+05:30,2026-06-30T00:00:00+05:30,,
KISSHT,2026,6,,273.95,302.5,252.5,279.5,2.0259171381639027,58630245.0,21,2791916.4285714286,10,10,0,50.0,0.18201990084249206,15.978571428571424,15.721428571428564,2026-06-22T00:00:00+05:30,2026-06-05T00:00:00+05:30,3.9530084140339703,19.8285442133672
PNB,2026,6,,106.5,110.5,102.67,106.69,0.17840375586854246,392559293.0,21,18693299.666666668,12,8,0,7.829999999999998,0.07303520507422112,2.320476190476189,2.2309523809523792,2026-06-10T00:00:00+05:30,2026-06-02T00:00:00+05:30,-6.547102497348381,1.0027962587985653
ASIANTILES,2026,6,,60.0,62.95,52.07,54.1,-9.833333333333332,59846328.0,21,2849825.1428571427,8,12,0,10.880000000000003,0.18647775129770505,2.2652380952380953,2.2261904761904767,2026-06-15T00:00:00+05:30,2026-06-30T00:00:00+05:30,-29.580074104569793,-7.184026348291482
DIGITIDE,2026,6,,87.0,93.48,80.52,84.89,-2.4252873563218382,5916514.0,21,281738.7619047619,8,12,0,12.960000000000008,0.15015972678168474,4.167142857142859,4.104285714285716,2026-06-18T00:00:00+05:30,2026-06-11T00:00:00+05:30,13.843317972350228,25.788018433179726
SUPREMEIND,2026,6,,3589.0,3685.7,3147.2,3157.8,-12.014488715519638,4214839.0,21,200706.61904761905,11,9,0,538.5,0.1539702638673311,98.60476190476196,94.68095238095243,2026-06-04T00:00:00+05:30,2026-06-30T00:00:00+05:30,,
PREMIERENE,2026,6,,1077.6,1103.9,1018.5,1051.0,-2.4684484038604224,25197074.0,21,1199860.6666666667,11,9,0,85.40000000000009,0.08043378811119194,33.06190476190476,32.93333333333334,2026-06-09T00:00:00+05:30,2026-06-29T00:00:00+05:30,,
SILVERCASE,2026,6,,26.99,26.99,21.5,22.54,-16.487587995553906,269145943.0,21,12816473.476190476,8,12,0,5.489999999999998,0.22582414353710845,0.9271428571428573,0.7361904761904761,2026-06-01T00:00:00+05:30,2026-06-25T00:00:00+05:30,-17.654751525719252,6.277244986922412
AEGISVOPAK,2026,6,,200.0,249.43,182.5,234.69,17.345,22422348.0,21,1067730.857142857,12,8,0,66.93,0.30869330311256366,10.450952380952382,9.896666666666667,2026-06-23T00:00:00+05:30,2026-06-08T00:00:00+05:30,9.265187340851208,33.6122226264096
TCS,2026,6,,2284.0,2457.4,2018.8,2031.5,-11.055166374781086,120106353.0,21,5719350.142857143,9,11,0,438.60000000000014,0.20193370165745864,67.17142857142858,58.2095238095238,2026-06-02T00:00:00+05:30,2026-06-30T00:00:00+05:30,-17.343138191194743,3.6004202081940537
SAKSOFT,2026,6,,144.49,212.47,135.2,206.71,43.061803585023185,236658998.0,21,11269476.095238095,10,10,0,77.27000000000001,0.5233237656013159,8.314761904761907,7.827619047619051,2026-06-30T00:00:00+05:30,2026-06-12T00:00:00+05:30,-20.803957243575166,23.12940641346373
ROLEXRINGS,2026,6,,141.15,150.0,135.0,149.58,5.972369819341131,23817599.0,21,1134171.380952381,13,7,0,15.0,0.10580482201277717,3.419523809523807,3.3190476190476157,2026-06-30T00:00:00+05:30,2026-06-04T00:00:00+05:30,-7.142857142857142,3.571428571428571
MAZDOCK,2026,6,,2464.9,2569.0,2315.1,2496.6,1.286056229461634,16942142.0,21,806768.6666666666,9,11,0,253.9000000000001,0.10333600141091565,66.72857142857146,63.452380952381,2026-06-18T00:00:00+05:30,2026-06-11T00:00:00+05:30,-1.4893532967249956,8.541065855489284
KPITTECH,2026,6,,776.05,826.0,669.35,671.55,-13.46562721474132,32034526.0,21,1525453.619047619,8,12,0,156.64999999999998,0.2084405216002838,26.952380952380956,25.919047619047628,2026-06-02T00:00:00+05:30,2026-06-30T00:00:00+05:30,-46.64891256102974,-18.837106080781187
PREMEXPLN,2026,6,,661.55,829.8,630.0,805.95,21.827526264076806,28734692.0,21,1368318.6666666667,12,8,0,199.79999999999995,0.278059060545011,46.002380952380946,45.09999999999999,2026-06-30T00:00:00+05:30,2026-06-03T00:00:00+05:30,-18.551325094649602,9.99357096935496
RAMCOSYS,2026,6,,457.9,868.7,440.5,836.05,82.58353352260319,89455034.0,21,4259763.523809524,14,6,0,428.20000000000005,0.7435441593556976,46.24523809523811,45.828571428571436,2026-06-30T00:00:00+05:30,2026-06-02T00:00:00+05:30,3.7558165300243718,51.196543319299806
TVSMOTOR,2026,6,,3382.0,3602.3,3265.6,3460.6,2.3240685984624454,24987946.0,21,1189902.1904761905,11,9,0,336.7000000000003,0.09888800468797429,82.70000000000003,80.54285714285719,2026-06-25T00:00:00+05:30,2026-06-12T00:00:00+05:30,,
NYKAA,2026,6,,262.65,312.9,257.8,310.85,18.351418237197812,196275445.0,21,9346449.761904761,10,10,0,55.099999999999966,0.1956725769221012,8.08095238095238,7.769047619047618,2026-06-30T00:00:00+05:30,2026-06-08T00:00:00+05:30,0.27091633466136184,17.83266932270916
INDHOTEL,2026,6,,663.0,740.0,635.0,713.95,7.684766214177986,55125899.0,21,2625042.8095238097,12,8,0,105.0,0.15263159716333657,15.928571428571434,15.095238095238106,2026-06-22T00:00:00+05:30,2026-06-02T00:00:00+05:30,0.5977567331587138,14.702129088588897
BSOFT,2026,6,,322.3,356.8,285.0,286.3,-11.169717654359292,36273164.0,21,1727293.5238095238,7,13,0,71.80000000000001,0.22566113414250863,11.838095238095239,11.057142857142859,2026-06-02T00:00:00+05:30,2026-06-30T00:00:00+05:30,-26.412754650132864,-0.9743135518157661
PARADEEP,2026,6,,126.0,140.4,120.49,136.03,7.9603174603174605,82111000.0,21,3910047.619047619,13,7,0,19.91000000000001,0.15300420467894044,4.299523809523807,4.170476190476189,2026-06-22T00:00:00+05:30,2026-06-11T00:00:00+05:30,-0.6451612903225847,13.627240143369178
ARFIN,2026,6,,93.5,101.9,80.0,85.8,-8.235294117647062,55262937.0,21,2631568.4285714286,10,10,0,21.900000000000006,0.24238048307447446,4.82809523809524,4.712380952380954,2026-06-18T00:00:00+05:30,2026-06-11T00:00:00+05:30,-12.249394139678348,11.874862304472352
MANINFRA,2026,6,,116.0,120.95,102.75,104.18,-10.189655172413788,49537699.0,21,2358938.0476190476,8,12,0,18.200000000000003,0.1656086834066339,4.727619047619048,4.716666666666667,2026-06-03T00:00:00+05:30,2026-06-29T00:00:00+05:30,-19.150822579056246,-1.2215545266476158
IKIO,2026,6,,151.21,166.5,147.1,151.85,0.4232524303948061,1426448.0,21,67926.09523809524,9,11,0,19.400000000000006,0.12382564716681212,6.00428571428572,5.77619047619048,2026-06-15T00:00:00+05:30,2026-06-01T00:00:00+05:30,12.78156102671556,22.943949711891047
VAML,2026,6,,522.0,537.0,425.0,448.46,-14.08812260536399,264334772.0,11,24030433.818181816,4,6,0,112.0,0.24253018831524203,28.857272727272722,25.855454545454542,2026-06-15T00:00:00+05:30,2026-06-29T00:00:00+05:30,-20.864280891289667,4.343911771325684
ABFRL,2026,6,,65.15,65.66,57.88,58.06,-10.88257866462011,78647466.0,21,3745117.4285714286,7,13,0,7.779999999999994,0.12887907233572607,1.8609523809523816,1.8114285714285718,2026-06-01T00:00:00+05:30,2026-06-30T00:00:00+05:30,-10.075440067057833,2.9673093042749303
BHARATCOAL,2026,6,,41.5,44.4,36.4,39.33,-5.228915662650606,1007433526.0,21,47973025.047619045,10,10,0,8.0,0.20108923334729784,2.133809523809524,2.0933333333333333,2026-06-18T00:00:00+05:30,2026-06-11T00:00:00+05:30,-17.30515191545574,3.830911492734486
NESTLEIND,2026,6,,1424.5,1454.9,1368.1,1405.2,-1.3548613548613517,37895731.0,21,1804558.619047619,10,10,0,86.80000000000018,0.06208954410442284,32.233333333333384,32.138095238095275,2026-06-10T00:00:00+05:30,2026-06-02T00:00:00+05:30,0.7571623465211398,6.678035470668492
HDFCGOLD,2026,6,,133.63,137.09,117.32,119.76,-10.37940582204594,92644629.0,21,4411649.0,8,12,0,19.77000000000001,0.15627693732284892,3.198571428571428,2.5809523809523798,2026-06-02T00:00:00+05:30,2026-06-30T00:00:00+05:30,-11.70958279009127,4.400260756192964
360ONE,2026,6,,1108.0,1165.1,1031.3,1074.6,-3.0144404332130046,21729575.0,21,1034741.6666666666,11,9,0,133.79999999999995,0.1220458247366706,32.58571428571432,31.590476190476206,2026-06-16T00:00:00+05:30,2026-06-11T00:00:00+05:30,,
GODREJCP,2026,6,,1036.3,1056.8,975.4,1010.0,-2.5378751326835816,23268046.0,21,1108002.1904761905,9,11,0,81.39999999999998,0.08026746430131053,23.561904761904763,23.10476190476191,2026-06-15T00:00:00+05:30,2026-06-03T00:00:00+05:30,,
LLOYDSENT,2026,6,,72.1,80.24,63.67,73.82,2.385575589459083,93005649.0,21,4428840.428571428,10,10,0,16.569999999999993,0.23326138252802048,3.528095238095239,3.40047619047619,2026-06-22T00:00:00+05:30,2026-06-08T00:00:00+05:30,-8.388491152235572,13.994326624341483
MMTC,2026,6,,65.4,78.35,62.87,68.05,4.051987767584085,386564244.0,21,18407821.14285714,10,10,0,15.479999999999997,0.22359479461853796,3.5690476190476192,3.4780952380952384,2026-06-17T00:00:00+05:30,2026-06-02T00:00:00+05:30,-20.724191063174093,3.1278890600924627
MOM30IETF,2026,6,,31.31,32.52,29.97,31.47,0.5110188438198663,30649342.0,21,1459492.4761904762,11,9,0,2.5500000000000043,0.08197348681994931,0.547142857142857,0.5047619047619045,2026-06-25T00:00:00+05:30,2026-06-08T00:00:00+05:30,-5.721716514954491,2.568270481144352
FCL,2026,6,,40.35,47.18,36.66,38.8,-3.8413878562577555,391244639.0,21,18630697.095238097,10,10,0,10.520000000000003,0.2547773638869349,2.9576190476190485,2.813809523809525,2026-06-23T00:00:00+05:30,2026-06-08T00:00:00+05:30,-28.555858310626693,0.10899182561309605
HDFCAMC,2026,6,,2687.5,2735.0,2380.8,2653.2,-1.2762790697674486,20056585.0,21,955075.4761904762,9,11,0,354.1999999999998,0.13695542900070146,74.33809523809524,69.51428571428568,2026-06-18T00:00:00+05:30,2026-06-12T00:00:00+05:30,,
ITCHOTELS,2026,6,,155.49,184.2,148.45,179.99,15.756640298411472,97454245.0,21,4640678.333333333,12,8,0,35.75,0.2214281711493029,5.1223809523809525,4.863809523809522,2026-06-23T00:00:00+05:30,2026-06-11T00:00:00+05:30,1.249128826462238,20.414946657374156
GREAVESCOT,2026,6,,181.69,222.9,175.4,219.98,21.07435742198249,50315958.0,21,2395998.0,13,7,0,47.5,0.24436730304240353,9.127142857142857,8.803809523809523,2026-06-30T00:00:00+05:30,2026-06-11T00:00:00+05:30,-0.8141112618724611,20.669380370872904
SCI,2026,6,,292.95,330.0,283.6,305.3,4.215736473800997,143622366.0,21,6839160.285714285,10,10,0,46.39999999999998,0.1521489635788733,12.4595238095238,11.964285714285706,2026-06-24T00:00:00+05:30,2026-06-02T00:00:00+05:30,-14.167099117799683,1.8854869399757785
PVTBANIETF,2026,6,,26.91,28.93,25.67,28.24,4.942400594574501,262507699.0,21,12500366.61904762,13,7,0,3.259999999999998,0.11852082684117578,0.5099999999999999,0.5047619047619046,2026-06-25T00:00:00+05:30,2026-06-09T00:00:00+05:30,-1.0831586303284373,10.30747728860936
LUPIN,2026,6,,2285.4,2440.8,2219.8,2419.0,5.845803798022224,18042940.0,21,859187.619047619,12,8,0,221.0,0.09596238423413084,43.47619047619056,42.16666666666678,2026-06-30T00:00:00+05:30,2026-06-02T00:00:00+05:30,,
VISL,2026,6,,20.0,35.66,19.06,35.26,76.29999999999998,1028097399.0,11,93463399.9090909,10,0,0,16.599999999999998,0.610436933774613,1.7227272727272724,1.3027272727272723,2026-06-30T00:00:00+05:30,2026-06-15T00:00:00+05:30,2.5150355385456584,47.89502460360853
APOLLOTYRE,2026,6,,395.15,443.9,378.05,430.2,8.870049348348731,23866879.0,21,1136518.0476190476,11,9,0,65.84999999999997,0.16139234966299995,11.854761904761899,10.445238095238091,2026-06-17T00:00:00+05:30,2026-06-11T00:00:00+05:30,3.078602620087341,17.456331877729255
FEDERALBNK,2026,6,,290.0,331.8,284.85,330.05,13.81034482758621,195267390.0,21,9298447.142857144,12,7,1,46.94999999999999,0.14951662433180418,6.969047619047617,6.819047619047619,2026-06-30T00:00:00+05:30,2026-06-02T00:00:00+05:30,-0.591177808094585,13.642564802182811
BANKNIFTY1,2026,6,,56.39,61.82,54.9,59.89,6.20677425075368,21827081.0,21,1039384.8095238095,11,8,1,6.920000000000002,0.11872646018349826,1.2300000000000002,1.1971428571428575,2026-06-25T00:00:00+05:30,2026-06-03T00:00:00+05:30,-2.266335814722907,9.18114143920596
BDL,2026,6,,1212.2,1440.5,1155.2,1368.4,12.885662431941928,33249693.0,21,1583318.7142857143,11,9,0,285.29999999999995,0.2245151861497817,42.06190476190479,40.72380952380955,2026-06-23T00:00:00+05:30,2026-06-11T00:00:00+05:30,-3.752520887352341,16.796312301930282
SILVER,2026,6,,260.14,263.84,212.18,222.02,-14.653648035673092,33240109.0,21,1582862.3333333333,8,12,0,51.65999999999997,0.21597290932147872,8.742380952380948,6.8357142857142845,2026-06-02T00:00:00+05:30,2026-06-25T00:00:00+05:30,-16.914078078610356,5.977755129170905
INDIANB,2026,6,,840.25,884.95,805.85,816.65,-2.80868789050878,57351721.0,21,2731034.3333333335,10,10,0,79.10000000000002,0.09371403425631307,22.780952380952378,21.95714285714285,2026-06-18T00:00:00+05:30,2026-06-02T00:00:00+05:30,-12.53894576206524,-2.4798117886437336
NAZARA,2026,6,,281.0,310.45,264.4,303.1,7.864768683274029,40673881.0,21,1936851.4761904762,12,8,0,46.05000000000001,0.16018054577829313,9.490476190476185,9.204761904761902,2026-06-30T00:00:00+05:30,2026-06-08T00:00:00+05:30,-3.4833333333333294,11.866666666666674
POWERGRID,2026,6,,291.0,295.25,278.4,286.3,-1.6151202749140854,233297853.0,21,11109421.57142857,11,9,0,16.850000000000023,0.05872590428930628,5.7095238095238035,5.666666666666662,2026-06-24T00:00:00+05:30,2026-06-02T00:00:00+05:30,-3.0900837988826897,2.7932960893854752
KEI,2026,6,,5289.5,5708.0,5067.5,5427.5,2.6089422440684373,7145146.0,21,340245.04761904763,11,9,0,640.5,0.11904098132143853,189.45238095238096,182.78571428571428,2026-06-23T00:00:00+05:30,2026-06-02T00:00:00+05:30,,
COMSYN,2026,6,,153.53,173.6,151.5,161.3,5.060900149807862,2176025.0,21,103620.23809523809,11,8,1,22.099999999999994,0.13642536729906574,7.00095238095238,7.00095238095238,2026-06-17T00:00:00+05:30,2026-06-09T00:00:00+05:30,5.805751492132401,17.79706999457407
LLOYDSENGG,2026,6,,74.0,91.99,66.51,86.53,16.932432432432435,561349323.0,21,26730920.14285714,11,9,0,25.47999999999999,0.32623248667829124,4.620952380952382,4.4852380952380955,2026-06-22T00:00:00+05:30,2026-06-11T00:00:00+05:30,-7.226949527916993,22.47348175778063
SMALLCAP,2026,6,,45.28,47.71,43.65,46.37,2.4072438162544088,38357238.0,21,1826535.142857143,12,8,0,4.060000000000002,0.08935608283726006,0.9409523809523802,0.9009523809523801,2026-06-25T00:00:00+05:30,2026-06-11T00:00:00+05:30,-1.9226660969878198,6.750694296090587
GROWW,2026,6,,186.0,208.49,184.0,202.07,8.639784946236556,832029223.0,21,39620439.190476194,11,9,0,24.49000000000001,0.12475862872002874,6.6947619047619025,6.68380952380952,2026-06-16T00:00:00+05:30,2026-06-01T00:00:00+05:30,-7.579979360165118,5.056759545923638
FIVESTAR,2026,6,,445.9,527.85,415.35,505.1,13.27651939896839,39951935.0,21,1902473.0952380951,9,11,0,112.5,0.24172012646183122,19.671428571428567,18.661904761904758,2026-06-19T00:00:00+05:30,2026-06-11T00:00:00+05:30,3.8524590163934382,24.344262295081965
ENGINERSIN,2026,6,,232.49,265.0,220.0,240.61,3.4926233386382224,82230380.0,21,3915732.380952381,11,8,1,45.0,0.18714390673302192,9.664285714285715,9.517619047619048,2026-06-23T00:00:00+05:30,2026-06-11T00:00:00+05:30,-10.232945091514141,8.485856905158071
GENUSPOWER,2026,6,,315.0,358.95,282.1,299.4,-4.95238095238096,84673982.0,21,4032094.380952381,11,9,0,76.84999999999997,0.2410530246452576,14.214285714285708,13.285714285714283,2026-06-24T00:00:00+05:30,2026-06-30T00:00:00+05:30,-16.014867485455724,8.82352941176469
IIFL,2026,6,,470.2,546.15,459.7,507.8,7.99659719268397,55452405.0,21,2640590.714285714,11,9,0,86.44999999999999,0.16893642957841498,20.73095238095238,19.700000000000006,2026-06-23T00:00:00+05:30,2026-06-02T00:00:00+05:30,-4.157528368456175,12.329550872508827
SETL,2026,6,,133.51,256.77,132.3,256.77,92.32267245899183,32368420.0,21,1541353.3333333333,14,6,0,124.46999999999997,0.7055170180031849,12.53238095238095,11.464761904761904,2026-06-30T00:00:00+05:30,2026-06-01T00:00:00+05:30,1.8087954110898732,49.40726577437858
MAXHEALTH,2026,6,,970.0,1159.0,919.8,1129.25,16.417525773195877,57915048.0,21,2757859.4285714286,15,5,0,239.20000000000005,0.2308402840008272,28.933333333333334,28.91666666666667,2026-06-29T00:00:00+05:30,2026-06-02T00:00:00+05:30,-2.675407512402556,18.51523742026931
ROTO,2026,6,,56.95,78.87,55.2,72.11,26.61984196663739,221302591.0,21,10538218.61904762,13,7,0,23.67,0.36841832196857405,3.8090476190476203,3.633809523809524,2026-06-24T00:00:00+05:30,2026-06-02T00:00:00+05:30,-10.928270042194107,22.362869198312225
FIRSTCRY,2026,6,,226.5,235.02,211.02,223.29,-1.417218543046361,58014049.0,21,2762573.761904762,9,11,0,24.0,0.10918331315030688,7.663333333333335,7.498095238095239,2026-06-05T00:00:00+05:30,2026-06-08T00:00:00+05:30,-10.353570925482467,0.9156219185800764
JWL,2026,6,,279.0,286.5,260.35,267.8,-4.01433691756272,30702544.0,21,1462025.9047619049,8,12,0,26.149999999999977,0.09512961984530492,8.802380952380949,8.564285714285704,2026-06-04T00:00:00+05:30,2026-06-25T00:00:00+05:30,-12.86192633444948,-2.560567264132373
LEMONTREE,2026,6,,114.33,121.45,103.5,116.65,2.029213679699123,93309052.0,21,4443288.19047619,11,9,0,17.950000000000003,0.16032238856754003,3.2314285714285713,2.963809523809524,2026-06-23T00:00:00+05:30,2026-06-11T00:00:00+05:30,-1.2420806935645292,13.721240413471152
TATAELXSI,2026,6,,4306.9,4542.8,3813.8,3829.7,-11.079895052125655,6213121.0,21,295862.90476190473,9,11,0,729.0,0.17601832273820076,114.87619047619043,107.35238095238087,2026-06-02T00:00:00+05:30,2026-06-30T00:00:00+05:30,,
HEROMOTOCO,2026,6,,4915.5,5073.4,4671.5,4794.3,-2.465669819957274,15201660.0,21,723888.5714285715,9,11,0,401.89999999999964,0.08196711758827344,109.68095238095235,105.44761904761903,2026-06-15T00:00:00+05:30,2026-06-30T00:00:00+05:30,,
TECHM,2026,6,,1495.2,1589.0,1344.0,1404.7,-6.052701979668272,56239931.0,21,2678091.9523809524,7,13,0,245.0,0.16759940322233877,47.40000000000003,43.67142857142858,2026-06-02T00:00:00+05:30,2026-06-19T00:00:00+05:30,-9.919756502490323,7.028223574986159
CENTRUM,2026,6,,22.57,25.49,21.31,21.75,-3.6331413380593722,12308224.0,21,586105.9047619047,8,12,0,4.18,0.18940554536627466,0.8809523809523812,0.870952380952381,2026-06-22T00:00:00+05:30,2026-06-08T00:00:00+05:30,-4.1683694319574975,12.913771965672252
SILVERBEES,2026,6,,246.65,252.99,202.58,212.82,-13.715791607541055,660746416.0,21,31464115.04761905,8,12,0,50.41,0.22002211423749524,7.587619047619049,5.345238095238094,2026-06-02T00:00:00+05:30,2026-06-25T00:00:00+05:30,-17.011239073123352,6.304056241616944
MOSCHIP,2026,6,,223.7,229.6,198.61,206.49,-7.693339293696906,47707606.0,21,2271790.761904762,8,12,0,30.98999999999998,0.14644964422181106,9.227142857142857,8.561904761904762,2026-06-05T00:00:00+05:30,2026-06-11T00:00:00+05:30,-2.0263064344116613,11.744578741557048
UCOBANK,2026,6,,25.29,30.04,24.16,26.99,6.722024515618818,285719637.0,21,13605697.0,10,10,0,5.879999999999999,0.22376456517405718,0.8185714285714283,0.7961904761904758,2026-06-17T00:00:00+05:30,2026-06-02T00:00:00+05:30,-14.047076689445706,8.276385725132878
SUNPHARMA,2026,6,,1812.0,1902.4,1756.8,1862.5,2.7869757174392937,46972399.0,21,2236780.904761905,12,8,0,145.60000000000014,0.08006514982102135,27.85238095238096,27.761904761904773,2026-06-23T00:00:00+05:30,2026-06-03T00:00:00+05:30,0.30917570612586404,7.93900330136771
ADFFOODS,2026,6,,265.0,320.0,262.0,310.7,17.245283018867923,5628496.0,21,268023.61904761905,12,8,0,58.0,0.1982873701689838,14.166666666666655,14.095238095238088,2026-06-22T00:00:00+05:30,2026-06-01T00:00:00+05:30,-3.7781741527484924,15.031619912437172
TATASTEEL,2026,6,,210.0,213.46,187.05,188.06,-10.447619047619046,672173002.0,21,32008238.19047619,7,13,0,26.409999999999997,0.1322947452787657,4.1504761904761915,3.961904761904763,2026-06-02T00:00:00+05:30,2026-06-30T00:00:00+05:30,-12.774725274725279,1.178148774302615
SANDUMA,2026,6,,227.0,235.0,201.45,202.85,-10.63876651982379,20397193.0,21,971294.9047619047,6,14,0,33.55000000000001,0.15604789411201878,6.498571428571428,6.166666666666665,2026-06-01T00:00:00+05:30,2026-06-30T00:00:00+05:30,-14.221833381938364,2.085156022163906
JTLIND,2026,6,,69.0,83.7,64.9,79.59,15.347826086956525,71197875.0,21,3390375.0,11,9,0,18.799999999999997,0.2532213891258474,3.9899999999999998,3.9676190476190474,2026-06-22T00:00:00+05:30,2026-06-03T00:00:00+05:30,-3.1677554542093027,20.00493035868358
GOLDIAM,2026,6,,410.25,507.45,407.0,444.15,8.263254113345516,28436110.0,21,1354100.4761904762,8,12,0,100.44999999999999,0.22261679875893076,24.469047619047604,23.764285714285702,2026-06-18T00:00:00+05:30,2026-06-08T00:00:00+05:30,-12.13125621478289,10.065186167274337
MRPL,2026,6,,146.0,171.25,144.1,149.05,2.0890410958904186,163367574.0,21,7779408.285714285,8,12,0,27.150000000000006,0.1739949096990375,6.2814285714285685,6.09428571428571,2026-06-15T00:00:00+05:30,2026-06-02T00:00:00+05:30,-16.44115047256409,2.0194465220643223
NIFTYBEES,2026,6,,268.98,275.4,261.35,271.82,1.0558405829429602,163722281.0,21,7796299.095238095,11,9,0,14.049999999999955,0.05226786372268343,3.11857142857144,2.883333333333345,2026-06-25T00:00:00+05:30,2026-06-11T00:00:00+05:30,0.7674845962598622,5.830000360321389
GOLDETF,2026,6,,151.05,151.26,134.65,136.34,-9.738497186362137,33380073.0,21,1589527.2857142857,8,12,0,16.609999999999985,0.11550152982158692,3.2523809523809515,2.493333333333334,2026-06-04T00:00:00+05:30,2026-06-30T00:00:00+05:30,-8.313641245972061,3.580379520229144
MUTHOOTMF,2026,6,,180.0,216.88,171.8,214.37,19.09444444444445,7647537.0,21,364168.4285714286,12,8,0,45.079999999999984,0.2318135070277682,8.870476190476191,8.777619047619046,2026-06-25T00:00:00+05:30,2026-06-01T00:00:00+05:30,-2.572833900870222,18.747635262958752
VEDL,2026,6,,355.1,356.65,270.5,280.75,-20.937764010137993,605657000.0,21,28840809.523809522,7,13,0,86.14999999999998,0.2830799802846211,11.954761904761908,11.123809523809522,2026-06-01T00:00:00+05:30,2026-06-29T00:00:00+05:30,-29.52605774468856,1.7613945887052922
MOREPENLAB,2026,6,,43.77,60.5,42.5,59.12,35.06968243088872,342994313.0,21,16333062.523809524,9,11,0,18.0,0.36245780914390924,3.012857142857144,2.931428571428572,2026-06-30T00:00:00+05:30,2026-06-08T00:00:00+05:30,-0.38161606105856455,29.483988717438198
SOUTHBANK,2026,6,,41.42,49.79,40.6,45.63,10.164171897633995,415195172.0,21,19771198.666666668,11,9,0,9.189999999999998,0.2017478752652651,1.6119047619047624,1.5928571428571434,2026-06-18T00:00:00+05:30,2026-06-01T00:00:00+05:30,-4.38155136268343,14.884696016771489
APOLLO,2026,6,,410.55,446.9,377.25,424.75,3.4587748142735326,466088137.0,21,22194673.19047619,11,9,0,69.64999999999998,0.16817674857136283,23.597619047619045,23.178571428571423,2026-06-03T00:00:00+05:30,2026-06-11T00:00:00+05:30,-10.810810810810802,6.459211505083068
ADANIPORTS,2026,6,,1809.1,1857.8,1745.2,1810.2,0.060803714554205766,46410768.0,21,2210036.5714285714,9,11,0,112.59999999999991,0.06221141779205501,40.67619047619047,40.05238095238095,2026-06-10T00:00:00+05:30,2026-06-02T00:00:00+05:30,0.3540012872774156,6.39347779446471
TDPOWERSYS,2026,6,,1318.7,1374.0,1115.0,1238.3,-6.096913627056956,24602461.0,21,1171545.761904762,12,8,0,259.0,0.20817226360066446,68.28571428571429,67.20000000000002,2026-06-23T00:00:00+05:30,2026-06-11T00:00:00+05:30,-20.993307502641784,1.8140190207819575
NMDC,2026,6,,89.1,97.49,83.92,85.16,-4.421997755331086,735201317.0,21,35009586.52380952,8,12,0,13.569999999999993,0.15198318942298966,2.615238095238094,2.5171428571428556,2026-06-03T00:00:00+05:30,2026-06-30T00:00:00+05:30,-15.454760776882992,0.6158218853623828
TATACONSUM,2026,6,,1178.4,1182.5,1065.1,1075.6,-8.723693143245093,36159222.0,21,1721867.7142857143,8,12,0,117.40000000000009,0.1050617483870419,27.43809523809524,25.9952380952381,2026-06-01T00:00:00+05:30,2026-06-30T00:00:00+05:30,,
J&KBANK,2026,6,,140.36,167.15,138.91,154.74,10.245084069535476,87832348.0,21,4182492.761904762,10,10,0,28.24000000000001,0.18171066137606676,5.202857142857144,5.0409523809523815,2026-06-18T00:00:00+05:30,2026-06-01T00:00:00+05:30,-0.8446455505279069,16.193061840120667
KWIL,2026,6,,27.4,39.45,27.3,35.11,28.138686131386866,495029580.0,21,23572837.14285714,12,8,0,12.150000000000002,0.3515092234146611,1.9828571428571429,1.9742857142857144,2026-06-15T00:00:00+05:30,2026-06-01T00:00:00+05:30,-23.59022556390978,14.473684210526319
BPCL,2026,6,,298.75,321.6,280.25,303.55,1.60669456066946,180981111.0,21,8618148.142857144,9,11,0,41.35000000000002,0.13707290507423112,7.695238095238096,6.671428571428573,2026-06-18T00:00:00+05:30,2026-06-11T00:00:00+05:30,-3.641637125362556,9.684176603287145
TATACHEM,2026,6,,758.0,775.0,708.0,715.95,-5.547493403693926,21400461.0,21,1019069.5714285715,8,12,0,67.0,0.09182125201899073,22.449999999999996,22.416666666666668,2026-06-25T00:00:00+05:30,2026-06-08T00:00:00+05:30,-10.022714366837029,-0.5110732538330527
ATALREAL,2026,6,,29.3,32.0,22.93,28.19,-3.788395904436858,180096773.0,21,8576036.80952381,10,10,0,9.07,0.3064583601493114,1.8880952380952376,1.8123809523809522,2026-06-17T00:00:00+05:30,2026-06-09T00:00:00+05:30,-12.084063047285461,19.68476357267951
SUMEETINDS,2026,6,,23.96,29.55,22.5,28.35,18.322203672787982,76832776.0,21,3658703.619047619,11,9,0,7.050000000000001,0.2765118972021964,1.3038095238095233,1.2885714285714278,2026-06-30T00:00:00+05:30,2026-06-09T00:00:00+05:30,5.075489881143587,27.722454224221003
E2E,2026,6,,410.0,469.4,361.2,396.3,-3.341463414634144,38034281.0,21,1811156.238095238,10,10,0,108.19999999999999,0.2642409497881723,24.707142857142852,21.365714285714287,2026-06-23T00:00:00+05:30,2026-06-12T00:00:00+05:30,-25.726530065622054,3.254319003615919
NHPC,2026,6,,79.11,82.1,71.62,81.33,2.8062191884717467,1028354224.0,21,48969248.76190476,11,9,0,10.47999999999999,0.13797081097346894,2.2166666666666672,1.9585714285714297,2026-06-29T00:00:00+05:30,2026-06-11T00:00:00+05:30,-4.161380360314642,9.134737376300418
PIDILITIND,2026,6,,1482.8,1620.7,1430.0,1592.7,7.411653628270845,19177563.0,21,913217.2857142857,13,7,0,190.70000000000005,0.1243707239508443,31.033333333333356,28.44285714285716,2026-06-25T00:00:00+05:30,2026-06-02T00:00:00+05:30,,
GVT&D,2026,6,,5100.0,5650.0,4581.0,4944.0,-3.058823529411765,22193528.0,21,1056834.6666666667,9,11,0,1069.0,0.2130270162553022,262.3333333333333,247.23809523809524,2026-06-23T00:00:00+05:30,2026-06-02T00:00:00+05:30,-27.761572032652687,-3.588630350722471
HAVELLS,2026,6,,1185.3,1209.1,1123.6,1159.3,-2.1935375010545854,16099504.0,21,766643.0476190476,11,9,0,85.5,0.07335967281299925,28.719047619047647,27.61904761904764,2026-06-18T00:00:00+05:30,2026-06-02T00:00:00+05:30,,
ZEEL,2026,6,,94.1,118.35,91.32,103.51,10.000000000000012,1318079982.0,21,62765713.428571425,10,10,0,27.03,0.2500506594539351,6.373809523809525,6.285238095238095,2026-06-23T00:00:00+05:30,2026-06-03T00:00:00+05:30,-15.553602811950784,10.837727006444062
SETFGOLD,2026,6,,132.3,136.08,116.32,119.58,-9.614512471655338,121707879.0,21,5795613.285714285,7,13,0,19.76000000000002,0.15647530845576052,3.4414285714285677,2.85333333333333,2026-06-03T00:00:00+05:30,2026-06-11T00:00:00+05:30,-11.067580803134195,5.060398302317991
TRIVENI,2026,6,,376.5,425.5,357.05,422.55,12.231075697211157,9515224.0,21,453105.90476190473,13,7,0,68.44999999999999,0.17464386599034107,14.676190476190467,14.583333333333325,2026-06-23T00:00:00+05:30,2026-06-02T00:00:00+05:30,6.215560943354637,21.302622878554107
PHARMABEES,2026,6,,25.31,26.9,24.09,26.04,2.8842354800474137,146766107.0,21,6988862.238095238,13,7,0,2.8099999999999987,0.11190548433588708,0.8161904761904764,0.8161904761904764,2026-06-29T00:00:00+05:30,2026-06-05T00:00:00+05:30,-1.8168054504163393,8.819076457229379
BLUSPRING,2026,6,,78.0,119.5,76.01,111.02,42.33333333333333,37405817.0,21,1781229.380952381,11,9,0,43.489999999999995,0.4483373096521457,8.124761904761906,7.785714285714285,2026-06-18T00:00:00+05:30,2026-06-01T00:00:00+05:30,-10.29072450392248,29.847715736040602
BAJAJHFL,2026,6,,84.82,91.38,82.3,87.5,3.1596321622258983,103665404.0,21,4936447.80952381,11,9,0,9.079999999999998,0.10628347834811348,1.8823809523809532,1.777142857142859,2026-06-22T00:00:00+05:30,2026-06-11T00:00:00+05:30,-3.0795262267343366,7.163000564015802
CDSL,2026,6,,1250.5,1396.8,1183.0,1305.5,4.398240703718512,39744971.0,21,1892617.6666666667,10,10,0,213.79999999999995,0.16856450977079457,33.70000000000001,31.428571428571463,2026-06-18T00:00:00+05:30,2026-06-11T00:00:00+05:30,-3.44367918240391,12.389839294971484
IOB,2026,6,,33.66,36.53,32.26,34.09,1.2774806892454156,101542410.0,21,4835352.857142857,9,11,0,4.270000000000003,0.12604900265677063,0.7890476190476198,0.7652380952380963,2026-06-17T00:00:00+05:30,2026-06-11T00:00:00+05:30,-7.69457547169811,4.893867924528313
TATAPOWER,2026,6,,421.7,423.75,384.0,385.5,-8.584301636234287,108635079.0,21,5173099.0,4,16,0,39.75,0.09915131934504895,7.442857142857138,7.235714285714282,2026-06-01T00:00:00+05:30,2026-06-30T00:00:00+05:30,-12.400530503978779,-1.8567639257294428
SAGILITY,2026,6,,41.25,41.89,38.52,39.4,-4.484848484848488,316268609.0,21,15060409.952380951,8,12,0,3.3699999999999974,0.08431524393876207,1.0842857142857145,1.0171428571428571,2026-06-02T00:00:00+05:30,2026-06-19T00:00:00+05:30,-3.945409429280406,4.416873449131499
KAYNES,2026,6,,3164.9,3399.0,3018.1,3121.9,-1.3586527220449303,20487859.0,21,975612.3333333334,11,9,0,380.9000000000001,0.12035588109611141,107.2714285714286,102.44285714285718,2026-06-18T00:00:00+05:30,2026-06-11T00:00:00+05:30,-2.9064486830154403,8.625491976990618
GMRAIRPORT,2026,6,,101.0,113.36,95.47,112.09,10.980198019801984,558109575.0,21,26576646.42857143,14,6,0,17.89,0.17061075462187164,3.27952380952381,3.057142857142856,2026-06-30T00:00:00+05:30,2026-06-02T00:00:00+05:30,1.297344362211576,16.8741837178929
WIPRO,2026,6,,205.1,210.18,170.05,170.39,-16.923451974646518,625418348.0,21,29781826.095238097,8,12,0,40.129999999999995,0.21691389388662813,5.083333333333333,4.306190476190474,2026-06-02T00:00:00+05:30,2026-06-30T00:00:00+05:30,-20.70985527222605,2.3374684125890153
HUDCO,2026,6,,204.0,218.0,199.0,205.02,0.500000000000005,46745982.0,21,2225999.1428571427,9,10,1,19.0,0.0916802999944854,5.4547619047619,5.264285714285711,2026-06-18T00:00:00+05:30,2026-06-02T00:00:00+05:30,-3.195266272189349,5.798816568047338
M&MFIN,2026,6,,305.0,332.4,274.35,315.8,3.540983606557381,74783819.0,21,3561134.238095238,7,12,1,58.049999999999955,0.19637549836897408,10.895238095238089,10.399999999999991,2026-06-29T00:00:00+05:30,2026-06-11T00:00:00+05:30,-1.3414634146341393,16.356707317073162
IFCI,2026,6,,68.6,95.8,66.61,74.88,9.154518950437321,2665603585.0,21,126933504.04761904,9,11,0,29.189999999999998,0.36731061922509967,5.8114285714285705,5.658095238095237,2026-06-17T00:00:00+05:30,2026-06-02T00:00:00+05:30,-29.986431478968782,9.620081411126192
GHCLTEXTIL,2026,6,,100.11,101.8,89.72,99.63,-0.4794725801618259,11337977.0,21,539903.6666666666,9,11,0,12.079999999999998,0.12686156646629926,4.106190476190476,4.080476190476191,2026-06-01T00:00:00+05:30,2026-06-15T00:00:00+05:30,8.072963698753837,18.981397868882063
FSL,2026,6,,261.75,274.8,227.2,228.45,-12.722063037249287,27375020.0,21,1303572.380952381,6,14,0,47.60000000000002,0.1906596602992648,8.804761904761905,8.59047619047619,2026-06-02T00:00:00+05:30,2026-06-30T00:00:00+05:30,-11.752745018300125,7.604717364782439
AMBUJACEM,2026,6,,448.6,452.0,404.8,421.85,-5.962995987516718,71696640.0,21,3414125.714285714,9,11,0,47.19999999999999,0.11149355470068159,10.86666666666666,10.54047619047619,2026-06-01T00:00:00+05:30,2026-06-11T00:00:00+05:30,-3.113950039922431,7.653701380175661
LICI,2026,6,,413.4,450.2,391.55,431.65,4.414610546686019,97712224.0,21,4652963.047619048,12,8,0,58.64999999999998,0.14148277486129135,10.085714285714285,9.340476190476192,2026-06-19T00:00:00+05:30,2026-06-11T00:00:00+05:30,-3.565677478720957,9.926386013342531
ALPHA,2026,6,,50.64,52.67,48.58,51.51,1.7180094786729807,35882999.0,21,1708714.238095238,11,9,0,4.090000000000003,0.08070699667362018,1.2604761904761905,1.2271428571428566,2026-06-23T00:00:00+05:30,2026-06-11T00:00:00+05:30,-3.153153153153152,4.857030943987473
CAMS,2026,6,,791.5,836.0,720.0,796.85,0.6759317751105525,24863264.0,21,1183964.9523809524,11,9,0,116.0,0.14880561502961145,22.264285714285716,20.58809523809524,2026-06-18T00:00:00+05:30,2026-06-11T00:00:00+05:30,-8.073169155193595,6.922629435718436
MCLOUD,2026,6,,26.76,34.29,21.85,30.5,13.976083707025404,330682880.0,21,15746803.80952381,5,14,1,12.439999999999998,0.46579299277881775,2.1014285714285714,2.0100000000000002,2026-06-19T00:00:00+05:30,2026-06-12T00:00:00+05:30,-12.981878088962102,28.00658978583196
APLAPOLLO,2026,6,,1834.7,1878.5,1736.0,1788.7,-2.5072218891371887,14705364.0,21,700255.4285714285,11,9,0,142.5,0.07852187329442882,40.76190476190475,40.685714285714276,2026-06-19T00:00:00+05:30,2026-06-02T00:00:00+05:30,,
JSWINFRA,2026,6,,275.9,343.45,266.55,322.15,16.76332004349402,119489228.0,21,5689963.238095238,12,8,0,76.89999999999998,0.26028722015376426,11.147619047619045,10.42380952380952,2026-06-24T00:00:00+05:30,2026-06-04T00:00:00+05:30,-6.62837628065817,17.24619683328159
ASTRAL,2026,6,,1595.0,1595.0,1329.0,1335.6,-16.263322884012545,15027954.0,21,715616.8571428572,10,10,0,266.0,0.17570181646614766,46.44285714285715,42.25238095238095,2026-06-01T00:00:00+05:30,2026-06-30T00:00:00+05:30,,
STLTECH,2026,6,,562.95,679.9,541.3,613.3,8.943955946354011,66746723.0,21,3178415.380952381,11,9,0,138.60000000000002,0.227401284435208,36.728571428571435,32.33571428571429,2026-06-05T00:00:00+05:30,2026-06-02T00:00:00+05:30,-22.306170174491815,2.626371649577266
BCLIND,2026,6,,32.53,39.98,31.52,33.84,4.027051952044274,48318055.0,21,2300859.761904762,9,11,0,8.459999999999997,0.23815332645209714,1.6595238095238105,1.6361904761904769,2026-06-11T00:00:00+05:30,2026-06-02T00:00:00+05:30,-15.482380127094164,8.954361640670127
MARKSANS,2026,6,,249.0,277.0,228.2,272.81,9.562248995983937,59082416.0,21,2813448.380952381,11,9,0,48.80000000000001,0.1939950138283917,11.786190476190479,11.669047619047621,2026-06-30T00:00:00+05:30,2026-06-08T00:00:00+05:30,-5.805958747135214,12.834224598930488
TMPV,2026,6,,395.0,407.8,343.3,352.2,-10.835443037974686,282653896.0,21,13459709.333333334,9,11,0,64.5,0.1717655264242463,12.830952380952375,11.947619047619039,2026-06-15T00:00:00+05:30,2026-06-30T00:00:00+05:30,-18.840157365583575,-0.0437126621011319
EDELWEISS,2026,6,,112.82,133.9,103.7,120.81,7.08207764580749,115025448.0,21,5477402.285714285,10,10,0,30.200000000000003,0.25894380976490095,4.873809523809525,4.67809523809524,2026-06-23T00:00:00+05:30,2026-06-11T00:00:00+05:30,-9.916269906419318,14.874404859628953
COLPAL,2026,6,,2049.7,2136.5,1957.8,1997.9,-2.5271991023076414,9905163.0,21,471674.4285714286,9,11,0,178.70000000000005,0.08864087301587303,44.31904761904765,42.79523809523812,2026-06-15T00:00:00+05:30,2026-06-24T00:00:00+05:30,,
INDOFARM,2026,6,,127.66,159.9,124.35,147.53,15.564781450728502,6978334.0,21,332301.61904761905,11,9,0,35.55000000000001,0.2605595459971101,7.252380952380953,7.057619047619048,2026-06-22T00:00:00+05:30,2026-06-03T00:00:00+05:30,-1.724028246071638,20.891914243908648
CMRGREEN,2026,6,,268.0,268.96,231.3,250.7,-6.4552238805970195,107145869.0,14,7653276.357142857,7,6,0,37.65999999999997,0.1521475650156406,15.782142857142853,15.737142857142853,2026-06-10T00:00:00+05:30,2026-06-16T00:00:00+05:30,-14.329436769394253,1.6790648246546178
LIQUIDBEES,2026,6,,999.99,1003.0,974.99,1000.0,0.0010000100000990915,63560894.0,21,3026709.238095238,7,6,7,28.00999999999999,0.02801013338158752,3.401904761904748,3.401904761904748,2026-06-24T00:00:00+05:30,2026-06-02T00:00:00+05:30,-0.3010030100300994,2.5000250002500026
TEXRAIL,2026,6,,104.71,114.9,100.35,107.66,2.8173049374462833,46113634.0,21,2195887.3333333335,10,10,0,14.550000000000011,0.13642208470626066,3.4576190476190485,3.194285714285716,2026-06-22T00:00:00+05:30,2026-06-02T00:00:00+05:30,3.1768770540153333,15.437768602005567
GOLD1,2026,6,,129.69,130.8,114.27,117.06,-9.73860744853111,57576050.0,21,2741716.6666666665,8,12,0,16.530000000000015,0.13392619456393848,3.129999999999998,2.6190476190476177,2026-06-04T00:00:00+05:30,2026-06-25T00:00:00+05:30,-9.15463573395645,4.639906534256866
SYNGENE,2026,6,,443.0,463.8,431.5,439.5,-0.7900677200902935,19810601.0,21,943361.9523809524,7,13,0,32.30000000000001,0.07277779864057984,12.540476190476191,12.361904761904762,2026-06-15T00:00:00+05:30,2026-06-29T00:00:00+05:30,,
TIRUPATIFL,2026,6,,45.05,66.8,42.0,64.07,42.21975582685904,18030031.0,21,858572.9047619047,12,8,0,24.799999999999997,0.5221366698748796,3.000000000000001,2.9442857142857144,2026-06-30T00:00:00+05:30,2026-06-08T00:00:00+05:30,3.746397694524508,39.48126801152738
RTNINDIA,2026,6,,35.0,41.34,32.59,33.36,-4.685714285714288,77958538.0,21,3712311.3333333335,10,10,0,8.75,0.24673371557477208,1.6561904761904762,1.5947619047619046,2026-06-04T00:00:00+05:30,2026-06-29T00:00:00+05:30,-26.267562614538793,0.4581551618814862
JAMNAAUTO,2026,6,,128.9,135.99,113.94,131.37,1.9162141194724585,48528986.0,21,2310904.095238095,12,8,0,22.05000000000001,0.17495636009158724,4.7566666666666695,4.416666666666668,2026-06-22T00:00:00+05:30,2026-06-11T00:00:00+05:30,-0.16203874199012952,16.078662443838855
RBLBANK,2026,6,,345.0,381.7,333.0,369.05,6.9710144927536275,122685885.0,21,5842185.0,11,9,0,48.69999999999999,0.13431042294584636,10.457142857142847,10.299999999999992,2026-06-22T00:00:00+05:30,2026-06-02T00:00:00+05:30,-3.0507559395248416,10.097192224622024
AWL,2026,6,,194.0,198.95,179.5,183.61,-5.355670103092777,69570741.0,21,3312892.4285714286,7,12,1,19.44999999999999,0.10344434595415972,5.254285714285713,5.039523809523809,2026-06-16T00:00:00+05:30,2026-06-29T00:00:00+05:30,-6.396063960639594,4.005561794748387
MARICO,2026,6,,812.0,844.65,794.85,836.25,2.9864532019704435,44960859.0,21,2140993.285714286,10,10,0,49.799999999999955,0.06100377992440145,16.800000000000008,16.635714285714293,2026-06-29T00:00:00+05:30,2026-06-02T00:00:00+05:30,-0.1660243107026359,5.739697598576932
BHARTIARTL,2026,6,,1830.0,1927.7,1768.6,1852.0,1.2021857923497268,153017540.0,21,7286549.523809524,11,9,0,159.10000000000014,0.08643741559604079,34.871428571428545,34.30476190476187,2026-06-23T00:00:00+05:30,2026-06-11T00:00:00+05:30,0.12434588881404403,8.367442101445521
GOLDBEES,2026,6,,128.32,130.83,113.33,115.97,-9.624376558603487,597263425.0,21,28441115.476190478,8,12,0,17.500000000000014,0.1429499422365541,2.855238095238098,2.165714285714288,2026-06-04T00:00:00+05:30,2026-06-11T00:00:00+05:30,-10.135533294048326,4.596346493812617
ADANIPOWER,2026,6,,245.0,245.69,214.8,223.77,-8.665306122448975,655696118.0,21,31223624.666666668,8,12,0,30.889999999999986,0.13583992963940186,7.311428571428569,7.232380952380948,2026-06-01T00:00:00+05:30,2026-06-11T00:00:00+05:30,-13.169046522339936,1.0594196222938659
DABUR,2026,6,,441.0,442.0,414.6,422.2,-4.263038548752837,39934108.0,21,1901624.1904761905,9,11,0,27.399999999999977,0.06448503866412636,8.559523809523812,8.307142857142857,2026-06-01T00:00:00+05:30,2026-06-04T00:00:00+05:30,2.0498614958448753,8.12188365650969
RAYMONDREL,2026,6,,567.25,688.7,551.2,619.2,9.158219479947121,15618639.0,21,743744.7142857143,10,10,0,137.5,0.2264768052456342,33.51428571428572,32.050000000000004,2026-06-23T00:00:00+05:30,2026-06-02T00:00:00+05:30,-2.0296296296296363,18.340740740740735
AUROPHARMA,2026,6,,1426.4,1588.9,1391.0,1578.7,10.677229388670776,33514958.0,21,1595950.380952381,11,9,0,197.9000000000001,0.1343755557351872,37.44761904761907,36.75238095238098,2026-06-30T00:00:00+05:30,2026-06-15T00:00:00+05:30,-0.1323418200151334,12.33929921855306
COFORGE,2026,6,,1438.2,1554.0,1356.2,1465.7,1.9121123626755665,82405501.0,21,3924071.476190476,8,12,0,197.79999999999995,0.13635692174364053,52.18571428571431,48.89523809523813,2026-06-02T00:00:00+05:30,2026-06-11T00:00:00+05:30,-3.07090269947602,10.048418120315713
VOLTAS,2026,6,,1255.0,1411.9,1204.0,1277.6,1.8007968127489966,25612703.0,21,1219652.5238095238,10,10,0,207.9000000000001,0.15994006689355286,40.47142857142859,39.23333333333336,2026-06-22T00:00:00+05:30,2026-06-02T00:00:00+05:30,,
GPIL,2026,6,,290.0,292.5,254.9,255.65,-11.844827586206895,30101145.0,21,1433387.857142857,5,15,0,37.599999999999994,0.13673911161139493,7.376190476190477,7.311904761904761,2026-06-01T00:00:00+05:30,2026-06-30T00:00:00+05:30,-16.533864541832667,-1.553784860557771
LT,2026,6,,4089.0,4272.3,3854.4,4143.4,1.3303986304719893,41459839.0,21,1974278.0476190476,10,10,0,417.9000000000001,0.10262314098681184,80.65238095238084,70.83809523809511,2026-06-25T00:00:00+05:30,2026-06-11T00:00:00+05:30,,
IREDA,2026,6,,132.58,133.19,117.75,128.69,-2.9340775380902206,144205357.0,21,6866921.761904762,12,8,0,15.439999999999998,0.12346308939498364,3.3414285714285734,2.977142857142859,2026-06-22T00:00:00+05:30,2026-06-11T00:00:00+05:30,-6.415787791626719,5.9204218600191725
POLICYBZR,2026,6,,1702.5,1711.3,1478.3,1628.6,-4.340675477239359,37579853.0,21,1789516.8095238095,10,10,0,233.0,0.14655580382548689,53.30952380952383,52.50952380952382,2026-06-22T00:00:00+05:30,2026-06-09T00:00:00+05:30,-7.251190774630237,7.351466532965653
TEJASNET,2026,6,,525.1,644.75,518.2,612.5,16.64444867644258,241120040.0,21,11481906.666666666,10,10,0,126.54999999999995,0.2156104724275294,32.9857142857143,32.716666666666676,2026-06-19T00:00:00+05:30,2026-06-02T00:00:00+05:30,-18.215988265493223,4.987165383204975
MID150BEES,2026,6,,235.5,239.89,220.68,235.19,-0.13163481953290965,18391634.0,21,875792.0952380953,12,8,0,19.20999999999998,0.08267360719738492,4.490476190476192,4.369523809523812,2026-06-23T00:00:00+05:30,2026-06-12T00:00:00+05:30,-1.4291150479895123,6.693163079785204
EICHERMOT,2026,6,,7177.0,7754.0,6942.5,7073.5,-1.4421067298314059,13826608.0,21,658409.9047619047,9,11,0,811.5,0.11043749878490561,181.14285714285714,176.8095238095238,2026-06-25T00:00:00+05:30,2026-06-30T00:00:00+05:30,,
FILATEX,2026,6,,46.9,55.8,44.61,51.91,10.682302771855007,32860609.0,21,1564790.9047619049,12,8,0,11.189999999999998,0.2169105090690912,2.248571428571428,2.1752380952380954,2026-06-22T00:00:00+05:30,2026-06-02T00:00:00+05:30,4.745646978490955,23.84772960054626
TATATECH,2026,6,,706.05,784.0,682.0,684.1,-3.1088449826499445,30885996.0,21,1470761.7142857143,10,10,0,102.0,0.1364565880756563,26.021428571428572,24.68095238095238,2026-06-09T00:00:00+05:30,2026-06-30T00:00:00+05:30,-6.76108122829713,7.128753319261935
EXICOM,2026,6,,161.04,182.9,129.06,170.83,6.079234972677608,251067637.0,21,11955601.761904761,10,10,0,53.84,0.34233912356291385,12.219999999999995,11.84,2026-06-22T00:00:00+05:30,2026-06-08T00:00:00+05:30,-11.46322140288866,21.34804070936681
PACEDIGITK,2026,6,,190.99,217.0,178.0,202.81,6.188805696633327,101714474.0,21,4843546.380952381,9,11,0,39.0,0.20520349973441307,8.888095238095241,8.490952380952383,2026-06-24T00:00:00+05:30,2026-06-08T00:00:00+05:30,-4.276790004805385,14.464199903892357
DECNGOLD,2026,6,,170.42,235.0,152.25,198.22,16.31263936157729,80381990.0,21,3827713.8095238097,11,9,0,82.75,0.4437813155999571,14.706666666666663,14.00095238095238,2026-06-22T00:00:00+05:30,2026-06-11T00:00:00+05:30,-17.759069953898575,23.707155742633795
WEBELSOLAR,2026,6,,110.0,115.43,98.51,101.29,-7.918181818181813,51244331.0,21,2440206.238095238,10,10,0,16.92,0.16134407991826544,4.055714285714286,3.836666666666668,2026-06-05T00:00:00+05:30,2026-06-29T00:00:00+05:30,-13.299960738123296,3.307813113466814
MOREALTY,2026,6,,78.53,83.6,73.88,82.75,5.373742518782629,16151253.0,21,769107.2857142857,12,8,0,9.719999999999999,0.1232668244842746,1.9471428571428557,1.894285714285713,2026-06-25T00:00:00+05:30,2026-06-11T00:00:00+05:30,5.993478016417421,16.923422916900947
PERSISTENT,2026,6,,5238.0,5612.0,4244.5,4326.5,-17.40168003054601,19258891.0,21,917090.0476190476,9,11,0,1367.5,0.2770902985830692,200.45238095238096,171.64285714285714,2026-06-02T00:00:00+05:30,2026-06-30T00:00:00+05:30,-15.639810426540285,12.53863589532248
POLYCAB,2026,6,,9501.0,10126.0,9320.5,9961.0,4.841595621513525,7067473.0,21,336546.3333333333,12,8,0,805.5,0.0830918182889928,241.26190476190476,240.33333333333334,2026-06-22T00:00:00+05:30,2026-06-02T00:00:00+05:30,,
SBC,2026,6,,39.71,45.0,35.8,41.38,4.205489801057672,337957681.0,21,16093222.904761905,11,9,0,9.200000000000003,0.2364778026658834,1.3985714285714288,1.3409523809523816,2026-06-19T00:00:00+05:30,2026-06-01T00:00:00+05:30,-6.761565836298936,15.065243179122186
IGL,2026,6,,160.47,175.6,159.15,164.78,2.685860285411605,60890710.0,21,2899557.619047619,8,12,0,16.44999999999999,0.09926125147620396,4.148571428571428,4.027619047619048,2026-06-17T00:00:00+05:30,2026-06-02T00:00:00+05:30,-15.602369980250156,-4.772876892692561
JISLJALEQS,2026,6,,29.85,37.89,28.33,35.55,19.095477386934657,132383519.0,21,6303977.095238095,13,7,0,9.560000000000002,0.2952396358769983,1.5561904761904761,1.481904761904762,2026-06-23T00:00:00+05:30,2026-06-03T00:00:00+05:30,-13.613193403298348,15.05247376311845
ATHERENERG,2026,6,,970.0,1147.4,927.6,1140.55,17.582474226804116,94893795.0,21,4518752.142857143,11,9,0,219.80000000000007,0.2176047822325729,49.91904761904762,49.91904761904762,2026-06-30T00:00:00+05:30,2026-06-02T00:00:00+05:30,-0.06104473707160072,19.107002703409787
EXIDEIND,2026,6,,390.45,410.5,377.7,387.6,-0.7299270072992614,61133167.0,21,2911103.1904761903,8,12,0,32.80000000000001,0.0839544393591283,11.361904761904762,10.814285714285713,2026-06-25T00:00:00+05:30,2026-06-24T00:00:00+05:30,-0.07313505607021242,7.922964407606046
SONATSOFTW,2026,6,,266.5,324.9,251.4,267.65,0.4315196998123742,79994572.0,21,3809265.3333333335,7,13,0,73.49999999999997,0.2651105271293862,13.65714285714285,13.030952380952375,2026-06-18T00:00:00+05:30,2026-06-12T00:00:00+05:30,-16.91255847427132,9.535804246131692
MCX,2026,6,,2967.0,2987.5,2707.0,2837.2,-4.374789349511297,69265159.0,21,3298340.904761905,9,11,0,280.5,0.09866801116244169,96.60476190476186,95.49047619047617,2026-06-01T00:00:00+05:30,2026-06-08T00:00:00+05:30,-15.276277203272116,-4.452847661676188
KRISHANA,2026,6,,134.0,149.71,129.94,137.6,2.6865671641791002,6427615.0,21,306076.90476190473,11,9,0,19.77000000000001,0.14482960709688458,4.926666666666666,4.909047619047618,2026-06-25T00:00:00+05:30,2026-06-08T00:00:00+05:30,-15.338983050847455,-0.10785824345145327
CUPID,2026,6,,129.65,191.0,124.7,189.93,46.494408021596605,487344088.0,21,23206861.333333332,18,2,0,66.3,0.4151645540179091,6.786190476190473,6.3509523809523785,2026-06-30T00:00:00+05:30,2026-06-02T00:00:00+05:30,13.504211575038491,43.52866588171361
SIEMENS,2026,6,,3850.0,3856.7,3501.0,3599.9,-6.496103896103894,8051240.0,21,383392.38095238095,11,9,0,355.6999999999998,0.09733471978984234,95.40476190476195,92.77619047619052,2026-06-01T00:00:00+05:30,2026-06-11T00:00:00+05:30,,
OBEROIRLTY,2026,6,,1707.2,1784.9,1575.1,1769.2,3.6316776007497658,10339473.0,21,492355.85714285716,11,9,0,209.80000000000018,0.1254334568934594,46.6714285714286,44.21904761904766,2026-06-30T00:00:00+05:30,2026-06-11T00:00:00+05:30,,
SOLARINDS,2026,6,,18390.0,18780.0,16832.0,18696.0,1.66394779771615,3299318.0,21,157110.38095238095,12,8,0,1948.0,0.10875014953544324,584.9047619047619,575.6666666666666,2026-06-30T00:00:00+05:30,2026-06-17T00:00:00+05:30,,
HINDCOPPER,2026,6,,544.0,551.65,485.15,501.1,-7.886029411764701,77883606.0,21,3708743.1428571427,9,11,0,66.5,0.12917578173779115,14.585714285714293,13.395238095238106,2026-06-02T00:00:00+05:30,2026-06-24T00:00:00+05:30,-11.365701019481165,2.0591500958918028
SBICARD,2026,6,,624.8,638.8,565.45,593.2,-5.057618437900114,26972072.0,21,1284384.380952381,9,11,0,73.34999999999991,0.12178942333160689,16.616666666666667,15.369047619047608,2026-06-25T00:00:00+05:30,2026-06-11T00:00:00+05:30,,
NARMADA,2026,6,,37.0,45.17,34.85,40.09,8.35135135135136,42648652.0,21,2030888.1904761905,12,7,1,10.32,0.2735534686458649,2.802857142857144,2.7009523809523817,2026-06-10T00:00:00+05:30,2026-06-11T00:00:00+05:30,-28.726132801367903,0.6839555428897178
ANANTRAJ,2026,6,,522.0,598.8,510.3,521.25,-0.14367816091954022,66081603.0,21,3146743.0,9,11,0,88.49999999999994,0.16530653087545297,20.423809523809513,19.01428571428571,2026-06-05T00:00:00+05:30,2026-06-11T00:00:00+05:30,-11.074012242626587,5.342237061769618
SILVERIETF,2026,6,,259.9,264.09,212.1,222.25,-14.486340900346278,98331331.0,21,4682444.333333333,8,12,0,51.98999999999998,0.21727510089712862,8.870952380952378,7.457142857142853,2026-06-02T00:00:00+05:30,2026-06-25T00:00:00+05:30,-17.03523155329048,6.004874806115671
NTPCGREEN,2026,6,,103.48,104.18,94.17,95.5,-7.711635098569776,68740725.0,21,3273367.8571428573,9,11,0,10.010000000000005,0.10221089841147901,2.1742857142857135,2.1185714285714274,2026-06-01T00:00:00+05:30,2026-06-29T00:00:00+05:30,-11.997419909696852,-1.2362932702644653
PPLPHARMA,2026,6,,172.99,175.95,158.1,168.09,-2.83253367246662,179784802.0,21,8561181.047619049,8,12,0,17.849999999999994,0.10770685117289411,6.179523809523808,6.006666666666665,2026-06-01T00:00:00+05:30,2026-06-22T00:00:00+05:30,-0.25641025641024995,9.914529914529918
CONCOR,2026,6,,465.1,484.65,437.45,475.25,2.1823263814233447,29833708.0,21,1420652.761904762,12,8,0,47.19999999999999,0.10232798224332831,10.145238095238089,9.583333333333323,2026-06-23T00:00:00+05:30,2026-06-11T00:00:00+05:30,-1.7530967877388128,8.156623976485413
HDFCSILVER,2026,6,,249.76,252.89,200.39,213.25,-14.618033311979497,109978092.0,21,5237052.0,8,12,0,52.5,0.22908948100063795,7.953809523809523,6.13,2026-06-02T00:00:00+05:30,2026-06-25T00:00:00+05:30,-17.06786408665863,7.235441162855302
IFGLEXPOR,2026,6,,175.0,205.0,175.0,180.39,3.079999999999992,2523432.0,21,120163.42857142857,8,12,0,30.0,0.15792125494757267,8.91095238095238,8.605238095238096,2026-06-02T00:00:00+05:30,2026-06-01T00:00:00+05:30,9.731395860854247,22.941435490973138
KTKBANK,2026,6,,271.0,282.95,255.0,273.4,0.8856088560885526,42571074.0,21,2027194.0,8,12,0,27.94999999999999,0.10383349844324932,9.138095238095234,8.971428571428568,2026-06-15T00:00:00+05:30,2026-06-08T00:00:00+05:30,-6.9754253308128495,3.5916824196597354
SHK,2026,6,,134.99,145.84,120.61,128.33,-4.9336987925031455,8971539.0,21,427216.14285714284,7,13,0,25.230000000000004,0.19225577496679808,5.13904761904762,4.990476190476191,2026-06-17T00:00:00+05:30,2026-06-11T00:00:00+05:30,-8.181885616794007,10.533343223796455
PNBHOUSING,2026,6,,1040.0,1079.9,950.0,1038.4,-0.1538461538461451,16773761.0,21,798750.5238095238,10,10,0,129.9000000000001,0.12926598114012233,29.885714285714297,28.30952380952382,2026-06-25T00:00:00+05:30,2026-06-11T00:00:00+05:30,,
WALCHANNAG,2026,6,,256.0,315.8,230.1,272.3,6.367187500000004,64159841.0,21,3055230.523809524,10,10,0,85.70000000000002,0.3230508261607087,17.409523809523808,17.14285714285714,2026-06-19T00:00:00+05:30,2026-06-03T00:00:00+05:30,-35.94489883770986,0.9470512268618239
KARURVYSYA,2026,6,,288.75,301.65,268.95,296.1,2.545454545454553,61833319.0,21,2944443.761904762,12,8,0,32.69999999999999,0.11301936322714962,9.39523809523809,9.295238095238089,2026-06-18T00:00:00+05:30,2026-06-11T00:00:00+05:30,-0.232596776873231,10.632995514205017
ASHOKLEY,2026,6,,157.03,162.2,138.03,157.7,0.42667006304527005,672931522.0,21,32044358.19047619,10,10,0,24.169999999999987,0.15951438888487313,5.039999999999997,4.294761904761905,2026-06-25T00:00:00+05:30,2026-06-11T00:00:00+05:30,1.0311794496308486,15.77887607541643
IDFCFIRSTB,2026,6,,71.3,81.46,69.53,79.49,11.486676016830291,609333192.0,21,29015866.285714287,13,7,0,11.929999999999993,0.15734634661039293,1.9190476190476196,1.8338095238095253,2026-06-22T00:00:00+05:30,2026-06-02T00:00:00+05:30,-1.431951189142064,13.422985929523099
GROWWSLVR,2026,6,,25.5,26.0,20.79,21.85,-14.313725490196072,62990805.0,21,2999562.1428571427,8,11,1,5.210000000000001,0.2219539903436524,0.8142857142857145,0.5419047619047622,2026-06-15T00:00:00+05:30,2026-06-25T00:00:00+05:30,-17.328519855595665,6.182310469314084
UNITDSPR,2026,6,,1276.9,1395.9,1229.2,1350.4,5.756128122797399,19064512.0,21,907833.9047619047,11,9,0,166.70000000000005,0.12853728120903693,30.1714285714286,28.266666666666694,2026-06-25T00:00:00+05:30,2026-06-08T00:00:00+05:30,,
IRB,2026,6,,21.27,22.09,20.12,21.42,0.7052186177715192,270150730.0,21,12864320.476190476,10,10,0,1.9699999999999989,0.09291409320606396,0.5466666666666665,0.516190476190476,2026-06-01T00:00:00+05:30,2026-06-11T00:00:00+05:30,-7.966764418377316,1.661779081133919
LOWVOL1,2026,6,,20.4,21.9,19.63,20.67,1.3235294117647214,17991905.0,21,856757.380952381,10,10,0,2.2699999999999996,0.11065459610027854,0.697142857142857,0.6809523809523809,2026-06-16T00:00:00+05:30,2026-06-08T00:00:00+05:30,-2.865194927195864,7.797087834664163
YESBANK,2026,6,,23.28,25.78,22.18,24.18,3.865979381443293,3059828763.0,21,145706131.57142857,10,10,0,3.6000000000000014,0.1508048911850951,0.7304761904761903,0.7061904761904761,2026-06-18T00:00:00+05:30,2026-06-11T00:00:00+05:30,-7.775919732441469,7.274247491638803
NFL,2026,6,,76.25,79.95,72.0,74.63,-2.1245901639344322,34022745.0,21,1620130.7142857143,10,10,0,7.950000000000003,0.1051858945683882,2.195238095238097,2.116190476190478,2026-06-22T00:00:00+05:30,2026-06-08T00:00:00+05:30,-7.851072440307578,2.8733306353702894
BAJAJFINSV,2026,6,,1794.9,1805.7,1640.5,1780.2,-0.8189871302022422,22385042.0,21,1065954.380952381,8,12,0,165.20000000000005,0.0950757492710092,38.09523809523814,36.05714285714288,2026-06-01T00:00:00+05:30,2026-06-11T00:00:00+05:30,4.61172741679873,13.338615953512942
OFSS,2026,6,,10069.0,11055.0,9050.0,10775.5,7.016585559638494,6651673.0,21,316746.3333333333,10,10,0,2005.0,0.2023607553263581,334.4761904761905,327.8333333333333,2026-06-29T00:00:00+05:30,2026-06-11T00:00:00+05:30,,
TORNTPHARM,2026,6,,4438.1,4742.9,4240.3,4620.1,4.100853969040806,11410490.0,21,543356.6666666666,9,11,0,502.59999999999945,0.11246699386869141,111.54285714285705,110.69999999999986,2026-06-29T00:00:00+05:30,2026-06-02T00:00:00+05:30,,
SOLARWORLD,2026,6,,207.64,211.04,179.46,183.36,-11.693315353496423,4479052.0,21,213288.19047619047,7,13,0,31.579999999999984,0.16740079209820194,6.939047619047619,6.9085714285714275,2026-06-01T00:00:00+05:30,2026-06-29T00:00:00+05:30,-0.8940096572166203,14.203757709040485
CUB,2026,6,,192.83,209.5,179.25,208.6,8.178188041279874,63299646.0,21,3014268.8571428573,10,10,0,30.25,0.15476048363716977,7.144761904761907,6.870952380952384,2026-06-30T00:00:00+05:30,2026-06-08T00:00:00+05:30,9.389732278015659,22.473076424030104
INTELLECT,2026,6,,719.65,790.95,707.1,717.25,-0.33349544917668,9558609.0,21,455171.85714285716,9,11,0,83.85000000000002,0.11266735983363996,25.3357142857143,24.588095238095246,2026-06-10T00:00:00+05:30,2026-06-30T00:00:00+05:30,-0.4125936270153612,10.232321949980959
BRITANNIA,2026,6,,5208.0,5298.5,5035.0,5146.5,-1.1808755760368663,6099708.0,21,290462.28571428574,13,7,0,263.5,0.05100940265486726,82.80952380952381,80.52380952380952,2026-06-25T00:00:00+05:30,2026-06-04T00:00:00+05:30,,
BSE,2026,6,,4180.0,4219.9,3784.8,3865.6,-7.52153110047847,79830310.0,21,3801443.3333333335,11,9,0,435.09999999999945,0.1095168462561876,141.1571428571428,137.29523809523803,2026-06-17T00:00:00+05:30,2026-06-08T00:00:00+05:30,-15.364006670493987,-3.469203641433612
ITIETF,2026,6,,32.79,35.15,29.12,29.22,-10.88746569075938,39050626.0,21,1859553.619047619,6,14,0,6.029999999999998,0.19200618641112335,1.0966666666666665,1.0590476190476186,2026-06-03T00:00:00+05:30,2026-06-30T00:00:00+05:30,-13.423685059696677,6.034204582123258
TORNTPOWER,2026,6,,1425.7,1490.0,1368.0,1414.9,-0.7575226204671357,7531971.0,21,358665.28571428574,9,11,0,122.0,0.08558343382650146,40.942857142857164,40.51904761904763,2026-06-23T00:00:00+05:30,2026-06-11T00:00:00+05:30,,
HARDWYN,2026,6,,27.48,28.28,23.46,24.05,-12.481804949053856,91601737.0,21,4361987.476190476,10,10,0,4.82,0.19508528476438283,1.282380952380952,1.278571428571428,2026-06-01T00:00:00+05:30,2026-06-17T00:00:00+05:30,-17.833333333333336,2.2499999999999964
CANBK,2026,6,,131.45,138.26,124.61,125.52,-4.51122099657664,726417386.0,21,34591304.0952381,10,10,0,13.649999999999991,0.10353832706047225,3.6019047619047626,3.5914285714285707,2026-06-10T00:00:00+05:30,2026-06-30T00:00:00+05:30,-10.678834454050584,0.24815882164585515
PARACABLES,2026,6,,66.5,74.8,57.82,69.02,3.7894736842105203,82993800.0,21,3952085.714285714,10,10,0,16.979999999999997,0.2545291018887318,4.767619047619049,4.594761904761906,2026-06-22T00:00:00+05:30,2026-06-02T00:00:00+05:30,-9.661339979475155,15.232370620143666
IRFC,2026,6,,98.2,101.2,90.19,90.53,-7.810590631364564,340084306.0,21,16194490.761904761,9,11,0,11.010000000000005,0.11470343103208787,2.3285714285714287,1.9738095238095252,2026-06-22T00:00:00+05:30,2026-06-30T00:00:00+05:30,-12.795363352652704,-0.5238519839500656
NSLNISP,2026,6,,48.3,53.75,42.5,42.85,-11.283643892339535,304235350.0,21,14487397.61904762,4,16,0,11.25,0.2371035728623043,1.8604761904761902,1.7900000000000003,2026-06-02T00:00:00+05:30,2026-06-30T00:00:00+05:30,-24.594343996291144,1.4835419564209564
ICICIGI,2026,6,,1790.9,1893.5,1671.8,1741.7,-2.7472220671170944,14670525.0,21,698596.4285714285,7,13,0,221.70000000000005,0.1250288691355373,43.97619047619047,42.72857142857143,2026-06-22T00:00:00+05:30,2026-06-12T00:00:00+05:30,,
TRIDENT,2026,6,,24.98,27.31,23.51,26.12,4.563650920736592,170246230.0,21,8106963.333333333,12,8,0,3.799999999999997,0.1520985018869362,0.6942857142857134,0.6590476190476182,2026-06-24T00:00:00+05:30,2026-06-11T00:00:00+05:30,-5.852713178294565,8.875968992248058
RSYSTEMS,2026,6,,266.0,283.3,233.6,234.9,-11.691729323308268,5860982.0,21,279094.38095238095,10,10,0,49.70000000000002,0.19592273469617622,10.221428571428577,9.80714285714286,2026-06-02T00:00:00+05:30,2026-06-30T00:00:00+05:30,-17.551867219917018,3.0705394190871393
IT,2026,6,,32.31,34.62,29.1,29.19,-9.656453110492109,25029259.0,21,1191869.4761904762,6,14,0,5.519999999999996,0.17606585762238175,0.9923809523809524,0.9338095238095238,2026-06-02T00:00:00+05:30,2026-06-30T00:00:00+05:30,-11.785598966742004,6.038101388440418
BAJAJHLDNG,2026,6,,10450.0,10995.0,9816.0,10603.0,1.4641148325358853,1058477.0,21,50403.666666666664,11,9,0,1179.0,0.11373199323827722,266.6666666666667,253.1904761904762,2026-06-23T00:00:00+05:30,2026-06-08T00:00:00+05:30,,
OLECTRA,2026,6,,1255.0,1552.9,1219.4,1499.6,19.490039840637444,29282476.0,21,1394403.619047619,11,9,0,333.5,0.24432234432234437,65.78095238095239,64.01428571428572,2026-06-22T00:00:00+05:30,2026-06-02T00:00:00+05:30,-9.266816774556716,14.199268224036022
KFINTECH,2026,6,,861.75,928.0,800.05,879.8,2.094574992747311,22417757.0,21,1067512.238095238,11,9,0,127.95000000000005,0.1482393831979367,25.95714285714286,24.364285714285714,2026-06-22T00:00:00+05:30,2026-06-11T00:00:00+05:30,,
UPL,2026,6,,647.25,655.6,564.1,571.2,-11.749710312862103,49358105.0,21,2350385.9523809524,6,14,0,91.5,0.1492404001491239,15.142857142857148,14.469047619047625,2026-06-01T00:00:00+05:30,2026-06-29T00:00:00+05:30,-8.921747798637655,6.280112975577332
MSUMI,2026,6,,39.01,42.0,36.32,40.12,2.845424250192257,466380737.0,21,22208606.523809522,12,8,0,5.68,0.14894918894619197,1.2361904761904758,1.1700000000000004,2026-06-25T00:00:00+05:30,2026-06-11T00:00:00+05:30,-3.067484662576687,10.871165644171779
CHOLAFIN,2026,6,,1532.9,1823.9,1444.6,1789.8,16.75908408898166,42305692.0,21,2014556.761904762,13,7,0,379.3000000000002,0.2351130211992232,49.228571428571435,44.55238095238096,2026-06-29T00:00:00+05:30,2026-06-03T00:00:00+05:30,,
EMSLIMITED,2026,6,,296.05,453.0,286.1,411.3,38.92923492653268,55394345.0,21,2637825.9523809524,12,8,0,166.89999999999998,0.48875006100834584,22.428571428571427,21.43571428571428,2026-06-23T00:00:00+05:30,2026-06-02T00:00:00+05:30,-12.22593831289484,29.12176390437259
COCHINSHIP,2026,6,,1470.0,1523.6,1368.1,1507.9,2.578231292517013,27280871.0,21,1299089.0952380951,10,10,0,155.5,0.10727273324551347,49.89047619047619,48.747619047619025,2026-06-18T00:00:00+05:30,2026-06-11T00:00:00+05:30,-4.916678143506394,5.791213331497048
EQUITASBNK,2026,6,,70.03,80.14,68.23,75.41,7.682421819220328,107034640.0,21,5096887.619047619,11,9,0,11.909999999999997,0.15897765121659754,2.6847619047619053,2.583333333333335,2026-06-16T00:00:00+05:30,2026-06-02T00:00:00+05:30,-1.4815752817525665,13.600101304292764
DELTACORP,2026,6,,69.91,71.4,62.86,63.7,-8.882849377771413,89384398.0,21,4256399.904761905,10,9,1,8.540000000000006,0.13075621919566052,2.40809523809524,2.3661904761904786,2026-06-03T00:00:00+05:30,2026-06-29T00:00:00+05:30,-10.714839510001568,2.527523647077059
IEX,2026,6,,128.9,129.22,116.8,125.13,-2.9247478665632354,110815385.0,21,5276923.095238095,9,11,0,12.420000000000002,0.10094747108819842,2.8623809523809505,2.6847619047619027,2026-06-01T00:00:00+05:30,2026-06-11T00:00:00+05:30,-5.563270974593581,4.5829589085858995
REDINGTON,2026,6,,225.25,291.17,225.0,276.18,22.610432852386243,176639939.0,21,8411425.666666666,14,6,0,66.17000000000002,0.2605504002280054,11.588095238095235,11.338095238095232,2026-06-25T00:00:00+05:30,2026-06-01T00:00:00+05:30,-6.441235605922137,17.748126485103274
BOSCHLTD,2026,6,,37155.0,41385.0,35755.0,39900.0,7.387969317723051,994346.0,21,47349.80952380953,13,7,0,5630.0,0.14534837262193812,1018.5714285714286,974.047619047619,2026-06-25T00:00:00+05:30,2026-06-02T00:00:00+05:30,,
SBILIFE,2026,6,,1839.0,1846.4,1700.4,1765.7,-3.9858618814573115,23907248.0,21,1138440.380952381,9,11,0,146.0,0.0824475022386675,37.98571428571428,37.51904761904761,2026-06-01T00:00:00+05:30,2026-06-12T00:00:00+05:30,,
JAYNECOIND,2026,6,,102.34,103.55,83.75,84.95,-16.992378346687513,88604335.0,21,4219254.047619048,8,12,0,19.799999999999997,0.2178765680510579,4.061904761904763,3.9428571428571435,2026-06-01T00:00:00+05:30,2026-06-24T00:00:00+05:30,-17.750739140322946,4.76461223561519
PATELENG,2026,6,,27.2,35.95,25.63,34.93,28.41911764705883,259262164.0,21,12345817.333333334,14,6,0,10.320000000000004,0.35112846519012997,1.4752380952380957,1.3971428571428572,2026-06-24T00:00:00+05:30,2026-06-02T00:00:00+05:30,-7.957957957957976,23.03303303303303
GMDCLTD,2026,6,,670.95,690.25,571.75,583.95,-12.966689023027051,31738933.0,21,1511377.761904762,8,12,0,118.5,0.19110114499420208,20.86666666666668,20.13095238095239,2026-06-01T00:00:00+05:30,2026-06-30T00:00:00+05:30,-17.62951601908658,2.564758009543278
GAIL,2026,6,,164.51,178.47,161.18,173.46,5.440398759953813,181608728.0,21,8648034.666666666,11,9,0,17.289999999999992,0.10114941888323059,3.8757142857142877,3.7528571428571444,2026-06-22T00:00:00+05:30,2026-06-02T00:00:00+05:30,-2.515940031018436,7.4157045206502366
RELIANCE,2026,6,,1332.5,1344.9,1253.2,1293.9,-2.8968105065665974,350576163.0,21,16694103.0,9,11,0,91.70000000000005,0.07038763090081697,24.952380952380974,23.490476190476222,2026-06-22T00:00:00+05:30,2026-06-11T00:00:00+05:30,-2.40615244041728,4.576258280667015
STALLION,2026,6,,174.37,205.3,170.58,184.24,5.660377358490568,42419242.0,21,2019963.9047619049,8,12,0,34.72,0.18635273911332165,10.740952380952383,10.242857142857144,2026-06-22T00:00:00+05:30,2026-06-11T00:00:00+05:30,-13.431681308359577,5.751698988894412
QUESS,2026,6,,209.0,270.0,203.45,267.61,28.043062200956943,36424783.0,21,1734513.4761904762,14,6,0,66.55000000000001,0.2774540653755671,10.537142857142857,10.522380952380953,2026-06-30T00:00:00+05:30,2026-06-01T00:00:00+05:30,10.313901345291484,32.41986380999835
APOLLOHOSP,2026,6,,8221.5,8770.0,7816.0,8682.0,5.601167670133187,8002795.0,21,381085.4761904762,13,7,0,954.0,0.11315415658244399,144.35714285714286,142.45238095238096,2026-06-30T00:00:00+05:30,2026-06-02T00:00:00+05:30,,
RUPA,2026,6,,157.69,174.83,144.0,169.02,7.184983194876031,5384382.0,21,256399.14285714287,11,9,0,30.830000000000013,0.1958111541253328,5.600952380952383,5.3828571428571435,2026-06-24T00:00:00+05:30,2026-06-11T00:00:00+05:30,-3.4313435484825248,14.80802224457197
FISCHER,2026,6,,36.24,42.11,31.05,41.72,15.121412803532,37268866.0,21,1774707.9047619049,11,9,0,11.059999999999999,0.3148861171366594,1.9990476190476192,1.9347619047619045,2026-06-30T00:00:00+05:30,2026-06-09T00:00:00+05:30,-13.290287866559048,16.46489104116223
VIKRAN,2026,6,,71.49,79.74,65.4,76.23,6.6302979437683724,112669333.0,21,5365206.333333333,10,10,0,14.33999999999999,0.200753308223059,3.2585714285714262,2.992380952380949,2026-06-30T00:00:00+05:30,2026-06-11T00:00:00+05:30,-4.344412457471857,14.420308819680706
RAIN,2026,6,,189.5,214.17,179.65,181.82,-4.0527704485488165,126027766.0,21,6001322.19047619,10,10,0,34.51999999999998,0.17814059670170068,10.370952380952378,10.16285714285714,2026-06-15T00:00:00+05:30,2026-06-24T00:00:00+05:30,-9.131210191082797,8.458598726114646
LIQUIDCASE,2026,6,,114.34,114.78,114.32,114.76,0.367325520377822,352441552.0,21,16782931.04761905,17,0,3,0.46000000000000796,0.0040162479263938025,0.03428571428571355,0.01999999999999805,2026-06-30T00:00:00+05:30,2026-06-01T00:00:00+05:30,0.08704735376044073,0.48746518105849784
DENTA,2026,6,,255.0,353.9,239.0,331.45,29.980392156862738,17524266.0,21,834488.8571428572,13,7,0,114.89999999999998,0.4173484389864222,15.223809523809518,14.714285714285706,2026-06-23T00:00:00+05:30,2026-06-08T00:00:00+05:30,-5.799701046337811,28.550074738415542
RHETAN,2026,6,,30.03,32.41,25.5,26.32,-12.354312354312356,175744124.0,21,8368767.80952381,8,12,0,6.909999999999997,0.23685241406326493,1.6290476190476189,1.6276190476190473,2026-06-12T00:00:00+05:30,2026-06-29T00:00:00+05:30,-19.023136246786617,6.353286816011754
PSUBNKBEES,2026,6,,91.2,100.0,88.5,95.09,4.265350877192983,77393409.0,21,3685400.4285714286,12,8,0,11.5,0.12157060156053359,2.4033333333333333,2.389047619047619,2026-06-18T00:00:00+05:30,2026-06-02T00:00:00+05:30,-7.550010755001072,4.818240481824052
DELHIVERY,2026,6,,453.0,491.7,428.1,472.05,4.205298013245035,77990194.0,21,3713818.761904762,13,7,0,63.599999999999966,0.14062351937837575,13.057142857142848,12.473809523809518,2026-06-22T00:00:00+05:30,2026-06-11T00:00:00+05:30,5.351299326275267,17.593840230991333
CONFIPET,2026,6,,67.5,80.57,59.95,73.14,8.355555555555556,85297250.0,21,4061773.8095238097,10,10,0,20.61999999999999,0.2869867780097423,5.028095238095238,5.011428571428572,2026-06-04T00:00:00+05:30,2026-06-02T00:00:00+05:30,-14.837514253135687,14.552451539338646
ZYDUSLIFE,2026,6,,1081.0,1128.5,1048.9,1112.6,2.9232192414430997,28416377.0,21,1353160.8095238095,9,11,0,79.59999999999991,0.07290807981681378,24.914285714285718,24.780952380952375,2026-06-30T00:00:00+05:30,2026-06-03T00:00:00+05:30,,
JINDALSTEL,2026,6,,1219.0,1222.9,1054.4,1060.1,-13.035274815422484,26717683.0,21,1272270.619047619,7,13,0,168.5,0.1481362091196812,27.91428571428575,27.47619047619051,2026-06-01T00:00:00+05:30,2026-06-30T00:00:00+05:30,-17.98359864930054,-1.726965750120607
DLF,2026,6,,595.0,644.0,555.5,620.05,4.2100840336134375,85543866.0,21,4073517.4285714286,10,10,0,88.5,0.14743681279451662,18.280952380952385,17.14761904761904,2026-06-18T00:00:00+05:30,2026-06-11T00:00:00+05:30,1.5215230522211247,15.054667788057197
NIACL,2026,6,,157.75,218.0,145.5,178.01,12.843106180665604,336617767.0,21,16029417.476190476,9,11,0,72.5,0.4330956167025566,9.195714285714287,8.731904761904762,2026-06-22T00:00:00+05:30,2026-06-04T00:00:00+05:30,-17.583603020496223,21.521035598705502
HDFCSML250,2026,6,,171.99,182.75,166.96,178.66,3.8781324495610137,38931193.0,21,1853866.3333333333,12,8,0,15.789999999999992,0.09073520719774082,3.2804761904761883,3.1028571428571428,2026-06-22T00:00:00+05:30,2026-06-11T00:00:00+05:30,-1.4207225706199025,7.342249847383312
VMM,2026,6,,122.6,122.98,113.55,117.95,-3.7928221859706297,240065355.0,21,11431683.57142857,12,8,0,9.430000000000007,0.07965808527755437,3.3666666666666676,3.332857142857144,2026-06-01T00:00:00+05:30,2026-06-29T00:00:00+05:30,-5.111111111111114,2.948717948717951
PATANJALI,2026,6,,457.45,460.6,406.35,411.05,-10.143185047546176,68379708.0,21,3256176.5714285714,6,14,0,54.25,0.12806605364329235,10.776190476190473,10.62142857142857,2026-06-01T00:00:00+05:30,2026-06-30T00:00:00+05:30,,
CENTRALBK,2026,6,,30.98,34.48,29.32,32.53,5.003227888960622,408333735.0,21,19444463.57142857,11,9,0,5.159999999999997,0.1630871574131209,0.9995238095238091,0.9242857142857142,2026-06-17T00:00:00+05:30,2026-06-02T00:00:00+05:30,-6.584234930448209,9.366306027820714
SJVN,2026,6,,75.55,75.69,70.05,73.15,-3.176704169424211,60664226.0,21,2888772.6666666665,10,10,0,5.640000000000001,0.0774006352027813,1.7509523809523801,1.6057142857142856,2026-06-01T00:00:00+05:30,2026-06-11T00:00:00+05:30,-6.1421960454354165,1.766933108960882
GRASIM,2026,6,,3151.4,3200.0,3034.9,3100.0,-1.6310211334644948,14434152.0,21,687340.5714285715,10,10,0,165.0999999999999,0.053006629077432976,57.30000000000003,55.152380952380945,2026-06-17T00:00:00+05:30,2026-06-08T00:00:00+05:30,,
ITBEES,2026,6,,32.84,34.65,29.12,29.2,-11.08404384896469,518738281.0,21,24701822.904761903,7,13,0,5.529999999999998,0.17611197889021996,1.0866666666666673,1.0290476190476197,2026-06-02T00:00:00+05:30,2026-06-30T00:00:00+05:30,-11.918604651162783,5.943152454780361
TITAN,2026,6,,4100.0,4441.7,3962.8,4404.0,7.414634146341463,17719643.0,21,843792.5238095238,12,8,0,478.89999999999964,0.11297958101537704,102.247619047619,97.89999999999998,2026-06-19T00:00:00+05:30,2026-06-11T00:00:00+05:30,,
SAIL,2026,6,,205.2,206.9,165.36,173.49,-15.453216374268997,407435983.0,21,19401713.476190478,6,14,0,41.53999999999999,0.22608443243047108,5.9166666666666625,5.746190476190473,2026-06-03T00:00:00+05:30,2026-06-24T00:00:00+05:30,-25.098252615031154,0.01813894431342446
LTF,2026,6,,282.0,312.0,256.1,310.75,10.195035460992907,134052611.0,21,6383457.666666667,10,10,0,55.89999999999998,0.1989323843416369,9.433333333333334,8.619047619047619,2026-06-30T00:00:00+05:30,2026-06-11T00:00:00+05:30,6.13718411552346,22.954271961492164
EMMVEE,2026,6,,329.5,352.0,300.6,343.0,4.09711684370258,73117644.0,21,3481792.5714285714,10,10,0,51.39999999999998,0.155209973470224,15.269047619047615,14.990476190476189,2026-06-15T00:00:00+05:30,2026-06-02T00:00:00+05:30,-6.553655214166786,9.005600121083699
NAUKRI,2026,6,,1005.0,1029.0,949.05,978.0,-2.6865671641791042,36700086.0,21,1747623.142857143,10,10,0,79.95000000000005,0.08052537296252515,30.447619047619053,28.300000000000004,2026-06-18T00:00:00+05:30,2026-06-11T00:00:00+05:30,10.260323551214414,17.23280861640432
PSB,2026,6,,24.28,25.94,23.0,24.24,-0.16474464579902265,44102577.0,21,2100122.714285714,5,15,0,2.9400000000000013,0.12148521280572998,0.7442857142857146,0.741904761904762,2026-06-17T00:00:00+05:30,2026-06-08T00:00:00+05:30,-5.447154471544715,6.504065040650412
ADANIGREEN,2026,6,,1477.0,1557.0,1396.0,1492.2,1.0291130670277622,68360446.0,21,3255259.3333333335,8,12,0,161.0,0.10812833403691907,48.01904761904761,47.285714285714285,2026-06-23T00:00:00+05:30,2026-06-03T00:00:00+05:30,-1.9646365422396856,8.578912901113293
BELRISE,2026,6,,216.96,252.0,210.51,238.57,9.960361356932147,105013014.0,21,5000619.714285715,11,9,0,41.49000000000001,0.1791123015979065,8.391904761904764,7.783809523809525,2026-06-25T00:00:00+05:30,2026-06-08T00:00:00+05:30,-9.185441941074519,8.79116117850954
VOGL,2026,6,,38.0,38.0,30.42,32.24,-15.1578947368421,758397558.0,11,68945232.54545455,3,7,0,7.579999999999998,0.2264591651049729,2.3354545454545454,2.113636363636363,2026-06-15T00:00:00+05:30,2026-06-19T00:00:00+05:30,-5.146651909241835,15.827338129496399
NETWORK18,2026,6,,31.63,35.13,28.86,31.59,-0.126462219411948,291212027.0,21,13867239.38095238,12,8,0,6.270000000000003,0.1953415918700394,1.500476190476191,1.4404761904761907,2026-06-19T00:00:00+05:30,2026-06-03T00:00:00+05:30,-10.263653483992478,9.416195856873824
TARIL,2026,6,,322.4,372.0,299.7,351.35,8.979528535980164,95662742.0,21,4555368.666666667,10,10,0,72.30000000000001,0.22219620526404368,14.602380952380955,14.24761904761905,2026-06-19T00:00:00+05:30,2026-06-11T00:00:00+05:30,-10.961968680089486,10.604026845637588
SBISILVER,2026,6,,254.36,258.88,208.26,218.5,-14.098128636578084,43612831.0,21,2076801.4761904762,8,12,0,50.620000000000005,0.21564108909886853,8.19238095238095,6.113333333333331,2026-06-02T00:00:00+05:30,2026-06-25T00:00:00+05:30,-16.939199566356493,5.926461288282593
NACLIND,2026,6,,157.65,238.7,150.0,220.76,40.031715826197264,53308269.0,21,2538489.0,10,10,0,88.69999999999999,0.49949586502054083,13.640952380952378,13.393333333333333,2026-06-30T00:00:00+05:30,2026-06-03T00:00:00+05:30,-10.182791728212704,30.76070901033973
NIFTY,2026,6,,23654.5,24261.6,23070.15,23865.75,0.8930647445517766,8377121804.0,21,398910562.0952381,11,9,0,1191.449999999997,0.05030792945877411,260.99285714285656,227.51666666666608,2026-06-25T00:00:00+05:30,2026-06-08T00:00:00+05:30,0.672240008515589,5.5500741019741335
V2RETAIL,2026,6,,232.5,259.25,214.0,226.79,-2.4559139784946273,34274871.0,21,1632136.7142857143,9,11,0,45.25,0.1936045800904609,11.534285714285712,11.146190476190473,2026-06-04T00:00:00+05:30,2026-06-11T00:00:00+05:30,-13.556723609286022,6.263688129653969
LAURUSLABS,2026,6,,1372.4,1531.2,1342.9,1517.4,10.565432818420286,52799368.0,21,2514255.619047619,11,9,0,188.29999999999995,0.13271689880852489,41.47619047619049,41.419047619047625,2026-06-29T00:00:00+05:30,2026-06-16T00:00:00+05:30,-2.7306273062730657,9.902717208990266
BANKBARODA,2026,6,,270.4,287.2,258.0,272.4,0.7396449704142012,300211083.0,21,14295765.857142856,10,10,0,29.19999999999999,0.10675394538696562,7.426190476190473,7.142857142857143,2026-06-23T00:00:00+05:30,2026-06-08T00:00:00+05:30,-16.204733967226375,-4.390046530447095
VEDPOWER,2026,6,,41.8,45.23,39.0,40.28,-3.6363636363636274,627510300.0,11,57046390.90909091,4,6,0,6.229999999999997,0.14921830771240685,2.7799999999999994,2.6936363636363634,2026-06-23T00:00:00+05:30,2026-06-16T00:00:00+05:30,-7.8188319427890205,7.032181168057217
NIITLTD,2026,6,,67.9,110.0,67.56,100.62,48.18851251840942,126758870.0,21,6036136.666666667,11,9,0,42.44,0.44487039338714257,7.623333333333332,7.480952380952379,2026-06-17T00:00:00+05:30,2026-06-01T00:00:00+05:30,-8.921675413407273,33.10228735518368
BANKNIFTY,2026,6,,54403.85,58706.05,53027.15,57542.9,5.769904152003954,7513936403.0,21,357806495.38095236,14,6,0,5678.9000000000015,0.10096715861708652,782.4523809523806,722.1166666666662,2026-06-25T00:00:00+05:30,2026-06-03T00:00:00+05:30,-0.7934736513179946,8.956731949611891
CGCL,2026,6,,203.42,231.36,195.09,227.66,11.916232425523553,89998888.0,21,4285661.333333333,13,7,0,36.27000000000001,0.17233054739785789,6.917142857142856,6.812380952380953,2026-06-30T00:00:00+05:30,2026-06-02T00:00:00+05:30,2.5483341055557824,17.82570237142496
DALBHARAT,2026,6,,1748.3,1773.3,1605.0,1700.6,-2.728364697134362,6199709.0,21,295224.2380952381,8,12,0,168.29999999999995,0.09900360517329762,41.32857142857142,39.52857142857143,2026-06-01T00:00:00+05:30,2026-06-11T00:00:00+05:30,,
UJJIVANSFB,2026,6,,54.39,59.58,52.03,59.05,8.567751424894276,219317260.0,21,10443679.047619049,11,9,0,7.549999999999997,0.13623474823852888,1.7433333333333347,1.6823809523809534,2026-06-30T00:00:00+05:30,2026-06-08T00:00:00+05:30,3.670169765561848,15.87712206952304
JSWSTEEL,2026,6,,1279.5,1320.2,1221.5,1226.4,-4.1500586166471205,30481523.0,21,1451501.0952380951,9,11,0,98.70000000000005,0.07743924081373411,26.028571428571468,25.180952380952423,2026-06-15T00:00:00+05:30,2026-06-30T00:00:00+05:30,,
PATELRMART,2026,6,,182.51,228.69,177.2,216.05,18.3770752287546,6414783.0,21,305465.85714285716,11,9,0,51.49000000000001,0.24742742206753576,11.487142857142855,11.334761904761901,2026-06-16T00:00:00+05:30,2026-06-01T00:00:00+05:30,-2.1849865951742564,20.822162645218956
OLAELEC,2026,6,,41.87,49.05,38.08,43.76,4.513971817530453,4076295724.0,21,194109320.19047618,8,12,0,10.969999999999999,0.25278993975705305,2.6776190476190473,2.6619047619047613,2026-06-09T00:00:00+05:30,2026-06-02T00:00:00+05:30,-16.897044804575778,9.246901811248815
TMB,2026,6,,692.0,798.25,686.35,733.45,5.9898843930635906,7552597.0,21,359647.4761904762,8,11,1,111.89999999999998,0.14775203010497123,28.25000000000001,27.669047619047628,2026-06-18T00:00:00+05:30,2026-06-01T00:00:00+05:30,-2.900418949403803,11.524331292297774
MSPL,2026,6,,44.85,46.12,39.5,40.66,-9.342251950947613,89971190.0,21,4284342.380952381,9,11,0,6.619999999999997,0.15906542483809694,1.8566666666666674,1.8047619047619055,2026-06-22T00:00:00+05:30,2026-06-11T00:00:00+05:30,-11.833171677982529,4.219204655674107
INDIGO,2026,6,,4525.0,5464.9,4350.0,5368.4,18.638674033149165,29363972.0,21,1398284.380952381,11,9,0,1114.8999999999996,0.23178495871254004,136.47619047619057,121.4047619047619,2026-06-25T00:00:00+05:30,2026-06-08T00:00:00+05:30,,
JSWENERGY,2026,6,,598.9,608.0,548.3,583.15,-2.6298213391217233,58176659.0,21,2770317.095238095,9,11,0,59.700000000000045,0.10400481158097775,17.130952380952387,16.952380952380963,2026-06-01T00:00:00+05:30,2026-06-11T00:00:00+05:30,-11.17206070579631,-0.2559882976778163
AVANTEL,2026,6,,177.51,184.9,155.52,179.12,0.906991155427871,44045995.0,21,2097428.3333333335,11,9,0,29.379999999999995,0.17147955241552204,7.836190476190479,7.501904761904763,2026-06-18T00:00:00+05:30,2026-06-11T00:00:00+05:30,-3.527435610302358,12.92273236282194
ULTRACEMCO,2026,6,,11507.0,11674.0,10706.0,11253.0,-2.2073520465803425,7022993.0,21,334428.2380952381,7,13,0,968.0,0.08643959688735807,212.47619047619048,202.61904761904762,2026-06-25T00:00:00+05:30,2026-06-11T00:00:00+05:30,,
PWL,2026,6,,108.21,131.42,89.8,124.13,14.71213381388042,338752931.0,21,16131091.952380951,14,6,0,41.61999999999999,0.3712488372191803,6.417619047619047,6.314761904761905,2026-06-22T00:00:00+05:30,2026-06-04T00:00:00+05:30,6.462633451957305,36.085409252669045
IBULLSLTD,2026,6,,22.08,28.65,22.03,27.81,25.951086956521742,144283967.0,21,6870665.095238095,14,6,0,6.619999999999997,0.2670893371757925,1.3842857142857146,1.3033333333333337,2026-06-23T00:00:00+05:30,2026-06-03T00:00:00+05:30,4.308617234468947,26.41950567802271
PGEL,2026,6,,483.95,579.0,457.0,533.4,10.217997727037915,68030858.0,21,3239564.6666666665,9,11,0,122.0,0.23834775327937482,19.057142857142864,18.10238095238096,2026-06-22T00:00:00+05:30,2026-06-11T00:00:00+05:30,,
SONACOMS,2026,6,,608.8,632.2,582.1,619.9,1.8232588699080197,36132058.0,21,1720574.1904761905,12,8,0,50.10000000000002,0.08278385396175941,14.919047619047639,14.466666666666686,2026-06-25T00:00:00+05:30,2026-06-11T00:00:00+05:30,5.472488038277499,12.963516746411475
AEQUS,2026,6,,194.0,246.9,173.6,234.65,20.953608247422682,158072256.0,21,7527250.285714285,11,9,0,73.30000000000001,0.36213881399714865,13.481428571428566,13.254761904761901,2026-06-30T00:00:00+05:30,2026-06-11T00:00:00+05:30,-1.5297310634098193,28.61255037420841
RECLTD,2026,6,,339.65,371.3,321.0,363.8,7.1102605623435995,131230327.0,21,6249063.19047619,12,8,0,50.30000000000001,0.14351122221618395,8.645238095238094,8.223809523809527,2026-06-23T00:00:00+05:30,2026-06-02T00:00:00+05:30,-3.831096196868006,10.234899328859067
HSCL,2026,6,,604.0,718.0,580.9,679.2,12.450331125827823,325809086.0,21,15514718.38095238,11,9,0,137.10000000000002,0.20637969965234224,34.10714285714287,34.10714285714287,2026-06-18T00:00:00+05:30,2026-06-03T00:00:00+05:30,-11.499340010870402,9.791132851929508
HAPPSTMNDS,2026,6,,378.0,394.4,335.1,341.05,-9.775132275132274,17746358.0,21,845064.6666666666,7,13,0,59.299999999999955,0.16774315213804147,9.84523809523809,9.335714285714284,2026-06-02T00:00:00+05:30,2026-06-29T00:00:00+05:30,-13.170731707317065,3.8450502152080275
COALINDIA,2026,6,,456.55,484.45,432.0,439.05,-3.833096046435221,240858138.0,21,11469435.142857144,7,13,0,52.44999999999999,0.11531153324713801,10.709523809523814,10.602380952380956,2026-06-04T00:00:00+05:30,2026-06-25T00:00:00+05:30,-12.991253644314865,-0.7580174927113703
JSWCEMENT,2026,6,,129.28,136.9,122.8,134.92,4.362623762376227,59610493.0,21,2838594.904761905,11,9,0,14.100000000000009,0.10904792068706454,3.5357142857142865,3.4109523809523816,2026-06-25T00:00:00+05:30,2026-06-11T00:00:00+05:30,-0.47706422018349043,9.871559633027525
PCBL,2026,6,,289.9,327.5,275.7,321.15,10.77957916522939,29914524.0,21,1424501.142857143,14,6,0,51.80000000000001,0.17270641655619157,10.699999999999992,9.871428571428563,2026-06-30T00:00:00+05:30,2026-06-11T00:00:00+05:30,-4.4657097288676235,12.057416267942587
HAL,2026,6,,4303.8,4535.0,4148.8,4381.2,1.7984107068172228,18501040.0,21,881001.9047619047,9,11,0,386.1999999999998,0.08952861202060318,107.83333333333324,105.9857142857142,2026-06-23T00:00:00+05:30,2026-06-08T00:00:00+05:30,,
BIOCON,2026,6,,431.2,435.0,405.8,418.3,-2.991651205936915,67811439.0,21,3229116.1428571427,10,10,0,29.19999999999999,0.07010603938605767,9.876190476190475,9.84047619047619,2026-06-01T00:00:00+05:30,2026-06-08T00:00:00+05:30,-4.279036317871275,2.720843821167438
DMART,2026,6,,4074.9,4429.4,3955.0,4380.7,7.50447863751257,10938345.0,21,520873.5714285714,12,8,0,474.39999999999964,0.11316639631411776,105.33809523809525,102.51428571428572,2026-06-24T00:00:00+05:30,2026-06-12T00:00:00+05:30,-8.841163750737167,2.816001572636129
DIVISLAB,2026,6,,6690.0,6887.5,6450.5,6579.0,-1.6591928251121077,7388169.0,21,351817.5714285714,10,10,0,437.0,0.06568089263603896,136.5952380952381,135.85714285714286,2026-06-23T00:00:00+05:30,2026-06-02T00:00:00+05:30,,
DRREDDY,2026,6,,1310.1,1414.9,1248.4,1357.1,3.5875124036333106,37182774.0,21,1770608.2857142857,11,9,0,166.5,0.12897787844024006,27.06666666666668,25.861904761904768,2026-06-29T00:00:00+05:30,2026-06-04T00:00:00+05:30,,
MOTHERSON,2026,6,,146.01,155.25,138.03,148.11,1.4382576535853866,499811663.0,21,23800555.38095238,9,11,0,17.22,0.11875784067099722,4.562857142857145,4.263333333333336,2026-06-25T00:00:00+05:30,2026-06-08T00:00:00+05:30,-8.0,3.979130434782608
SKYGOLD,2026,6,,530.0,590.0,485.5,532.55,0.48113207547168957,30505125.0,21,1452625.0,9,11,0,104.5,0.20089163111737673,27.154761904761898,26.33095238095238,2026-06-04T00:00:00+05:30,2026-06-23T00:00:00+05:30,-4.231074993375152,14.230191679180276
POWERINDIA,2026,6,,38700.0,38785.0,33010.0,34920.0,-9.767441860465116,3712345.0,21,176778.33333333334,11,9,0,5775.0,0.16393941237301538,1394.7619047619048,1319.2857142857142,2026-06-01T00:00:00+05:30,2026-06-11T00:00:00+05:30,,
VIKRAMSOLR,2026,6,,202.73,221.9,177.35,179.66,-11.379667538104865,71103419.0,21,3385877.095238095,9,11,0,44.55000000000001,0.22012526823024514,9.388095238095238,9.268571428571429,2026-06-10T00:00:00+05:30,2026-06-30T00:00:00+05:30,-21.362940275650843,3.0026252461168284
VIYASH,2026,6,,262.0,278.9,241.3,276.75,5.629770992366412,59705507.0,21,2843119.380952381,10,9,1,37.599999999999966,0.14654652425274436,11.166666666666657,10.97142857142856,2026-06-23T00:00:00+05:30,2026-06-03T00:00:00+05:30,0.07165890361879092,13.54353278394841
IRCON,2026,6,,136.98,142.9,130.0,131.07,-4.314498466929476,38715366.0,21,1843588.857142857,9,11,0,12.900000000000006,0.09512105198476102,3.8338095238095193,3.459999999999993,2026-06-18T00:00:00+05:30,2026-06-11T00:00:00+05:30,-7.314508861519983,2.3730850105136656
BAJFINANCE,2026,6,,911.45,1010.95,860.45,1004.75,10.236436447418942,214117248.0,21,10196059.42857143,11,9,0,150.5,0.1619735092210358,23.91904761904763,21.509523809523817,2026-06-30T00:00:00+05:30,2026-06-02T00:00:00+05:30,2.3236714975845367,16.864734299516904
TFCILTD,2026,6,,73.06,82.28,71.2,77.07,5.488639474404587,124279247.0,21,5918059.380952381,9,11,0,11.079999999999998,0.14681237696229366,2.948095238095237,2.8980952380952383,2026-06-25T00:00:00+05:30,2026-06-01T00:00:00+05:30,-4.4825396825396835,9.587301587301583
SINDHUTRAD,2026,6,,26.52,27.08,24.12,24.82,-6.410256410256408,43072097.0,21,2051052.238095238,9,11,0,2.9599999999999973,0.11718573259935136,1.0399999999999996,1.0161904761904759,2026-06-16T00:00:00+05:30,2026-06-11T00:00:00+05:30,-1.3473053892215547,9.73053892215568
GRMOVER,2026,6,,163.0,164.32,81.95,90.71,-44.34969325153374,109386884.0,21,5208899.238095238,8,12,0,82.36999999999999,0.7623389730413435,8.47857142857143,8.363809523809525,2026-06-01T00:00:00+05:30,2026-06-11T00:00:00+05:30,-63.9756511326215,18.22173435784851
SUVEN,2026,6,,297.95,297.95,230.6,280.65,-5.80634334619903,39026410.0,21,1858400.4761904762,10,9,1,67.35,0.2543520483401071,17.204761904761906,17.09285714285714,2026-06-01T00:00:00+05:30,2026-06-08T00:00:00+05:30,6.715716969317468,27.802128991859732
BLUESTARCO,2026,6,,1590.1,1717.7,1508.1,1628.3,2.402364631155276,9702583.0,21,462027.7619047619,10,10,0,209.60000000000014,0.12975229268551525,47.095238095238116,46.014285714285755,2026-06-22T00:00:00+05:30,2026-06-02T00:00:00+05:30,,
ELGIRUBCO,2026,6,,47.5,52.8,43.0,44.63,-6.0421052631578895,1125631.0,21,53601.47619047619,10,10,0,9.799999999999997,0.20459086797029546,3.220952380952381,3.151904761904762,2026-06-17T00:00:00+05:30,2026-06-04T00:00:00+05:30,11.170928667563931,27.658142664872138
PAISALO,2026,6,,52.21,61.0,51.16,59.1,13.196705611951733,234808302.0,21,11181347.714285715,13,7,0,9.840000000000003,0.1694937497949409,2.0985714285714288,2.068571428571429,2026-06-09T00:00:00+05:30,2026-06-03T00:00:00+05:30,14.958873553603796,28.6769831311864
CROMPTON,2026,6,,281.8,283.85,251.75,274.75,-2.5017743080198764,60605517.0,21,2885977.0,10,10,0,32.10000000000002,0.11945561836579194,7.6476190476190435,7.357142857142849,2026-06-01T00:00:00+05:30,2026-06-11T00:00:00+05:30,,
DWARKESH,2026,6,,44.3,47.08,42.21,43.31,-2.2347629796839614,18751829.0,21,892944.2380952381,9,11,0,4.869999999999997,0.11036410333887291,1.4585714285714286,1.441904761904762,2026-06-08T00:00:00+05:30,2026-06-25T00:00:00+05:30,-7.268170426065157,3.827751196172248
ABB,2026,6,,7253.0,7327.0,6653.0,7031.0,-3.060802426582104,6738449.0,21,320878.5238095238,12,8,0,674.0,0.09563965863250289,185.16666666666666,178.6904761904762,2026-06-04T00:00:00+05:30,2026-06-11T00:00:00+05:30,,
NLCINDIA,2026,6,,350.6,352.85,305.1,322.0,-8.157444381061044,168197479.0,21,8009403.761904762,7,13,0,47.75,0.1465141254082013,11.61428571428571,11.338095238095233,2026-06-03T00:00:00+05:30,2026-06-11T00:00:00+05:30,-16.529062087186265,-0.75957727873184
HINDZINC,2026,6,,635.95,639.95,516.85,533.15,-16.16479282962498,91689925.0,21,4366186.904761905,8,12,0,123.10000000000002,0.21761932822628172,17.845238095238102,15.56190476190476,2026-06-01T00:00:00+05:30,2026-06-25T00:00:00+05:30,-20.449840015057426,2.7197440240918374
CMPDI,2026,6,,238.0,268.0,220.86,247.91,4.163865546218486,96412985.0,21,4591094.523809524,12,8,0,47.139999999999986,0.19436503573391972,12.821428571428571,12.646666666666667,2026-06-24T00:00:00+05:30,2026-06-11T00:00:00+05:30,-1.2046372871115132,16.59680525659907
EXCELSOFT,2026,6,,90.5,91.5,73.55,74.67,-17.49171270718232,10244333.0,21,487825.38095238095,6,14,0,17.950000000000003,0.22189714850832376,3.0423809523809524,2.9833333333333343,2026-06-01T00:00:00+05:30,2026-06-30T00:00:00+05:30,-14.791117802032378,7.728014050934634
MANCREDIT,2026,6,,204.4,246.0,198.0,242.73,18.752446183953026,7198289.0,21,342775.6666666667,14,6,0,48.0,0.22106766030146788,11.855238095238096,11.354761904761906,2026-06-30T00:00:00+05:30,2026-06-04T00:00:00+05:30,-0.38357953154329455,19.20346037705052
MIDCAPETF,2026,6,,23.05,23.92,22.11,23.28,0.9978308026030386,46872648.0,21,2232030.8571428573,12,8,0,1.8100000000000023,0.0787706718614002,0.4595238095238093,0.4309523809523808,2026-06-23T00:00:00+05:30,2026-06-04T00:00:00+05:30,-2.3534445870774525,5.391527599486528
M&M,2026,6,,3050.0,3208.5,2900.4,3068.8,0.6163934426229567,69343430.0,21,3302068.095238095,12,8,0,308.0999999999999,0.10091524186529657,77.9285714285714,72.52380952380952,2026-06-25T00:00:00+05:30,2026-06-11T00:00:00+05:30,-0.5547198194810022,9.101165851823996
CIPLA,2026,6,,1410.0,1490.1,1341.1,1465.4,3.9290780141844035,37008974.0,21,1762332.0952380951,12,8,0,149.0,0.1067269713279987,29.385714285714293,28.019047619047633,2026-06-29T00:00:00+05:30,2026-06-17T00:00:00+05:30,,
IOLCP,2026,6,,130.0,147.2,121.55,145.29,11.761538461538455,71966717.0,21,3426986.523809524,11,9,0,25.64999999999999,0.194688314363888,7.820476190476189,7.574285714285713,2026-06-30T00:00:00+05:30,2026-06-01T00:00:00+05:30,12.894254097875626,28.07266702171727
LICHSGFIN,2026,6,,536.0,570.75,523.55,564.0,5.223880597014925,34504321.0,21,1643062.9047619049,8,12,0,47.200000000000045,0.08610183331234074,12.876190476190486,12.552380952380965,2026-06-15T00:00:00+05:30,2026-06-03T00:00:00+05:30,-4.9655172413793105,3.7149425287356403
BAJAJ-AUTO,2026,6,,10500.0,10619.0,9501.0,9716.0,-7.466666666666668,8261635.0,21,393411.1904761905,6,14,0,1118.0,0.11096616850523211,209.71428571428572,200.52380952380952,2026-06-01T00:00:00+05:30,2026-06-30T00:00:00+05:30,,
SUZLON,2026,6,,56.81,60.45,52.56,58.9,3.678929765886281,2063353928.0,21,98254948.95238096,11,9,0,7.890000000000001,0.1398168853634868,1.8338095238095244,1.7980952380952384,2026-06-19T00:00:00+05:30,2026-06-02T00:00:00+05:30,-10.937786749862362,3.541934299871535
MODEFENCE,2026,6,,101.11,107.99,96.35,104.67,3.520917812283654,50806784.0,21,2419370.6666666665,12,8,0,11.64,0.11477619018551823,2.8014285714285707,2.7699999999999996,2026-06-23T00:00:00+05:30,2026-06-02T00:00:00+05:30,-4.086746987951803,7.132530120481934
PAGEIND,2026,6,,38100.0,41905.0,36585.0,41370.0,8.582677165354331,638054.0,21,30383.52380952381,13,7,0,5320.0,0.13595706618962433,1106.4285714285713,1078.5714285714287,2026-06-25T00:00:00+05:30,2026-06-02T00:00:00+05:30,,
EIEL,2026,6,,192.0,233.9,175.5,223.73,16.52604166666666,67738302.0,21,3225633.4285714286,12,8,0,58.400000000000006,0.2956812313300593,9.136666666666667,8.64857142857143,2026-06-22T00:00:00+05:30,2026-06-11T00:00:00+05:30,-1.2641787167720218,24.01939561866828
FABTECH,2026,6,,157.7,165.0,141.61,156.29,-0.8941027266962566,7191621.0,21,342458.14285714284,6,14,0,23.389999999999986,0.15347577208133872,6.570476190476187,6.420952380952379,2026-06-16T00:00:00+05:30,2026-06-11T00:00:00+05:30,-1.5509601181683965,12.844657804037407
BEL,2026,6,,412.35,435.0,399.0,411.8,-0.13338183581908847,280108199.0,21,13338485.666666666,10,10,0,36.0,0.08719723183391004,9.078571428571427,8.892857142857142,2026-06-23T00:00:00+05:30,2026-06-08T00:00:00+05:30,-3.6948748510131106,4.886769964243146
DIXON,2026,6,,11600.0,12930.0,11153.0,11920.0,2.7586206896551726,11463534.0,21,545882.5714285715,9,11,0,1777.0,0.14991503328365224,373.85714285714283,359.8095238095238,2026-06-18T00:00:00+05:30,2026-06-03T00:00:00+05:30,,
IOC,2026,6,,140.5,148.47,133.55,139.38,-0.7971530249110353,284792533.0,21,13561549.19047619,11,9,0,14.919999999999987,0.1058917762524206,3.3214285714285703,2.8190476190476197,2026-06-15T00:00:00+05:30,2026-06-11T00:00:00+05:30,-4.519535374867996,5.98380851812742
DHANBANK,2026,6,,33.0,35.17,31.02,31.57,-4.333333333333333,30660821.0,21,1460039.0952380951,9,11,0,4.150000000000002,0.12580114325307473,1.460476190476191,1.441904761904762,2026-06-03T00:00:00+05:30,2026-06-11T00:00:00+05:30,1.567310383431277,13.182199832073882
JMFINANCIL,2026,6,,125.01,130.9,114.5,122.31,-2.1598272138228967,81292780.0,21,3871084.761904762,10,10,0,16.400000000000006,0.1333018528338256,4.900000000000001,4.708571428571429,2026-06-02T00:00:00+05:30,2026-06-02T00:00:00+05:30,-0.5994466646172771,12.00430371964341
ADANIENT,2026,6,,2949.9,3105.0,2865.2,3036.0,2.918743008237564,41930356.0,21,1996683.619047619,13,7,0,239.80000000000018,0.0805032451961506,83.02380952380955,80.28571428571433,2026-06-25T00:00:00+05:30,2026-06-02T00:00:00+05:30,1.180738996212721,8.81257757550683
FORTIS,2026,6,,933.1,1010.1,899.1,956.95,2.5559961418926185,37184773.0,21,1770703.4761904762,12,7,1,111.0,0.11510286917726878,24.252380952380957,24.209523809523812,2026-06-10T00:00:00+05:30,2026-06-02T00:00:00+05:30,,
DIACABS,2026,6,,195.0,219.0,180.76,209.34,7.353846153846155,112666929.0,21,5365091.857142857,11,9,0,38.24000000000001,0.18973900962588075,10.496666666666671,10.046190476190478,2026-06-16T00:00:00+05:30,2026-06-02T00:00:00+05:30,3.25145785474466,20.14490192613537
JIOFIN,2026,6,,239.99,246.85,227.0,236.44,-1.4792283011792204,242437406.0,21,11544638.38095238,12,8,0,19.849999999999994,0.08365375353198046,5.0504761904761875,4.592380952380952,2026-06-19T00:00:00+05:30,2026-06-11T00:00:00+05:30,-1.8988648090815252,6.29514963880289
INOXWIND,2026,6,,89.48,94.7,80.75,90.12,0.7152436298614222,346929751.0,21,16520464.333333334,11,9,0,13.950000000000003,0.15924744100587632,3.5614285714285736,3.4071428571428592,2026-06-22T00:00:00+05:30,2026-06-11T00:00:00+05:30,-10.257305856327864,5.984398649435325
SAMBHV,2026,6,,104.69,115.4,100.0,108.46,3.6011080332409935,18381413.0,21,875305.380952381,11,9,0,15.400000000000006,0.1430815175312466,4.065714285714287,3.994285714285716,2026-06-24T00:00:00+05:30,2026-06-08T00:00:00+05:30,-2.2596366858662043,11.386796632698267
FUSION,2026,6,,177.0,197.96,162.76,190.2,7.457627118644061,13798257.0,21,657059.8571428572,10,10,0,35.20000000000002,0.19995834201208088,7.784761904761901,7.402380952380952,2026-06-25T00:00:00+05:30,2026-06-11T00:00:00+05:30,10.299515157007564,26.249490235171514
LEMERITE,2026,6,,36.15,36.15,22.25,23.25,-35.68464730290456,35067457.0,21,1669878.9047619049,6,14,0,13.899999999999999,0.5025999517889733,1.7228571428571422,1.332380952380952,2026-06-01T00:00:00+05:30,2026-06-30T00:00:00+05:30,-60.66666666666666,1.1111111111111112
KOTHARIPET,2026,6,,126.0,135.0,113.52,123.88,-1.682539682539686,1671624.0,21,79601.14285714286,9,11,0,21.480000000000004,0.17767729127605605,4.706190476190476,4.636190476190476,2026-06-15T00:00:00+05:30,2026-06-09T00:00:00+05:30,0.5598114319387087,16.38185032410135
SIKA,2026,6,,915.2,1198.0,871.35,1115.6,21.896853146853132,2009041.0,21,95668.61904761905,10,10,0,326.65,0.3358219367535719,53.17380952380953,50.50000000000002,2026-06-22T00:00:00+05:30,2026-06-01T00:00:00+05:30,-1.7323369565217468,26.006283967391298
CUMMINSIND,2026,6,,5979.5,5979.5,5505.5,5659.5,-5.351618028263232,10356801.0,21,493181.0,10,10,0,474.0,0.08322185806969433,158.5,151.76190476190476,2026-06-01T00:00:00+05:30,2026-06-29T00:00:00+05:30,,
HDFCBANK,2026,6,,749.0,806.1,732.3,797.95,6.53538050734313,772354220.0,21,36778772.38095238,13,7,0,73.80000000000007,0.09588981766209025,15.8952380952381,14.271428571428574,2026-06-30T00:00:00+05:30,2026-06-09T00:00:00+05:30,2.844401590936486,11.739182837170071
EMIL,2026,6,,116.18,124.37,100.45,121.73,4.777070063694265,23118392.0,21,1100875.8095238095,10,10,0,23.92,0.21052896282046452,4.792857142857144,4.682857142857143,2026-06-25T00:00:00+05:30,2026-06-11T00:00:00+05:30,7.593431904301953,25.36592614607326
PARAS,2026,6,,825.0,1443.0,805.7,1289.05,56.24848484848485,139692934.0,21,6652044.476190476,12,8,0,637.3,0.5719297870749244,82.3952380952381,80.22857142857143,2026-06-19T00:00:00+05:30,2026-06-02T00:00:00+05:30,-11.5491651205937,37.71645021645021
WELSPLSOL,2026,6,,42.77,63.25,41.5,55.72,30.27823240589197,69176372.0,21,3294112.9523809524,13,7,0,21.75,0.4045938117298987,4.550476190476191,4.454761904761905,2026-06-18T00:00:00+05:30,2026-06-02T00:00:00+05:30,-22.815533980582526,19.41747572815534
NUVAMA,2026,6,,1567.7,1825.0,1497.6,1806.4,15.226127447853546,11343376.0,21,540160.7619047619,13,7,0,327.4000000000001,0.19885581406110817,56.48095238095241,53.98095238095241,2026-06-30T00:00:00+05:30,2026-06-11T00:00:00+05:30,,
ITC,2026,6,,287.8,294.55,275.05,286.95,-0.29534398888117536,306841664.0,21,14611507.80952381,12,8,0,19.5,0.06819657934617883,4.759523809523809,4.592857142857145,2026-06-19T00:00:00+05:30,2026-06-04T00:00:00+05:30,-2.2920645945476723,4.4799444347977
PARKHOSPS,2026,6,,289.7,303.7,251.0,299.3,3.313772868484647,17062610.0,21,812505.2380952381,11,9,0,52.69999999999999,0.18811031317724042,12.761904761904756,12.309523809523805,2026-06-30T00:00:00+05:30,2026-06-17T00:00:00+05:30,-6.8989792326645425,11.650827173530454
WELCORP,2026,6,,1380.1,1525.0,1320.0,1521.9,10.274617781320208,15740358.0,21,749540.8571428572,12,8,0,205.0,0.14557197443614106,45.48095238095239,44.504761904761914,2026-06-29T00:00:00+05:30,2026-06-10T00:00:00+05:30,1.0190173297851655,14.324657623158307
TATSILV,2026,6,,25.4,25.65,20.01,21.64,-14.803149606299208,1504479292.0,21,71641871.04761904,8,12,0,5.639999999999997,0.2425210393758829,0.9033333333333331,0.7357142857142855,2026-06-02T00:00:00+05:30,2026-06-25T00:00:00+05:30,-16.90975387420236,8.796718322698267
SILVER1,2026,6,,25.32,25.8,20.55,21.56,-14.84992101105846,220409332.0,21,10495682.476190476,8,12,0,5.25,0.22584808259587022,0.9366666666666668,0.7495238095238093,2026-06-02T00:00:00+05:30,2026-06-25T00:00:00+05:30,-17.700729927007295,6.250000000000004
INFY,2026,6,,1175.0,1278.9,996.0,1000.4,-14.859574468085107,325083440.0,21,15480163.80952381,7,13,0,282.9000000000001,0.25084446621290696,36.74285714285714,27.4809523809524,2026-06-02T00:00:00+05:30,2026-06-30T00:00:00+05:30,-18.70243178021162,7.555225542973834
RVNL,2026,6,,248.1,251.38,221.55,235.83,-4.9455864570737536,182234505.0,21,8677833.57142857,8,12,0,29.829999999999984,0.12535770460703516,6.880476190476191,6.07142857142857,2026-06-18T00:00:00+05:30,2026-06-11T00:00:00+05:30,-8.330101271277734,4.524886877828054
HINDUNILVR,2026,6,,2158.5,2224.6,2065.7,2118.2,-1.8670372944174278,31874860.0,21,1517850.4761904762,8,12,0,158.9000000000001,0.07398284397954052,41.338095238095235,39.87619047619048,2026-06-17T00:00:00+05:30,2026-06-02T00:00:00+05:30,,
SRF,2026,6,,2719.0,2784.0,2610.4,2739.0,0.735564545788893,10325202.0,21,491676.28571428574,11,9,0,173.5999999999999,0.06392032752680439,68.43809523809531,65.68571428571435,2026-06-16T00:00:00+05:30,2026-06-08T00:00:00+05:30,,
ICICIPRULI,2026,6,,506.95,523.9,459.5,487.95,-3.747904132557452,36556756.0,21,1740797.9047619049,8,12,0,64.39999999999998,0.13226276515633095,13.176190476190474,12.50952380952381,2026-06-18T00:00:00+05:30,2026-06-11T00:00:00+05:30,,
ZENSARTECH,2026,6,,495.1,529.4,424.0,425.3,-14.098161987477278,17872896.0,21,851090.2857142857,7,13,0,105.39999999999998,0.22768208446270874,16.84285714285714,16.535714285714285,2026-06-02T00:00:00+05:30,2026-06-30T00:00:00+05:30,-12.042328042328037,10.264550264550266
HCC,2026,6,,23.0,28.5,21.55,25.65,11.521739130434776,1118272511.0,21,53251071.952380955,12,8,0,6.949999999999999,0.27963520012262183,1.2995238095238093,1.2266666666666663,2026-06-23T00:00:00+05:30,2026-06-11T00:00:00+05:30,-20.30392570704938,9.033347403967921
AMBER,2026,6,,7630.0,8218.0,7120.0,7530.0,-1.310615989515072,8844726.0,21,421177.4285714286,10,10,0,1098.0,0.14298470811474495,265.7142857142857,262.2857142857143,2026-06-19T00:00:00+05:30,2026-06-12T00:00:00+05:30,,
MANAPPURAM,2026,6,,325.85,330.9,282.55,324.2,-0.5063679607181323,65715892.0,21,3129328.1904761903,9,11,0,48.349999999999966,0.15454925986529158,10.580952380952372,9.804761904761895,2026-06-23T00:00:00+05:30,2026-06-11T00:00:00+05:30,3.118137900746606,17.274191187234663
UNIONBANK,2026,6,,168.0,177.6,160.1,172.43,2.636904761904766,268786674.0,21,12799365.42857143,9,11,0,17.5,0.1027144566055877,4.193809523809522,4.038571428571427,2026-06-18T00:00:00+05:30,2026-06-02T00:00:00+05:30,-10.516490354698199,0.37336652146857147
WELSPUNLIV,2026,6,,142.73,171.0,133.34,158.84,11.287045470468728,86444530.0,21,4116406.1904761903,8,12,0,37.66,0.2498807248139781,5.565714285714284,5.464761904761903,2026-06-24T00:00:00+05:30,2026-06-11T00:00:00+05:30,-0.5882352941176471,21.56470588235294
JUBLFOOD,2026,6,,430.0,438.7,411.1,417.6,-2.8837209302325526,57529845.0,21,2739516.4285714286,9,11,0,27.599999999999966,0.0651928170923058,11.061904761904756,10.616666666666664,2026-06-23T00:00:00+05:30,2026-06-12T00:00:00+05:30,2.5111111111111137,8.644444444444439
GOLDCASE,2026,6,,25.0,25.21,21.27,22.05,-11.799999999999997,214752726.0,21,10226320.285714285,8,12,0,3.9400000000000013,0.1691747771325755,0.7409523809523813,0.6857142857142859,2026-06-03T00:00:00+05:30,2026-06-29T00:00:00+05:30,-11.499336576735963,5.926581158779301
ONGC,2026,6,,266.55,271.15,227.65,234.9,-11.87394485087226,336214043.0,21,16010192.523809524,8,12,0,43.49999999999997,0.17353723404255306,5.77142857142857,5.666666666666665,2026-06-04T00:00:00+05:30,2026-06-30T00:00:00+05:30,-11.657881732828189,6.2551474221709755
MAHABANK,2026,6,,79.2,94.5,76.9,91.44,15.454545454545448,384905531.0,21,18328834.80952381,13,7,0,17.599999999999994,0.20527517203459011,2.7714285714285714,2.6895238095238096,2026-06-29T00:00:00+05:30,2026-06-01T00:00:00+05:30,-13.146551724137936,7.926245210727958
TRENT,2026,6,,2822.88,3312.0,2680.0,3282.6,16.285495664002713,37617878.0,21,1791327.5238095238,11,9,0,632.0,0.21282938482333416,98.75857142857141,95.14428571428573,2026-06-29T00:00:00+05:30,2026-06-11T00:00:00+05:30,-12.956584018280418,8.597933221922851
WAAREEENER,2026,6,,3149.3,3163.0,2836.0,2947.0,-6.423649699933325,18931484.0,21,901499.2380952381,8,12,0,327.0,0.10752553477003439,76.16190476190475,74.62857142857142,2026-06-01T00:00:00+05:30,2026-06-29T00:00:00+05:30,,
INDUSTOWER,2026,6,,443.7,446.4,386.35,391.7,-11.719630380887988,132001593.0,21,6285790.142857143,7,13,0,60.049999999999955,0.14496410527586334,9.569047619047616,9.29047619047619,2026-06-01T00:00:00+05:30,2026-06-29T00:00:00+05:30,-17.458229180370992,-1.6576766214971745
PFC,2026,6,,431.0,444.8,408.45,424.3,-1.5545243619489533,135031628.0,21,6430077.523809524,11,9,0,36.35000000000002,0.08508847707955976,11.057142857142859,10.588095238095239,2026-06-22T00:00:00+05:30,2026-06-03T00:00:00+05:30,-6.820365033621527,1.9092219020172885
ALKEM,2026,6,,5443.5,5608.0,5162.5,5570.0,2.323872508496372,3100146.0,21,147626.0,11,9,0,445.5,0.08326065287814602,115.54761904761905,113.88095238095238,2026-06-30T00:00:00+05:30,2026-06-03T00:00:00+05:30,,
TURTLEMINT,2026,6,,134.9,144.95,132.0,136.6,1.260192735359517,13612246.0,2,6806123.0,1,0,0,12.949999999999989,0.09523109166452173,9.509999999999991,9.509999999999991,2026-06-29T00:00:00+05:30,2026-06-29T00:00:00+05:30,-8.333333333333316,1.3452914798206361
ETERNAL,2026,6,,251.1,267.5,234.25,264.6,5.376344086021517,579600033.0,21,27600001.57142857,11,9,0,33.25,0.13138830347734456,7.84285714285714,7.157142857142852,2026-06-22T00:00:00+05:30,2026-06-11T00:00:00+05:30,7.311157311157318,18.83229383229384
PAYTM,2026,6,,1120.5,1159.2,1014.0,1141.5,1.8741633199464525,47833197.0,21,2277771.285714286,8,12,0,145.20000000000005,0.1336354432820711,36.361904761904796,34.88095238095242,2026-06-30T00:00:00+05:30,2026-06-11T00:00:00+05:30,6.25909752547306,18.00097040271712
TIMETECHNO,2026,6,,174.75,185.7,162.5,179.96,2.981402002861235,69571549.0,21,3312930.904761905,12,8,0,23.19999999999999,0.13282370325134535,5.562380952380953,5.18952380952381,2026-06-25T00:00:00+05:30,2026-06-11T00:00:00+05:30,-6.090036563071297,7.164076782449722
AQYLON,2026,6,,66.98,66.98,38.01,41.2,-38.48910122424604,89870379.0,21,4279541.857142857,7,13,0,28.970000000000006,0.5573399538275496,3.0223809523809533,2.844285714285715,2026-06-01T00:00:00+05:30,2026-06-29T00:00:00+05:30,-61.3975903614458,8.409638554216873
JAYBARMARU,2026,6,,112.0,178.89,111.05,171.1,52.76785714285713,38210294.0,21,1819537.8095238095,11,9,0,67.83999999999999,0.4532032867927049,10.384285714285713,10.101904761904759,2026-06-19T00:00:00+05:30,2026-06-01T00:00:00+05:30,1.967338886453312,39.14401578255151
BHARATSE,2026,6,,186.0,195.0,171.0,189.87,2.0806451612903247,2794647.0,21,133078.42857142858,11,9,0,24.0,0.13005578980507115,7.646666666666666,7.3047619047619055,2026-06-19T00:00:00+05:30,2026-06-11T00:00:00+05:30,16.971812994975735,27.190666780209487
ANGELONE,2026,6,,341.0,360.45,319.5,330.65,-3.0351906158357838,135578188.0,21,6456104.19047619,10,10,0,40.94999999999999,0.12065070991638137,11.92619047619048,11.654761904761905,2026-06-19T00:00:00+05:30,2026-06-05T00:00:00+05:30,-7.725642558278531,4.512851165570837
AEGISLOG,2026,6,,754.0,1195.95,747.55,1173.95,55.69628647214855,116627829.0,21,5553706.142857143,13,7,0,448.4000000000001,0.477838249286394,50.61904761904762,50.34285714285714,2026-06-30T00:00:00+05:30,2026-06-04T00:00:00+05:30,10.21396396396396,43.87762762762763
RITES,2026,6,,201.49,216.94,198.32,204.51,1.4988336890168157,19039238.0,21,906630.380952381,12,8,0,18.620000000000005,0.09012667797610269,5.568571428571424,5.219999999999996,2026-06-22T00:00:00+05:30,2026-06-02T00:00:00+05:30,9.773748128431208,17.51788387955415
RBA,2026,6,,68.7,81.9,67.34,79.18,15.254730713246003,253892238.0,21,12090106.57142857,12,8,0,14.560000000000002,0.20221553520055557,2.150476190476191,2.0776190476190473,2026-06-25T00:00:00+05:30,2026-06-02T00:00:00+05:30,-11.946418808091867,7.955166757791134
HCLTECH,2026,6,,1190.1,1257.0,1068.6,1071.8,-9.940341147802704,83702698.0,21,3985842.761904762,6,14,0,188.4000000000001,0.16514243973703438,32.98095238095239,28.523809523809526,2026-06-02T00:00:00+05:30,2026-06-30T00:00:00+05:30,-7.601438109912682,8.525937339496673
BANKINDIA,2026,6,,140.3,151.0,134.6,140.4,0.07127583749108646,196643970.0,21,9363998.57142857,9,11,0,16.400000000000006,0.11439884139617079,3.8452380952380953,3.767619047619049,2026-06-15T00:00:00+05:30,2026-06-02T00:00:00+05:30,-6.2108743054090265,5.324611380741362
RCF,2026,6,,128.9,140.0,122.21,130.95,1.590380139643121,46763019.0,21,2226810.4285714286,12,8,0,17.790000000000006,0.13708819233958863,4.190952380952384,4.083809523809526,2026-06-22T00:00:00+05:30,2026-06-11T00:00:00+05:30,-9.076743280093499,4.783794312426958
RPOWER,2026,6,,28.0,28.94,24.01,24.84,-11.285714285714286,756925364.0,21,36044064.952380955,10,10,0,4.93,0.18638941398865783,1.0847619047619048,1.0461904761904761,2026-06-05T00:00:00+05:30,2026-06-29T00:00:00+05:30,-16.27159501807955,3.5355564483728363
SHREECEM,2026,6,,25275.0,26335.0,23290.0,25250.0,-0.09891196834817012,727919.0,21,34662.80952380953,9,11,0,3045.0,0.12310017229596404,594.7619047619048,569.5238095238095,2026-06-25T00:00:00+05:30,2026-06-09T00:00:00+05:30,,
POONAWALLA,2026,6,,383.95,442.65,370.05,441.05,14.871728089595004,39848270.0,21,1897536.6666666667,12,8,0,72.59999999999997,0.17915709442587113,13.238095238095237,12.535714285714283,2026-06-25T00:00:00+05:30,2026-06-11T00:00:00+05:30,6.426381989218906,21.773596871366664
HEXT,2026,6,,508.0,552.5,472.0,514.85,1.3484251968503982,21776779.0,21,1036989.4761904762,8,12,0,80.5,0.15775549531306135,21.13571428571429,20.26666666666667,2026-06-02T00:00:00+05:30,2026-06-19T00:00:00+05:30,-3.0014914243102204,12.00596569724086
ATGL,2026,6,,784.0,803.4,690.4,731.55,-6.690051020408169,118601316.0,21,5647681.714285715,11,9,0,113.0,0.15514721987035107,31.47380952380952,31.12380952380952,2026-06-01T00:00:00+05:30,2026-06-18T00:00:00+05:30,-12.355779316131743,3.447311376826792
SWIGGY,2026,6,,259.1,270.0,235.75,239.35,-7.622539560015448,235026343.0,21,11191730.61904762,8,12,0,34.25,0.13732827998357977,8.985714285714286,8.609523809523811,2026-06-17T00:00:00+05:30,2026-06-30T00:00:00+05:30,-3.0809758332378854,9.995036841904328
EUROPRATIK,2026,6,,255.9,290.95,247.4,281.6,10.042985541227049,4291583.0,21,204361.09523809524,10,10,0,43.54999999999998,0.16235431959595592,11.01666666666666,10.91666666666666,2026-06-30T00:00:00+05:30,2026-06-08T00:00:00+05:30,5.073409461663951,19.28221859706362
JYOTICNC,2026,6,,596.0,791.1,580.1,775.1,30.050335570469805,45672066.0,21,2174860.285714286,13,7,0,211.0,0.30950734477483705,30.81666666666666,29.566666666666666,2026-06-30T00:00:00+05:30,2026-06-02T00:00:00+05:30,-2.6802518008955776,24.70634045038614
IDBI,2026,6,,74.0,92.25,71.48,83.53,12.87837837837838,601124042.0,21,28624954.38095238,10,10,0,20.769999999999996,0.26228689978652386,3.791428571428571,3.6261904761904766,2026-06-17T00:00:00+05:30,2026-06-02T00:00:00+05:30,-10.904063476797297,14.065881221447466
DCXINDIA,2026,6,,196.14,212.78,173.1,198.72,1.3153869684919,27419772.0,21,1305703.4285714286,11,9,0,39.68000000000001,0.20587777489530448,9.331428571428571,8.985714285714286,2026-06-22T00:00:00+05:30,2026-06-11T00:00:00+05:30,-5.206427688504327,14.412855377008654
NATIONALUM,2026,6,,425.45,444.5,331.4,339.6,-20.178634387119512,279187916.0,21,13294662.666666666,9,11,0,113.10000000000002,0.2982033221590268,15.37380952380952,13.27857142857143,2026-06-02T00:00:00+05:30,2026-06-25T00:00:00+05:30,-30.10390750768331,3.000146348602371
SAMMAANCAP,2026,6,,178.0,192.34,166.5,173.62,-2.460674157303368,355381184.0,21,16922913.523809522,9,11,0,25.840000000000003,0.14685592887782306,6.891428571428572,6.581904761904762,2026-06-05T00:00:00+05:30,2026-06-29T00:00:00+05:30,-13.074661963550858,2.116402116402113
CHOICEIN,2026,6,,672.95,760.0,632.05,753.2,11.925105877108253,18018883.0,21,858042.0476190476,13,7,0,127.95000000000005,0.1847977468973415,19.219047619047622,17.35714285714287,2026-06-30T00:00:00+05:30,2026-06-11T00:00:00+05:30,2.1941959976835412,18.660317868863007
GLENMARK,2026,6,,2288.8,2300.0,2101.0,2204.3,-3.691890947221251,15006375.0,21,714589.2857142857,11,9,0,199.0,0.09150406940208144,61.74761904761908,61.57142857142861,2026-06-01T00:00:00+05:30,2026-06-17T00:00:00+05:30,,
OIL,2026,6,,479.75,495.4,404.1,416.95,-13.090151120375198,96424155.0,21,4591626.428571428,9,11,0,91.29999999999995,0.20732946926770177,11.878571428571428,11.271428571428574,2026-06-03T00:00:00+05:30,2026-06-25T00:00:00+05:30,-16.74325438906562,4.7720042417815485
NTPC,2026,6,,386.9,389.0,346.95,356.65,-7.818557766864824,326451282.0,21,15545299.142857144,9,10,1,42.05000000000001,0.11685424482423235,8.088095238095242,7.98571428571429,2026-06-01T00:00:00+05:30,2026-06-15T00:00:00+05:30,-9.716542095614155,2.143562262022288
ONMOBILE,2026,6,,51.0,62.3,48.06,61.45,20.490196078431378,5545578.0,21,264075.14285714284,13,7,0,14.239999999999995,0.27199796256207803,2.0404761904761903,1.975714285714285,2026-06-30T00:00:00+05:30,2026-06-11T00:00:00+05:30,,
NITCO,2026,6,,99.14,117.94,89.0,107.89,8.825902763768408,48663581.0,21,2317313.380952381,10,10,0,28.939999999999998,0.2860343293908345,6.145238095238096,6.022857142857143,2026-06-22T00:00:00+05:30,2026-06-05T00:00:00+05:30,-3.4652162470392165,21.92297569962277
JKTYRE,2026,6,,408.0,417.55,351.0,394.05,-3.4191176470588203,26898822.0,21,1280896.2857142857,9,11,0,66.55000000000001,0.171871829401022,13.830952380952382,12.895238095238096,2026-06-22T00:00:00+05:30,2026-06-11T00:00:00+05:30,-0.9794437726723122,15.114873035066505
PINELABS,2026,6,,146.0,164.4,139.55,156.76,7.369863013698624,667437415.0,21,31782734.04761905,9,11,0,24.849999999999994,0.1653978295595729,6.233809523809521,6.066190476190474,2026-06-25T00:00:00+05:30,2026-06-03T00:00:00+05:30,-10.75181891673404,5.988951765022896
TIINDIA,2026,6,,3140.9,3335.2,2962.0,3029.3,-3.5531217167054,6664622.0,21,317362.95238095237,11,9,0,373.1999999999998,0.11883980614912441,103.73333333333333,100.9857142857143,2026-06-24T00:00:00+05:30,2026-06-11T00:00:00+05:30,,
AADHARHFC,2026,6,,473.15,542.0,449.8,515.6,8.971784846243274,13488368.0,21,642303.2380952381,11,9,0,92.19999999999999,0.1903741212329777,16.626190476190473,15.9047619047619,2026-06-25T00:00:00+05:30,2026-06-11T00:00:00+05:30,0.239278483342528,17.209644763482412
ELECTCAST,2026,6,,77.4,85.73,69.0,79.68,2.9457364341085284,56553946.0,21,2693045.0476190476,8,12,0,16.730000000000004,0.21814422491835045,3.490952380952378,3.399999999999997,2026-06-22T00:00:00+05:30,2026-06-11T00:00:00+05:30,-11.700325732899028,10.097719869706841
ASIANPAINT,2026,6,,2732.6,2832.7,2607.9,2635.7,-3.5460733367488873,31407028.0,21,1495572.761904762,10,10,0,224.79999999999973,0.0835860852752295,56.82857142857146,54.61904761904764,2026-06-15T00:00:00+05:30,2026-06-02T00:00:00+05:30,,
HFCL,2026,6,,180.0,220.09,160.66,212.85,18.249999999999996,778981005.0,21,37094333.571428575,12,8,0,59.43000000000001,0.30887473797013787,10.893809523809523,8.95952380952381,2026-06-22T00:00:00+05:30,2026-06-11T00:00:00+05:30,-0.44267981014968916,26.679445052939034
BANKBETA,2026,6,,56.06,60.88,54.71,59.58,6.2789867998572895,19628753.0,21,934702.5238095238,13,6,1,6.170000000000002,0.10625369021846098,1.0323809523809524,1.0276190476190472,2026-06-18T00:00:00+05:30,2026-06-03T00:00:00+05:30,-1.1295681063122918,9.119601328903657
SBCL,2026,6,,739.7,789.85,662.5,760.45,2.8051912937677432,9598508.0,21,457071.8095238095,10,10,0,127.35000000000002,0.17377814021943605,35.67142857142857,35.333333333333336,2026-06-25T00:00:00+05:30,2026-06-11T00:00:00+05:30,-9.625260235947263,8.0499653018737
LTGILTBEES,2026,6,,29.25,30.15,28.82,29.94,2.358974358974363,26093378.0,21,1242541.8095238095,15,5,0,1.3299999999999983,0.04504911369538213,0.20285714285714326,0.19714285714285734,2026-06-22T00:00:00+05:30,2026-06-01T00:00:00+05:30,-0.5670446964643033,3.8692461641094065
MAHLOG,2026,6,,347.3,389.85,330.55,373.9,7.659084365102207,3646030.0,21,173620.47619047618,13,7,0,59.30000000000001,0.167694586587665,12.490476190476183,12.059523809523801,2026-06-24T00:00:00+05:30,2026-06-11T00:00:00+05:30,1.2162675788673394,16.24223995945774
HINDPETRO,2026,6,,394.05,420.0,361.1,394.45,0.10150996066488446,131650118.0,21,6269053.238095238,11,9,0,58.89999999999998,0.1506898547193372,11.776190476190477,10.483333333333333,2026-06-25T00:00:00+05:30,2026-06-11T00:00:00+05:30,-4.386727973157693,10.252267925935131
HDFCLIFE,2026,6,,594.75,605.0,543.0,575.85,-3.177805800756617,60199824.0,21,2866658.285714286,8,12,0,62.0,0.10745544354256333,12.973809523809537,12.514285714285728,2026-06-23T00:00:00+05:30,2026-06-11T00:00:00+05:30,-5.778477139610097,5.061631261473912
INDORAMA,2026,6,,41.25,49.52,41.25,44.32,7.442424242424243,4428036.0,21,210858.85714285713,10,10,0,8.270000000000003,0.18319427010263611,2.1347619047619055,2.0704761904761915,2026-06-09T00:00:00+05:30,2026-06-01T00:00:00+05:30,-2.335193221740034,14.755114693118415
OMAXE,2026,6,,75.25,92.97,72.55,80.85,7.441860465116272,38746358.0,21,1845064.6666666667,9,11,0,20.42,0.26512102383381253,4.4995238095238115,4.383809523809525,2026-06-29T00:00:00+05:30,2026-06-02T00:00:00+05:30,-7.343262902667128,16.233691259669786
MUNJALAU,2026,6,,90.21,104.5,85.42,92.74,2.8045671211617353,10563465.0,21,503022.14285714284,10,10,0,19.08,0.20195564516129033,4.280952380952383,4.1938095238095245,2026-06-10T00:00:00+05:30,2026-06-03T00:00:00+05:30,-0.4807692307692308,17.865384615384613
GODREJPROP,2026,6,,1785.0,1887.6,1610.1,1866.6,4.571428571428567,12693737.0,21,604463.6666666666,11,9,0,277.5,0.15859948018016792,53.62857142857144,49.32380952380951,2026-06-30T00:00:00+05:30,2026-06-11T00:00:00+05:30,,
MANKIND,2026,6,,2399.8,2604.0,2275.6,2545.6,6.075506292191004,10456452.0,21,497926.28571428574,10,10,0,328.4000000000001,0.1365061519215848,66.4952380952381,66.15238095238097,2026-06-23T00:00:00+05:30,2026-06-02T00:00:00+05:30,,
UDS,2026,6,,170.99,201.29,168.42,187.94,9.912860401193045,9946012.0,21,473619.61904761905,11,9,0,32.870000000000005,0.18031896135107955,7.980476190476192,7.979047619047621,2026-06-08T00:00:00+05:30,2026-06-01T00:00:00+05:30,-6.429440067678314,10.950140115264636
CGPOWER,2026,6,,928.95,969.9,883.05,952.15,2.4974433500188313,86009836.0,21,4095706.476190476,10,10,0,86.85000000000002,0.09322456239888983,26.545238095238098,26.085714285714296,2026-06-18T00:00:00+05:30,2026-06-02T00:00:00+05:30,-6.325367244025425,3.19557114667837
TATACAP,2026,6,,305.9,379.95,296.0,365.9,19.61425302386401,115799194.0,21,5514247.333333333,12,8,0,83.94999999999999,0.2507377987640537,12.442857142857132,12.014285714285707,2026-06-19T00:00:00+05:30,2026-06-02T00:00:00+05:30,-7.634560906515578,16.147308781869686
VBL,2026,6,,529.0,555.8,502.35,507.55,-4.054820415879015,113562386.0,21,5407732.666666667,9,11,0,53.44999999999993,0.10205714545495861,13.516666666666662,13.173809523809517,2026-06-17T00:00:00+05:30,2026-06-29T00:00:00+05:30,-14.550700741962071,-3.534624896949719
SHRIRAMFIN,2026,6,,950.05,1055.4,879.1,1042.15,9.694226619651612,128925979.0,21,6139332.333333333,13,7,0,176.30000000000007,0.1827393879565647,27.695238095238096,24.364285714285717,2026-06-29T00:00:00+05:30,2026-06-11T00:00:00+05:30,1.594405594405586,18.032634032634032
SHILPAMED,2026,6,,504.5,615.0,493.4,598.4,18.612487611496526,30744738.0,21,1464035.142857143,11,9,0,121.60000000000002,0.22092258711977028,28.62380952380952,28.47142857142857,2026-06-30T00:00:00+05:30,2026-06-01T00:00:00+05:30,-3.1446540880503147,17.249475890985327
MUTHOOTFIN,2026,6,,3330.0,3334.0,2822.6,2997.3,-9.990990990990985,19846873.0,21,945089.1904761905,8,12,0,511.4000000000001,0.16478523785484897,101.68571428571428,87.18095238095239,2026-06-01T00:00:00+05:30,2026-06-11T00:00:00+05:30,-6.77341873498799,9.604483586869499
SUMICHEM,2026,6,,502.05,507.3,411.55,420.85,-16.173687879693254,7695693.0,21,366461.5714285714,7,13,0,95.75,0.20949567880975828,15.385714285714274,14.964285714285701,2026-06-01T00:00:00+05:30,2026-06-30T00:00:00+05:30,-7.25158562367865,12.991543340380549
KOTAKBANK,2026,6,,384.15,413.8,372.2,392.25,2.1085513471300334,318750136.0,21,15178577.904761905,12,8,0,41.60000000000002,0.10567635406901145,8.147619047619049,7.792857142857147,2026-06-25T00:00:00+05:30,2026-06-02T00:00:00+05:30,-8.452365351854278,2.450530729917448
EMBDL,2026,6,,61.05,67.23,55.36,62.12,1.7526617526617532,63880285.0,21,3041918.3333333335,9,11,0,11.870000000000005,0.1963436151107471,3.291428571428573,3.056666666666668,2026-06-16T00:00:00+05:30,2026-06-03T00:00:00+05:30,-8.856865284974102,10.362694300518132
BANDHANBNK,2026,6,,210.0,218.13,193.51,204.18,-2.7714285714285682,201025500.0,21,9572642.857142856,11,9,0,24.620000000000005,0.11913616944793928,7.416190476190474,7.150476190476188,2026-06-16T00:00:00+05:30,2026-06-11T00:00:00+05:30,-5.914056809905321,6.040301043942704
BHEL,2026,6,,417.0,423.7,367.6,414.1,-0.6954436450839274,279044102.0,21,13287814.38095238,11,9,0,56.099999999999966,0.14139632016706866,14.34285714285713,14.233333333333318,2026-06-19T00:00:00+05:30,2026-06-11T00:00:00+05:30,-12.327677624602334,2.5450689289501502
AXISBANK,2026,6,,1289.0,1400.1,1230.3,1345.7,4.398758727695892,155372252.0,21,7398678.666666667,11,9,0,169.79999999999995,0.12805613813313413,25.957142857142884,25.528571428571446,2026-06-25T00:00:00+05:30,2026-06-03T00:00:00+05:30,-4.127621597501116,8.500669344042835
SBIN,2026,6,,966.25,1055.4,937.2,1026.9,6.276843467011653,296646304.0,21,14126014.476190476,13,7,0,118.20000000000005,0.11712744723319322,20.00238095238096,19.49285714285715,2026-06-25T00:00:00+05:30,2026-06-03T00:00:00+05:30,-1.3346135381661153,10.014402304368694
DCAL,2026,6,,195.65,202.0,167.25,175.37,-10.365448504983389,7488205.0,21,356581.1904761905,8,12,0,34.75,0.19275571333481253,7.5985714285714305,7.381904761904764,2026-06-01T00:00:00+05:30,2026-06-17T00:00:00+05:30,-2.746693794506615,14.928789420142419
HINDALCO,2026,6,,1130.0,1161.0,948.8,956.6,-15.34513274336283,149763728.0,21,7131606.095238095,7,13,0,212.20000000000005,0.20494966172865633,28.62380952380953,25.238095238095234,2026-06-02T00:00:00+05:30,2026-06-30T00:00:00+05:30,-20.223671947809873,1.7500258879569317
DCW,2026,6,,47.01,51.94,44.71,47.44,0.9146990002127202,28407042.0,21,1352716.2857142857,10,10,0,7.229999999999997,0.15101301956415786,1.8614285714285719,1.7680952380952386,2026-06-18T00:00:00+05:30,2026-06-11T00:00:00+05:30,-6.216768916155417,8.568507157464209
TMCV,2026,6,,385.0,435.0,357.05,422.95,9.857142857142854,215288473.0,21,10251832.047619049,10,10,0,77.94999999999999,0.19903700596399712,14.430952380952377,13.257142857142856,2026-06-25T00:00:00+05:30,2026-06-11T00:00:00+05:30,-2.751860162985704,15.660800755875757
MARUTI,2026,6,,13200.0,14201.0,12700.0,14115.0,6.931818181818182,11184139.0,21,532578.0476190476,11,9,0,1501.0,0.11253802322094168,325.8095238095238,307.04761904761904,2026-06-30T00:00:00+05:30,2026-06-02T00:00:00+05:30,,
BHARATFORG,2026,6,,1970.1,2238.0,1870.5,2144.1,8.832038982792751,31419460.0,21,1496164.761904762,12,8,0,367.5,0.18265018495771884,62.399999999999984,61.01428571428568,2026-06-29T00:00:00+05:30,2026-06-02T00:00:00+05:30,,
AUBANK,2026,6,,989.4,1079.2,941.4,1037.05,4.816050131392761,45954974.0,21,2188332.095238095,11,9,0,137.80000000000007,0.13715374461762322,28.973809523809525,28.39285714285715,2026-06-25T00:00:00+05:30,2026-06-03T00:00:00+05:30,-0.624708624708629,12.223776223776225
ABCAPITAL,2026,6,,366.5,399.35,334.8,391.95,6.944065484311047,88277473.0,21,4203689.19047619,11,9,0,64.55000000000001,0.17618273979724464,11.788095238095233,11.02857142857143,2026-06-25T00:00:00+05:30,2026-06-11T00:00:00+05:30,1.9999999999999944,17.84049079754601
SWSOLAR,2026,6,,187.95,260.8,177.15,244.4,30.034583665868592,81772874.0,21,3893946.380952381,15,5,0,83.65,0.386233963259787,11.625238095238098,11.180952380952382,2026-06-23T00:00:00+05:30,2026-06-02T00:00:00+05:30,-8.55359001040583,26.264308012486993
LODHA,2026,6,,941.15,972.0,848.0,955.25,1.4981671359507012,45279658.0,21,2156174.1904761903,13,7,0,124.0,0.1365237815619495,32.26428571428572,29.821428571428562,2026-06-25T00:00:00+05:30,2026-06-11T00:00:00+05:30,11.531810321288798,22.81787567124784
HEXAGON,2026,6,,48.25,67.9,48.1,63.41,31.41968911917098,41728261.0,12,3477355.0833333335,7,4,0,19.800000000000004,0.36005455372026074,3.7450000000000006,3.159166666666667,2026-06-29T00:00:00+05:30,2026-06-12T00:00:00+05:30,1.1932479627473707,30.005820721769496
